txn_count,avg_amount,failed_rate,new_device_rate,high_risk_country_rate,chargeback_rate,fraud_rate_baseline,hour,fraud_spike
233,3975.2,0.04072,0.10032,0.05075,0.03692,0.03403,12,0
1635,1021.6,0.42137,0.52398,0.35774,0.13047,0.00573,18,1
2093,230.65,0.14864,0.7458,0.15539,0.17195,0.00351,13,1
834,478.34,0.24887,0.02098,0.03748,0.05544,0.0101,2,0
1122,5227.89,0.33522,0.24326,0.19186,0.09693,0.03597,7,1
1775,1332.22,0.25506,0.39108,0.11073,0.12625,0.01099,15,1
227,1025.05,0.04095,0.1444,0.06038,0.03368,0.033,22,0
1279,6170.51,0.06085,0.08161,0.16519,0.05007,0.00558,9,0
792,4649.02,0.31283,0.50413,0.21142,0.22595,0.00906,21,1
241,1833.31,0.09053,0.29498,0.10691,0.01346,0.01794,22,0
1442,1444.46,0.24951,0.46877,0.23209,0.12605,0.02578,18,1
2293,1630.21,0.27841,0.46338,0.28611,0.18523,0.01996,13,1
2109,2134.34,0.40085,0.46562,0.12748,0.23373,0.0099,11,1
2146,5976.42,0.15859,0.47838,0.12466,0.14003,0.00747,19,1
2112,2471.04,0.07182,0.59888,0.24145,0.09204,0.0139,13,1
1826,3102.81,0.22886,0.53248,0.27077,0.03872,0.02779,6,1
1211,4326.41,0.22007,0.73993,0.16968,0.0578,0.00418,1,1
798,748.66,0.24395,0.79836,0.19547,0.06611,0.03977,2,1
1644,3170.64,0.29848,0.63858,0.10278,0.17111,0.00924,1,1
1588,1443.2,0.34642,0.65997,0.15108,0.19628,0.02709,18,1
1055,272.73,0.39497,0.24448,0.35769,0.04007,0.02755,6,1
717,364.82,0.03426,0.07568,0.16423,0.01588,0.02508,21,0
393,838.78,0.21821,0.14954,0.18087,0.0113,0.01813,16,0
2213,2681.04,0.14816,0.57052,0.119,0.08518,0.01557,9,1
2235,1960.38,0.23913,0.45505,0.26545,0.06354,0.00374,12,1
2000,2066.92,0.25768,0.40773,0.14484,0.19735,0.01746,19,1
1170,7775.63,0.18768,0.22088,0.30919,0.10534,0.01305,14,1
1702,694.87,0.23521,0.36927,0.17922,0.14635,0.01794,1,1
1018,1763.34,0.12659,0.35631,0.04829,0.04431,0.02754,0,0
1564,2261.69,0.10767,0.37041,0.20502,0.16896,0.01524,8,1
854,1036.22,0.06687,0.21746,0.09821,0.00573,0.02212,7,0
470,1838.65,0.05213,0.11349,0.03815,0.02733,0.03814,1,0
238,542.17,0.12171,0.16255,0.09668,0.09737,0.00737,22,0
1413,5182.13,0.27654,0.29353,0.18922,0.15739,0.03433,3,1
1764,1079.58,0.18712,0.56648,0.31527,0.17119,0.01235,23,1
700,8259.27,0.12705,0.53186,0.15215,0.12149,0.01995,15,1
1772,1756.69,0.11999,0.39724,0.21408,0.11646,0.00892,22,1
2136,3891.63,0.24666,0.64801,0.30099,0.03226,0.01004,13,1
556,1729.46,0.06489,0.03881,0.03627,0.05998,0.00656,19,0
1451,1758.97,0.12304,0.59624,0.21514,0.08555,0.01576,22,1
364,1161.56,0.04465,0.18178,0.0227,0.03935,0.00737,21,0
1876,1968.22,0.10605,0.4997,0.24888,0.26282,0.02063,10,1
2046,2284.82,0.12221,0.45984,0.07062,0.12774,0.03476,17,1
1577,999.59,0.27945,0.20105,0.11205,0.1334,0.03507,14,1
196,1638.86,0.10056,0.15555,0.13545,0.0115,0.03657,15,0
1871,1139.07,0.26617,0.46145,0.14271,0.17337,0.01997,20,1
846,10099.99,0.12526,0.05446,0.02529,0.09196,0.00366,16,0
1616,1682.85,0.00331,0.05237,0.15173,0.04427,0.02137,6,0
1844,5735.71,0.19172,0.39934,0.39676,0.09887,0.01899,21,1
2041,1554.37,0.35172,0.27428,0.31388,0.04789,0.03955,19,1
1526,2186.39,0.25458,0.36345,0.36228,0.09521,0.0198,21,1
414,668.15,0.1087,0.16013,0.17091,0.0607,0.02963,16,0
1117,1287.22,0.34108,0.56476,0.24637,0.14515,0.03935,6,1
984,2107.89,0.27385,0.57362,0.17158,0.10769,0.02817,21,1
1599,5913.81,0.22551,0.39906,0.30575,0.08734,0.03478,7,1
155,2126.07,0.09792,0.08606,0.20878,0.01237,0.03877,19,0
1664,5081.35,0.24084,0.56516,0.20282,0.21138,0.03409,2,1
1164,2910.53,0.26493,0.54952,0.0697,0.13133,0.02982,14,1
1358,6100.3,0.04007,0.07483,0.0388,0.04018,0.01622,14,0
1779,1722.03,0.20158,0.26772,0.21708,0.0838,0.0266,20,1
2462,10809.81,0.14167,0.6471,0.09943,0.12276,0.03972,18,1
1719,1250.75,0.32092,0.30662,0.33887,0.23941,0.01466,10,1
1145,1013.02,0.41292,0.40633,0.15282,0.16364,0.01116,23,1
2284,726.33,0.13065,0.53111,0.20967,0.09485,0.03124,4,1
786,10340.37,0.00379,0.26901,0.07658,0.00162,0.00453,21,0
995,3328.0,0.10693,0.54312,0.28835,0.08743,0.02877,4,1
1637,1401.01,0.02841,0.03542,0.04379,0.00014,0.02537,0,0
1458,4593.09,0.33014,0.48688,0.20457,0.22741,0.02476,10,1
211,3014.87,0.18484,0.21085,0.01574,0.03295,0.01666,11,0
1173,7864.68,0.10101,0.56891,0.0753,0.14218,0.00392,11,1
1747,563.78,0.24979,0.28588,0.28012,0.18368,0.02525,12,1
405,1475.16,0.04421,0.14246,0.149,0.00907,0.01242,21,0
1428,1272.39,0.20826,0.39062,0.11202,0.08457,0.021,17,1
956,409.64,0.08573,0.65263,0.43185,0.34441,0.0269,20,1
1543,3986.97,0.29502,0.45612,0.19954,0.08004,0.01039,8,1
1561,1469.6,0.11402,0.3116,0.16848,0.10809,0.00712,11,1
1507,3134.63,0.12971,0.33753,0.24147,0.26299,0.0126,23,1
930,10565.73,0.19055,0.17774,0.17853,0.07223,0.02606,1,1
1842,1381.06,0.07329,0.18794,0.14847,0.1309,0.02965,20,1
1232,1312.48,0.0345,0.34006,0.02507,0.07725,0.0044,14,0
2131,1967.54,0.21427,0.29308,0.12535,0.05903,0.01263,20,1
1130,3774.33,0.09095,0.40641,0.20414,0.08375,0.03777,15,1
356,1176.74,0.0693,0.17693,0.0754,0.01529,0.00804,13,0
2171,1121.39,0.20471,0.63574,0.21585,0.13769,0.03654,15,1
1318,3977.6,0.30541,0.38625,0.31245,0.0776,0.00231,23,1
1540,2391.13,0.26492,0.87542,0.26279,0.174,0.02292,7,1
247,388.38,0.00576,0.13716,0.02133,0.08842,0.03439,21,0
617,718.02,0.02256,0.08792,0.02962,0.03736,0.03788,13,0
2183,5549.53,0.18923,0.17565,0.30092,0.09915,0.01889,22,1
1511,2433.26,0.0758,0.23816,0.07395,0.08366,0.03867,21,0
828,1016.27,0.14512,0.1584,0.03748,0.08662,0.03906,4,0
2118,1584.04,0.1083,0.13028,0.09892,0.2411,0.01082,12,1
1780,1817.96,0.28064,0.45795,0.13609,0.17069,0.00392,4,1
746,3125.48,0.03279,0.14023,0.048,0.00039,0.02874,15,0
2475,649.92,0.25442,0.31473,0.2238,0.04965,0.01799,19,1
1211,957.98,0.16489,0.24608,0.21553,0.07519,0.02753,1,1
1232,2208.92,0.42426,0.34849,0.26799,0.07339,0.00297,2,1
1253,1670.15,0.10221,0.1693,0.07865,0.01607,0.00628,11,0
1402,2764.01,0.26869,0.48051,0.26834,0.20148,0.02345,13,1
320,715.81,0.02576,0.25737,0.01725,0.02762,0.01266,12,0
1859,2352.86,0.18616,0.34007,0.29067,0.10384,0.01797,13,1
423,4081.54,0.06263,0.214,0.10108,0.04513,0.01918,4,0
1464,2593.22,0.03489,0.13015,0.01936,0.0118,0.02608,17,0
92,1997.95,0.0918,0.09315,0.04883,0.04033,0.02048,22,0
1923,1675.1,0.21156,0.33961,0.11293,0.12089,0.03239,5,1
2213,962.37,0.20753,0.45554,0.08608,0.19963,0.00502,4,1
2005,1705.38,0.20848,0.40421,0.18722,0.13861,0.00549,1,1
1359,4630.04,0.38284,0.21776,0.07637,0.10902,0.02273,17,1
1686,1646.28,0.16795,0.85262,0.2499,0.12676,0.0341,10,1
1930,923.52,0.24401,0.54206,0.44392,0.2018,0.03372,16,1
556,1244.34,0.10931,0.46844,0.01624,0.00861,0.0117,15,0
1422,2092.64,0.15048,0.14196,0.01518,0.02536,0.03116,15,0
1681,1360.23,0.16424,0.24743,0.05546,0.11368,0.0152,17,1
869,2590.28,0.14466,0.01478,0.14055,0.00401,0.02336,2,0
949,2664.24,0.02505,0.37494,0.02473,0.04248,0.00533,20,0
1309,3506.17,0.1888,0.37838,0.11038,0.22546,0.01536,12,1
144,5235.47,0.00885,0.10875,0.13833,0.01392,0.03706,21,0
320,3798.78,0.15023,0.12547,0.07819,0.08035,0.02603,16,0
502,893.25,0.02497,0.31581,0.06676,0.05868,0.01462,22,0
406,914.06,0.3257,0.35177,0.29892,0.14718,0.01594,23,1
836,1700.56,0.04395,0.11139,0.08317,0.06006,0.00371,0,0
1229,1283.26,0.26052,0.08585,0.01679,0.03126,0.01103,14,0
1205,766.47,0.01975,0.03007,0.09893,0.08225,0.02765,5,0
1281,1292.42,0.15468,0.61404,0.29173,0.09682,0.00866,5,1
1936,1261.0,0.17471,0.2586,0.1975,0.09072,0.00566,18,1
1052,1087.52,0.0172,0.01269,0.13954,0.05922,0.02304,21,0
216,1420.41,0.12791,0.26058,0.0394,0.00729,0.02051,13,0
1395,4356.31,0.02983,0.16468,0.00809,0.00374,0.00372,15,0
1310,2090.11,0.31469,0.6133,0.23408,0.10275,0.03857,3,1
1653,11491.91,0.1218,0.52961,0.12725,0.12815,0.03111,23,1
1052,2045.55,0.06044,0.08706,0.04612,0.02407,0.02651,14,0
1430,1448.08,0.5324,0.573,0.17519,0.25131,0.02097,14,1
235,1805.59,0.01058,0.10459,0.01955,0.00749,0.02585,15,0
1041,2181.81,0.17636,0.28676,0.07687,0.00906,0.01864,23,0
1447,2494.85,0.04087,0.23896,0.09226,0.012,0.011,15,0
602,8544.78,0.0375,0.08236,0.13675,0.04224,0.02874,7,0
1116,954.85,0.14118,0.34991,0.15558,0.09764,0.03906,22,0
133,3428.32,0.01858,0.1785,0.13112,0.03476,0.02002,13,0
677,2103.49,0.06735,0.06931,0.07118,0.07204,0.03831,11,0
831,554.03,0.0267,0.10572,0.07995,0.07138,0.01563,7,0
1895,3208.52,0.28512,0.35761,0.14914,0.38412,0.01274,3,1
1289,4657.62,0.20902,0.56886,0.36779,0.14853,0.03677,2,1
555,946.39,0.02361,0.10057,0.03884,0.00228,0.0259,8,0
1244,1787.98,0.14919,0.2421,0.14647,0.24117,0.01934,21,1
1787,493.5,0.04313,0.09946,0.12618,0.01019,0.00343,12,0
2168,700.25,0.35473,0.55422,0.19084,0.13009,0.02291,21,1
139,3950.37,0.02117,0.08159,0.0685,0.02623,0.01558,4,0
482,1268.68,0.00219,0.18992,0.02781,0.025,0.03188,1,0
2178,783.63,0.172,0.71376,0.33298,0.0745,0.01555,7,1
180,2138.02,0.04508,0.255,0.05187,0.02226,0.03743,16,0
1981,1216.5,0.27927,0.25939,0.25777,0.22572,0.03586,18,1
663,1264.49,0.21044,0.23104,0.25722,0.15335,0.0282,12,1
2421,3133.91,0.10008,0.25904,0.24456,0.19,0.02257,9,1
899,753.13,0.23412,0.49313,0.20265,0.11106,0.02684,5,1
827,912.8,0.061,0.33054,0.02878,0.00404,0.02578,6,0
1586,2020.5,0.13884,0.68765,0.16161,0.19341,0.03604,17,1
940,3724.17,0.17062,0.30178,0.32047,0.20144,0.01083,16,1
1038,4555.83,0.03816,0.0796,0.06014,0.04471,0.00986,12,0
948,1093.07,0.15709,0.19918,0.03216,0.03276,0.02766,19,0
1530,3635.76,0.12336,0.20606,0.23036,0.05735,0.03979,0,1
1793,999.68,0.08034,0.30598,0.05611,0.0135,0.00849,19,0
1441,7081.2,0.21786,0.68359,0.27323,0.06927,0.03412,11,1
889,769.09,0.28522,0.32137,0.12915,0.11858,0.03615,4,1
1045,4875.13,0.20976,0.45072,0.16441,0.08055,0.02578,9,1
798,1100.12,0.11892,0.17565,0.01908,0.0669,0.02678,5,0
2072,8147.58,0.20608,0.37739,0.38329,0.12532,0.02863,17,1
632,2804.65,0.05246,0.26337,0.06058,0.0012,0.02899,1,0
767,840.11,0.32544,0.31724,0.2981,0.13341,0.00444,7,1
654,1216.66,0.08174,0.29239,0.10273,0.08104,0.03856,22,0
119,3233.85,0.07747,0.38992,0.0636,0.11707,0.02293,17,0
262,3964.06,0.14062,0.13731,0.04668,0.08109,0.01376,15,0
914,1707.02,0.24639,0.50969,0.25356,0.27398,0.01841,2,1
1407,1861.31,0.07264,0.17091,0.10969,0.00964,0.0156,17,0
1620,3178.95,0.1893,0.64933,0.23095,0.11605,0.0181,23,1
1278,1987.02,0.05919,0.22837,0.02788,0.02648,0.0332,16,0
874,682.26,0.14494,0.03432,0.15816,0.02836,0.02198,4,0
1627,978.3,0.312,0.75673,0.28234,0.20737,0.00698,0,1
357,2147.12,0.205,0.12594,0.08436,0.06197,0.01942,18,0
1863,4478.99,0.38415,0.19696,0.22034,0.11352,0.00754,20,1
941,6048.28,0.10506,0.21482,0.10809,0.01193,0.00359,9,0
1941,3229.84,0.274,0.44648,0.18229,0.20698,0.01568,1,1
341,2232.8,0.07269,0.07471,0.06112,0.01957,0.03859,10,0
1321,3156.29,0.43092,0.40434,0.22703,0.09776,0.00996,21,1
1277,1091.69,0.03447,0.30587,0.01667,0.01396,0.02158,23,0
1545,1604.58,0.34843,0.58695,0.23505,0.20401,0.00986,2,1
1625,970.14,0.31574,0.14588,0.23466,0.16333,0.00956,13,1
365,705.56,0.13622,0.04472,0.0559,0.03338,0.00848,7,0
735,2311.62,0.08047,0.30923,0.03913,0.05254,0.03269,18,0
983,2068.7,0.34649,0.30799,0.10639,0.21437,0.02645,2,1
598,3014.78,0.06587,0.0796,0.06179,0.029,0.01743,19,0
1864,2711.14,0.27555,0.40635,0.1975,0.21056,0.00331,4,1
1815,2159.27,0.33046,0.47204,0.11478,0.19551,0.00935,18,1
1124,2732.59,0.14109,0.12244,0.05904,0.02889,0.00759,17,0
702,1743.29,0.09368,0.14174,0.0057,0.06012,0.03955,2,0
2100,2453.35,0.3467,0.49911,0.17401,0.21296,0.02151,21,1
230,1044.12,0.10712,0.10853,0.20545,0.01668,0.00332,13,0
904,2375.16,0.17086,0.30695,0.31225,0.19376,0.03559,5,1
716,2971.6,0.05553,0.64999,0.24839,0.08863,0.02625,21,1
1457,1089.29,0.23607,0.66698,0.39286,0.17582,0.03646,16,1
1983,1871.35,0.24988,0.57794,0.2706,0.20677,0.00723,15,1
709,1127.59,0.02742,0.2116,0.02443,0.01464,0.01139,14,0
1642,1212.77,0.17901,0.22076,0.07959,0.09952,0.03613,6,0
1367,774.21,0.282,0.39332,0.26923,0.0939,0.01781,21,1
1918,4651.17,0.33523,0.47425,0.19646,0.19129,0.02531,10,1
1747,4003.03,0.40436,0.18877,0.3135,0.1523,0.00518,18,1
537,2693.56,0.00346,0.32033,0.06655,0.01143,0.03834,7,0
2165,7900.56,0.27959,0.20626,0.28387,0.20555,0.03616,20,1
2628,1561.82,0.36606,0.35065,0.12154,0.19241,0.02515,8,1
1427,17489.64,0.28923,0.65494,0.19898,0.05788,0.02631,18,1
2318,1517.61,0.26718,0.4659,0.25106,0.15352,0.01919,10,1
529,2179.69,0.09694,0.19641,0.06776,0.08144,0.01618,18,0
1313,1335.7,0.00621,0.19166,0.02204,0.00349,0.01352,5,0
1437,2379.83,0.10214,0.18481,0.19507,0.00896,0.01121,17,0
852,3368.6,0.02424,0.11874,0.07419,0.0082,0.01416,15,0
1347,1652.6,0.00891,0.10633,0.0443,0.04999,0.01788,5,0
727,6823.19,0.18699,0.56718,0.31186,0.09929,0.03346,8,1
216,2153.62,0.07206,0.05723,0.11729,0.05429,0.00395,13,0
245,2204.83,0.09477,0.11234,0.00428,0.0045,0.02147,0,0
1087,910.32,0.06611,0.28645,0.13603,0.19108,0.01201,1,1
2409,2463.69,0.28035,0.30356,0.20268,0.15181,0.0237,4,1
755,1627.86,0.27733,0.46513,0.2096,0.12934,0.02527,15,1
863,1140.66,0.01405,0.19191,0.06357,0.12837,0.01974,23,0
1290,1005.45,0.12091,0.08187,0.01135,0.00297,0.00678,20,0
1232,13351.24,0.28933,0.42455,0.23425,0.22704,0.01698,19,1
1523,1477.24,0.25665,0.34098,0.32066,0.16146,0.00833,5,1
606,603.53,0.04647,0.03371,0.03113,0.04653,0.03114,11,0
1470,1066.22,0.04622,0.22116,0.01615,0.04052,0.02842,1,0
1076,1731.71,0.14312,0.29954,0.00534,0.01361,0.03037,20,0
1602,2712.27,0.1815,0.53015,0.24584,0.15285,0.01161,7,1
819,2728.86,0.29982,0.53063,0.115,0.09423,0.03296,7,1
876,2989.92,0.09979,0.18725,0.0872,0.00415,0.01114,3,0
1553,1109.76,0.01072,0.0516,0.02237,0.00276,0.03267,8,0
113,2323.6,0.19412,0.1212,0.14148,0.04641,0.01081,23,0
1836,933.09,0.25298,0.33134,0.20059,0.17406,0.01209,12,1
1268,1130.95,0.33931,0.38678,0.3344,0.10006,0.02368,5,1
1488,904.39,0.28101,0.29099,0.20807,0.1409,0.01686,5,1
1220,738.23,0.25581,0.18848,0.05302,0.01184,0.03243,11,0
823,3998.6,0.03907,0.27266,0.06545,0.01197,0.01484,19,0
1026,3016.95,0.15689,0.82194,0.30372,0.15039,0.03283,15,1
1401,3744.49,0.21203,0.26823,0.22373,0.20963,0.03628,11,1
321,1853.86,0.04664,0.31226,0.04326,0.06147,0.02494,19,0
1934,3223.26,0.32665,0.36115,0.16692,0.07068,0.02329,2,1
242,480.38,0.02776,0.24917,0.00878,0.03721,0.0331,19,0
1197,3438.73,0.02059,0.12212,0.02601,0.01389,0.02394,5,0
1970,2055.72,0.22606,0.4892,0.24035,0.11071,0.02481,3,1
225,2880.95,0.05332,0.26243,0.13747,0.08123,0.02593,13,0
2179,2393.61,0.17399,0.45086,0.16049,0.12447,0.01139,5,1
795,858.55,0.15933,0.05049,0.03087,0.02912,0.00688,14,0
1433,585.23,0.16148,0.25702,0.0781,0.0335,0.00894,20,0
151,1055.22,0.17584,0.1986,0.03275,0.01961,0.02445,18,0
856,2749.65,0.41771,0.39121,0.33911,0.12829,0.01081,19,1
929,3020.3,0.14548,0.22507,0.11494,0.00991,0.03993,9,0
403,645.22,0.06208,0.06833,0.00149,0.05284,0.00754,5,0
647,862.4,0.05873,0.15717,0.09011,0.07896,0.03241,16,0
1216,1046.4,0.03835,0.23033,0.08613,0.06354,0.02955,6,0
328,1376.86,0.06431,0.3586,0.03594,0.0381,0.03818,5,0
1483,648.07,0.21492,0.38862,0.43395,0.09695,0.0117,6,1
257,619.56,0.02031,0.13922,0.0625,0.02065,0.03297,14,0
942,971.82,0.21928,0.3869,0.27667,0.14882,0.02194,17,1
1090,1920.29,0.11575,0.32672,0.15769,0.06372,0.01401,9,0
1444,742.55,0.05036,0.13694,0.03074,0.05085,0.02195,16,0
373,1650.26,0.05205,0.26622,0.09408,0.05592,0.02333,18,0
595,3981.67,0.10945,0.14249,0.03034,0.10327,0.00678,14,0
1671,678.04,0.00901,0.03988,0.1449,0.02328,0.02843,21,0
2111,1541.8,0.34114,0.40672,0.30054,0.19518,0.00917,13,1
1396,3882.01,0.24957,0.39436,0.12093,0.20442,0.02049,17,1
848,1315.33,0.02887,0.13625,0.01992,0.00979,0.02238,7,0
676,1170.62,0.01984,0.38359,0.0613,0.01134,0.00407,15,0
2023,4307.72,0.14608,0.39032,0.34381,0.0957,0.01665,1,1
1096,1430.66,0.06612,0.22239,0.10763,0.11166,0.02616,3,0
586,4121.26,0.08314,0.0546,0.00501,0.03269,0.00546,23,0
119,2483.11,0.04391,0.0984,0.0975,0.02485,0.00843,15,0
340,1391.88,0.01791,0.10907,0.06985,0.05511,0.0385,22,0
2221,2579.39,0.19488,0.49617,0.07838,0.0817,0.02555,12,1
973,2289.02,0.26113,0.33336,0.31763,0.12843,0.03382,10,1
909,3870.75,0.09001,0.12102,0.07775,0.02677,0.0195,0,0
1757,1193.07,0.28501,0.14563,0.27581,0.12416,0.00723,3,1
1645,1856.5,0.12377,0.32347,0.2978,0.11013,0.02484,2,1
191,1718.84,0.00273,0.11042,0.02953,0.02683,0.00476,0,0
222,3052.31,0.15868,0.2748,0.1023,0.02582,0.00724,8,0
922,834.35,0.40043,0.60796,0.16773,0.09805,0.01336,5,1
917,3859.43,0.01367,0.16969,0.04574,0.04596,0.02334,11,0
1719,2553.67,0.39408,0.56528,0.13755,0.27111,0.00333,22,1
1184,670.38,0.21551,0.40138,0.31735,0.21541,0.01666,22,1
1645,4454.81,0.16643,0.7045,0.24268,0.27091,0.02435,11,1
1862,9615.31,0.20131,0.70453,0.13986,0.16249,0.02096,4,1
528,3815.85,0.19407,0.23942,0.22361,0.12947,0.02286,8,1
1803,5248.94,0.14198,0.33398,0.1522,0.23433,0.03758,1,1
1012,1919.02,0.03726,0.08403,0.08691,0.01754,0.03937,20,0
894,517.71,0.00654,0.0669,0.06216,0.03927,0.03394,17,0
1901,451.44,0.29334,0.44544,0.25636,0.14194,0.02487,3,1
964,2179.51,0.22618,0.27954,0.24428,0.07343,0.0146,17,1
1980,1154.66,0.22396,0.37163,0.19057,0.10843,0.02416,18,1
799,906.52,0.21787,0.50959,0.44231,0.13006,0.02957,18,1
1017,1717.25,0.01177,0.0631,0.04176,0.04657,0.01703,19,0
1112,2856.15,0.33896,0.6068,0.13204,0.10907,0.02157,18,1
1680,605.45,0.11647,0.2597,0.13481,0.07798,0.02095,19,1
834,1285.48,0.06412,0.03508,0.01918,0.01839,0.03135,14,0
569,5585.59,0.15254,0.20495,0.00348,0.00982,0.00623,23,0
117,803.58,0.0213,0.09463,0.00855,0.05635,0.03387,12,0
1166,3455.99,0.28435,0.74425,0.34851,0.22352,0.01719,8,1
1817,1251.37,0.31623,0.41191,0.20343,0.15947,0.02425,2,1
97,2710.5,0.07441,0.49047,0.01781,0.01288,0.00288,8,0
1621,4099.16,0.05579,0.29371,0.02456,0.01258,0.01865,20,0
1751,3138.51,0.24271,0.46808,0.1273,0.19987,0.02267,18,1
321,3559.63,0.0528,0.07477,0.05122,0.04679,0.02962,17,0
599,758.88,0.05839,0.22352,0.10419,0.01536,0.02015,12,0
1032,4149.68,0.0678,0.1393,0.0394,0.02442,0.02349,19,0
622,949.58,0.06067,0.14458,0.06298,0.13338,0.02714,10,0
266,2186.81,0.06179,0.24743,0.12032,0.02463,0.02411,23,0
1953,2184.68,0.08276,0.73964,0.23009,0.09763,0.03075,16,1
1838,2589.92,0.25748,0.47223,0.42911,0.12165,0.03119,23,1
284,2317.54,0.05073,0.1803,0.05001,0.0109,0.02013,9,0
866,955.93,0.38592,0.36173,0.0598,0.25319,0.0318,6,1
499,654.02,0.02057,0.161,0.00498,0.04097,0.01633,4,0
1910,3462.7,0.22279,0.63551,0.27444,0.21311,0.03623,20,1
1336,2069.2,0.11055,0.13924,0.01482,0.03507,0.01233,20,0
1330,4262.34,0.00502,0.167,0.04594,0.02353,0.00783,17,0
1694,1740.61,0.07382,0.15268,0.02547,0.01256,0.01893,23,0
1683,627.45,0.19044,0.25814,0.318,0.15579,0.00491,21,1
1403,3715.02,0.24682,0.23012,0.56655,0.18128,0.03225,9,1
265,1363.44,0.18647,0.13108,0.03204,0.02049,0.02767,23,0
1547,2326.32,0.35548,0.4068,0.25426,0.06462,0.0382,16,1
1946,1107.6,0.10778,0.4457,0.18627,0.16391,0.01588,8,1
2405,6178.11,0.17115,0.3461,0.32566,0.13398,0.01217,23,1
475,932.73,0.03996,0.20267,0.19881,0.02959,0.00828,11,0
1287,1397.54,0.11253,0.33446,0.37546,0.03591,0.01614,5,1
144,1951.06,0.02845,0.17735,0.09523,0.04391,0.00315,3,0
322,793.46,0.01297,0.18371,0.10962,0.01108,0.03853,8,0
1553,2306.37,0.28983,0.48326,0.26348,0.14886,0.02273,0,1
1265,6029.83,0.21131,0.54528,0.42454,0.12749,0.01334,4,1
1284,1246.0,0.32621,0.83907,0.2216,0.18605,0.02153,20,1
613,2420.91,0.06317,0.09285,0.21492,0.07956,0.02668,9,0
1507,228.94,0.0289,0.2768,0.07656,0.02187,0.02984,21,0
871,1748.21,0.19377,0.30568,0.10163,0.00132,0.01504,9,0
2294,1423.34,0.23207,0.59217,0.24835,0.15272,0.03142,2,1
2430,974.25,0.20544,0.36097,0.28845,0.04033,0.03792,2,1
1270,4050.64,0.23848,0.28934,0.32403,0.12569,0.03984,3,1
428,1409.32,0.01508,0.11839,0.10704,0.00487,0.02724,20,0
2296,1575.67,0.13293,0.18817,0.1637,0.19907,0.00933,3,1
1525,1356.48,0.19212,0.53785,0.26894,0.20345,0.01316,9,1
580,427.49,0.01717,0.29258,0.04529,0.02366,0.0299,7,0
1338,770.12,0.27021,0.48161,0.23342,0.10932,0.00502,17,1
965,3701.01,0.10746,0.05658,0.16332,0.11336,0.03429,22,0
2173,369.84,0.27692,0.59536,0.07426,0.07748,0.02415,5,1
520,1013.14,0.14584,0.20839,0.02012,0.07534,0.03239,10,0
2557,1333.75,0.28152,0.25468,0.20342,0.25826,0.02702,14,1
1958,6655.9,0.10452,0.65432,0.08449,0.10329,0.00217,15,1
390,3203.49,0.07911,0.54613,0.16289,0.00897,0.02234,18,0
718,1185.2,0.32822,0.51248,0.10691,0.29969,0.00954,6,1
997,4788.28,0.00811,0.05481,0.08958,0.08768,0.00638,19,0
157,1032.93,0.24432,0.19632,0.07953,0.0104,0.02367,1,0
593,3836.7,0.04037,0.30862,0.06684,0.0324,0.02339,8,0
828,649.62,0.05161,0.23954,0.00447,0.00719,0.01483,10,0
2523,4025.83,0.27542,0.54924,0.21528,0.0612,0.01478,19,1
1945,1327.35,0.35543,0.34229,0.19001,0.18925,0.00566,11,1
1064,832.28,0.26271,0.44039,0.2871,0.0511,0.03817,5,1
1730,1529.48,0.34336,0.40883,0.21091,0.13112,0.03406,10,1
236,2216.2,0.00773,0.08929,0.04486,0.00514,0.01353,0,0
1711,1242.0,0.32212,0.35277,0.30172,0.17087,0.03412,5,1
1815,2727.14,0.2937,0.10156,0.04854,0.17908,0.02803,12,1
1980,1162.46,0.27545,0.6067,0.15365,0.09458,0.00833,9,1
464,2866.43,0.06228,0.14944,0.17334,0.01801,0.01034,10,0
2389,2507.92,0.29298,0.37828,0.20248,0.12625,0.01658,0,1
991,1719.6,0.07869,0.55295,0.27085,0.11921,0.02677,14,1
1249,1292.72,0.22254,0.31228,0.09724,0.18004,0.02188,19,1
887,2016.66,0.15373,0.07653,0.11656,0.0177,0.03227,16,0
623,2719.58,0.0248,0.14378,0.07788,0.01531,0.00377,12,0
341,8449.74,0.30174,0.22923,0.17973,0.06804,0.00734,3,1
1843,3641.34,0.4348,0.43183,0.24981,0.17168,0.02648,20,1
1441,3742.59,0.21493,0.31546,0.24819,0.1154,0.02909,7,1
1402,18250.1,0.31,0.57891,0.34429,0.1926,0.00989,20,1
785,2650.52,0.03295,0.44418,0.05135,0.03552,0.03568,4,0
892,2588.99,0.27177,0.57357,0.33542,0.22583,0.02886,16,1
1716,3052.0,0.25059,0.48732,0.397,0.23302,0.00854,19,1
242,844.56,0.11562,0.04681,0.12795,0.01151,0.02898,10,0
1346,1290.28,0.08279,0.02151,0.01903,0.01228,0.01071,22,0
2035,1231.41,0.48729,0.45668,0.11773,0.0768,0.00825,4,1
733,2925.59,0.06143,0.20008,0.00205,0.02036,0.03754,2,0
909,1579.57,0.35194,0.52046,0.19982,0.06446,0.00484,10,1
89,1996.62,0.03916,0.07552,0.06556,0.01804,0.01261,16,0
1691,4068.92,0.08377,0.13847,0.03966,0.03528,0.0149,13,0
2356,3438.89,0.20646,0.36421,0.30052,0.05629,0.02592,16,1
494,1594.4,0.13759,0.0612,0.11779,0.0064,0.03702,10,0
403,1089.03,0.33674,0.21931,0.37371,0.21023,0.01719,21,1
405,4217.5,0.35045,0.36155,0.1934,0.12309,0.02827,18,1
196,3216.21,0.03166,0.13483,0.23699,0.0366,0.01657,11,0
2264,539.61,0.16686,0.60493,0.13623,0.17211,0.03404,21,1
2186,1423.22,0.23415,0.43886,0.15773,0.22111,0.03377,3,1
343,2037.91,0.00912,0.285,0.02154,0.03578,0.02788,21,0
1364,3228.15,0.01742,0.22444,0.0466,0.01289,0.01406,18,0
1052,3562.14,0.27108,0.41149,0.32237,0.05747,0.00808,10,1
1432,2227.14,0.12373,0.39098,0.21138,0.22759,0.0167,15,1
1110,2791.9,0.11328,0.0802,0.03643,0.03231,0.02218,21,0
1318,1888.7,0.06185,0.03515,0.14396,0.00153,0.01524,6,0
2097,1085.89,0.18176,0.51322,0.08182,0.19207,0.01268,11,1
919,1479.7,0.29027,0.30769,0.11142,0.32823,0.01207,17,1
417,1825.82,0.04597,0.39966,0.08092,0.02904,0.02755,8,0
562,1753.79,0.02903,0.04635,0.03648,0.01869,0.03384,17,0
613,437.62,0.01339,0.15568,0.31568,0.01224,0.02139,20,0
1940,1335.99,0.19587,0.46134,0.1566,0.14436,0.02922,6,1
1923,1877.5,0.22187,0.36504,0.18991,0.14017,0.00997,16,1
1455,1457.55,0.17217,0.38883,0.40947,0.03418,0.006,10,1
2165,1495.81,0.24119,0.5082,0.28894,0.12976,0.01337,10,1
1543,2595.5,0.36639,0.40705,0.33901,0.21122,0.00808,1,1
941,801.37,0.00794,0.08642,0.09316,0.02102,0.00595,7,0
1644,530.87,0.18184,0.50785,0.33904,0.15487,0.02379,14,1
327,1386.33,0.02987,0.48548,0.07351,0.07945,0.00903,2,0
1687,3192.72,0.03188,0.16107,0.08754,0.03546,0.02562,0,0
103,6381.81,0.00442,0.17486,0.19394,0.02806,0.02541,6,0
379,3236.15,0.03328,0.33165,0.06378,0.04338,0.00204,23,0
959,598.45,0.18017,0.45397,0.31518,0.13426,0.03657,1,1
1406,1512.12,0.15677,0.43534,0.31648,0.08767,0.00574,17,1
574,2182.04,0.2052,0.41563,0.21159,0.14142,0.0038,9,1
110,2056.45,0.04117,0.66682,0.0361,0.03978,0.03585,7,0
1454,2697.34,0.25675,0.31775,0.25051,0.12153,0.01041,8,1
1941,904.84,0.40427,0.65737,0.26337,0.17749,0.02149,9,1
930,1889.84,0.40314,0.25689,0.22468,0.2176,0.02361,10,1
590,2467.06,0.19859,0.37248,0.08207,0.00678,0.00534,11,0
950,3343.57,0.07627,0.36208,0.02765,0.03936,0.00811,14,0
2335,983.63,0.16045,0.58632,0.22522,0.15761,0.01616,18,1
1436,1389.47,0.10283,0.41804,0.50018,0.14808,0.01944,16,1
1690,236.91,0.28799,0.33125,0.30127,0.1352,0.02595,11,1
1817,1129.4,0.29756,0.78293,0.25638,0.05933,0.03194,11,1
797,1214.67,0.14374,0.21976,0.05541,0.01724,0.02163,6,0
423,837.86,0.04094,0.05776,0.07341,0.01856,0.0083,19,0
1689,2038.05,0.2261,0.59378,0.20949,0.21114,0.02695,16,1
1628,1726.04,0.17161,0.30382,0.33207,0.06176,0.02206,6,1
123,330.67,0.04936,0.21975,0.05152,0.00532,0.02241,12,0
2169,2115.77,0.39234,0.204,0.14577,0.15137,0.03082,0,1
225,897.22,0.01669,0.23602,0.03999,0.03445,0.03626,6,0
1351,2591.02,0.06272,0.18906,0.0334,0.01502,0.01543,6,0
1781,688.25,0.24969,0.3056,0.25189,0.19535,0.02733,10,1
305,1840.97,0.0836,0.07357,0.03335,0.01274,0.03163,1,0
1249,1455.59,0.06008,0.56008,0.50836,0.07258,0.01133,15,1
894,2259.43,0.21212,0.42645,0.09523,0.09968,0.02389,17,1
1912,1976.46,0.13224,0.38149,0.13397,0.26459,0.03767,13,1
2416,1486.48,0.36035,0.42086,0.37008,0.21686,0.03066,10,1
888,568.69,0.41359,0.38824,0.34628,0.11844,0.00315,1,1
763,594.45,0.10809,0.17362,0.01654,0.01162,0.018,11,0
2535,1161.68,0.21371,0.28549,0.22365,0.12611,0.01491,19,1
1390,1788.86,0.2804,0.52238,0.1038,0.0497,0.03561,0,1
493,1140.65,0.25146,0.4108,0.31041,0.1738,0.01859,3,1
920,2876.85,0.02897,0.31697,0.0084,0.0341,0.00603,5,0
1168,1459.9,0.14457,0.42511,0.09201,0.20317,0.02717,15,1
1858,872.87,0.48927,0.64626,0.21115,0.14607,0.03844,6,1
619,1461.14,0.01587,0.16626,0.10149,0.0702,0.02404,20,0
2314,2132.26,0.26412,0.26515,0.12518,0.17325,0.00707,12,1
976,2296.65,0.10642,0.4597,0.14249,0.04158,0.03477,7,0
980,7363.76,0.24974,0.42044,0.14319,0.21993,0.01219,9,1
2259,1089.92,0.13786,0.52746,0.27348,0.11607,0.00978,9,1
2011,1703.49,0.26385,0.38089,0.22188,0.11396,0.03419,10,1
1132,2477.82,0.23004,0.22296,0.21056,0.15206,0.0303,5,1
122,1768.66,0.03552,0.04619,0.12733,0.00552,0.03499,5,0
1106,1236.55,0.08233,0.43681,0.11873,0.02561,0.02749,7,0
1375,563.18,0.19344,0.72344,0.23977,0.09843,0.02906,7,1
334,1227.11,0.01499,0.06114,0.06692,0.00674,0.01593,21,0
1274,804.54,0.29455,0.59495,0.21721,0.12541,0.00802,8,1
1526,493.04,0.00029,0.27188,0.15259,0.03956,0.00565,14,0
262,991.07,0.12345,0.07321,0.02312,0.0193,0.01067,10,0
1587,820.75,0.27654,0.46702,0.14961,0.16884,0.00601,13,1
321,2788.84,0.01966,0.14469,0.01299,0.02268,0.0332,21,0
1779,2825.27,0.22898,0.34272,0.52408,0.27051,0.0225,10,1
800,913.82,0.01755,0.11905,0.00301,0.02125,0.01988,21,0
91,1480.85,0.0954,0.08669,0.02213,0.05685,0.01638,9,0
2039,446.69,0.52041,0.31203,0.21613,0.11518,0.0303,23,1
365,1242.38,0.02422,0.25854,0.13906,0.04221,0.00413,7,0
1861,2427.89,0.35068,0.35156,0.27205,0.1942,0.00619,21,1
392,3341.73,0.05007,0.53582,0.03047,0.01473,0.03784,22,0
2204,1054.43,0.10621,0.42923,0.13309,0.13024,0.00676,13,1
2237,3961.72,0.25435,0.70762,0.3481,0.11312,0.00985,7,1
1463,577.54,0.11039,0.07916,0.19573,0.01463,0.00715,10,0
823,706.15,0.03204,0.08904,0.05581,0.06078,0.00691,16,0
883,3064.96,0.05151,0.1599,0.18819,0.01915,0.02927,5,0
1877,6303.64,0.28372,0.45769,0.12806,0.14468,0.03243,11,1
2189,2606.12,0.20674,0.47205,0.30288,0.16556,0.02502,17,1
1732,1746.35,0.22674,0.68091,0.32754,0.1759,0.01747,15,1
110,346.94,0.09404,0.02568,0.17011,0.03457,0.01102,16,0
1776,394.93,0.39433,0.34507,0.24803,0.1582,0.00655,0,1
267,1983.46,0.00705,0.70047,0.12601,0.01926,0.02592,9,0
575,1376.08,0.15023,0.05002,0.04989,0.00162,0.02883,12,0
1893,785.38,0.3421,0.53311,0.09401,0.19743,0.03624,23,1
1407,1890.68,0.38223,0.25197,0.42852,0.03586,0.02255,1,1
1732,1962.34,0.29591,0.25853,0.31886,0.06559,0.01339,0,1
1571,3655.01,0.26181,0.29286,0.16081,0.21273,0.01103,22,1
801,1994.19,0.37108,0.57612,0.28439,0.16041,0.02682,16,1
879,4522.58,0.15679,0.3516,0.26493,0.17874,0.00258,8,1
992,1810.82,0.14253,0.06062,0.05605,0.00742,0.02656,5,0
1396,1650.84,0.02936,0.0937,0.01821,0.09622,0.03797,14,0
2007,3998.91,0.24486,0.22478,0.33929,0.19214,0.0379,20,1
2562,864.12,0.11905,0.25722,0.25554,0.13066,0.02346,13,1
2333,14859.25,0.21205,0.41395,0.28747,0.29952,0.01969,15,1
2222,2385.07,0.13124,0.48518,0.19147,0.14849,0.01215,5,1
1117,2395.06,0.04637,0.28627,0.06474,0.02084,0.0136,17,0
578,2668.75,0.1844,0.11013,0.12793,0.06243,0.01427,5,0
789,7356.9,0.0074,0.18091,0.17932,0.02604,0.02618,6,0
284,3261.43,0.16436,0.15052,0.0704,0.06376,0.00798,14,0
723,540.1,0.0766,0.1438,0.01533,0.03204,0.00616,13,0
1884,5157.18,0.21467,0.26596,0.10138,0.14112,0.03686,21,1
1639,1393.91,0.11791,0.4399,0.24797,0.12919,0.01147,15,1
1139,1950.63,0.29075,0.29974,0.16463,0.19875,0.02299,12,1
1201,689.59,0.08066,0.16162,0.04593,0.1197,0.00582,17,0
2409,2670.96,0.2647,0.70343,0.19971,0.09308,0.01181,22,1
2051,1104.35,0.17288,0.48237,0.1886,0.19791,0.02038,16,1
551,1940.44,0.00073,0.33466,0.07199,0.08885,0.01539,20,0
1624,1454.57,0.24947,0.61564,0.18776,0.14143,0.00939,6,1
1846,7625.87,0.23052,0.39961,0.33692,0.1631,0.01999,7,1
506,7960.42,0.01585,0.07463,0.21969,0.0156,0.00836,16,0
1439,1863.9,0.20591,0.38481,0.32773,0.07483,0.00867,1,1
487,1888.48,0.21014,0.15167,0.05792,0.07748,0.02114,21,0
1790,1360.3,0.07015,0.15417,0.07287,0.00272,0.0147,7,0
1363,4125.93,0.14374,0.16336,0.08678,0.02523,0.02528,23,0
1699,1406.49,0.27624,0.42277,0.22708,0.20822,0.0142,7,1
1484,1312.3,0.04263,0.10002,0.01115,0.02035,0.0158,8,0
1895,3749.91,0.34226,0.18697,0.13604,0.24989,0.01394,5,1
261,1202.09,0.06499,0.17384,0.19636,0.04382,0.02571,9,0
1596,1749.75,0.16864,0.01276,0.01935,0.00881,0.01387,7,0
194,549.8,0.27399,0.03132,0.0538,0.01158,0.03273,7,0
1229,3052.4,0.15414,0.70738,0.20383,0.11368,0.02114,2,1
1994,7717.09,0.11913,0.19202,0.18974,0.27992,0.01756,18,1
1126,3091.65,0.4528,0.39315,0.28437,0.09151,0.00439,10,1
331,5387.79,0.06715,0.01056,0.12373,0.0541,0.02764,10,0
410,954.29,0.09214,0.02703,0.04748,0.03425,0.03224,10,0
2065,2149.06,0.14891,0.3834,0.10249,0.23409,0.03634,1,1
628,887.29,0.03104,0.01148,0.0692,0.00391,0.01365,22,0
613,1517.35,0.19916,0.08634,0.01771,0.02213,0.0203,17,0
2385,3212.17,0.24563,0.53381,0.09883,0.11087,0.02168,20,1
327,1942.84,0.08484,0.15347,0.12097,0.02339,0.01828,21,0
2276,623.94,0.20415,0.27528,0.2602,0.12321,0.00822,9,1
2077,671.34,0.12375,0.31469,0.10177,0.17362,0.03251,16,1
1381,638.85,0.27826,0.72325,0.36436,0.12091,0.01839,10,1
644,2602.25,0.27458,0.47947,0.30959,0.12073,0.0382,1,1
348,8463.03,0.2302,0.08027,0.06134,0.02901,0.03226,21,0
1023,5000.96,0.2072,0.39088,0.20189,0.20932,0.00581,3,1
1073,434.22,0.00867,0.23841,0.0526,0.0422,0.03084,13,0
905,5225.73,0.31053,0.36029,0.16433,0.09239,0.00521,6,1
1616,3633.1,0.11964,0.2091,0.15414,0.10881,0.01434,19,1
278,564.85,0.14045,0.0725,0.01554,0.04935,0.02102,9,0
1886,1433.88,0.32526,0.8195,0.33506,0.16035,0.00733,8,1
116,4093.62,0.02682,0.1142,0.06163,0.09058,0.03811,20,0
1633,2719.95,0.14857,0.25258,0.35436,0.22942,0.00333,1,1
175,674.33,0.12402,0.07877,0.13621,0.02244,0.03801,18,0
415,2845.8,0.10655,0.08813,0.14485,0.10972,0.00487,16,0
380,362.28,0.04974,0.12104,0.00205,0.05481,0.01738,10,0
1509,1522.98,0.00963,0.04685,0.09873,0.03155,0.01147,11,0
785,4225.99,0.2463,0.70335,0.19166,0.18455,0.03205,14,1
818,1825.0,0.04176,0.06683,0.06024,0.01719,0.03824,14,0
1467,1238.11,0.09408,0.23677,0.19725,0.10311,0.01943,19,1
967,3507.12,0.03509,0.04553,0.13036,0.05701,0.02324,10,0
1250,3739.12,0.09917,0.06007,0.02912,0.00271,0.03617,18,0
1851,4808.17,0.13689,0.30985,0.20701,0.1334,0.01331,7,1
1281,3467.88,0.13318,0.86267,0.20278,0.16597,0.03116,17,1
2205,4050.41,0.198,0.45382,0.29369,0.09775,0.00255,23,1
626,3118.86,0.0585,0.05538,0.013,0.03922,0.0071,2,0
1773,2196.65,0.13957,0.27002,0.14822,0.0134,0.02592,12,0
947,1924.99,0.05414,0.3095,0.1226,0.00725,0.01869,17,0
1648,1506.58,0.25257,0.43738,0.31015,0.22779,0.00971,0,1
1717,725.07,0.09181,0.2433,0.2443,0.10803,0.01051,21,1
2023,879.24,0.15954,0.20836,0.36361,0.16459,0.00453,3,1
1688,1456.85,0.18375,0.62295,0.17504,0.13316,0.00729,0,1
1882,2157.34,0.20568,0.55828,0.26629,0.07084,0.03205,2,1
154,5303.65,0.03648,0.03761,0.06825,0.0199,0.03893,6,0
928,1744.45,0.02297,0.03051,0.07008,0.03008,0.00725,2,0
392,3820.55,0.00991,0.20456,0.13198,0.00046,0.0155,22,0
1863,4044.16,0.17158,0.33745,0.11358,0.2239,0.01283,3,1
487,1513.16,0.01439,0.21589,0.00934,0.01585,0.03201,9,0
959,2811.74,0.11958,0.32719,0.45627,0.08965,0.03556,0,1
508,1499.51,0.00904,0.29496,0.08196,0.12685,0.00778,8,0
1608,4851.99,0.18181,0.49381,0.20405,0.18268,0.01326,6,1
1841,2899.88,0.1769,0.39561,0.21357,0.1875,0.03224,14,1
2444,737.07,0.10375,0.48248,0.23281,0.25047,0.0335,16,1
795,2031.82,0.05351,0.20131,0.0401,0.02232,0.02837,12,0
1325,6195.79,0.25096,0.47586,0.25333,0.16183,0.02117,4,1
164,1571.24,0.02092,0.06205,0.13615,0.07842,0.00515,19,0
92,2518.27,0.13091,0.20892,0.08249,0.03843,0.03344,14,0
722,2710.67,0.10887,0.39977,0.03277,0.02297,0.01382,0,0
2511,827.22,0.23355,0.27374,0.29651,0.08819,0.0304,22,1
1496,2640.1,0.33892,0.59364,0.25867,0.10407,0.02744,16,1
2341,632.81,0.20405,0.43771,0.26349,0.07855,0.03838,18,1
254,1125.88,0.03848,0.17164,0.06296,0.09121,0.01151,9,0
848,4033.28,0.10882,0.51778,0.19036,0.12921,0.01679,23,1
2055,2352.21,0.1838,0.24398,0.27302,0.14055,0.0232,10,1
263,1432.51,0.06429,0.1877,0.09503,0.0055,0.01181,13,0
169,2515.9,0.01736,0.33437,0.05532,0.02785,0.03998,11,0
1094,1720.68,0.0569,0.3443,0.08917,0.10004,0.01455,7,1
2404,1817.06,0.12317,0.36576,0.17715,0.17876,0.02822,19,1
1265,2945.86,0.02346,0.21447,0.15458,0.02724,0.00208,12,0
250,1043.17,0.34356,0.10568,0.26263,0.02712,0.02136,13,0
1519,1855.29,0.12175,0.09043,0.07914,0.00393,0.00251,21,0
1994,1424.16,0.27711,0.37032,0.25787,0.16872,0.03285,5,1
1457,548.04,0.08714,0.09051,0.03175,0.01409,0.01809,8,0
1632,902.53,0.00523,0.22295,0.06661,0.01308,0.02226,7,0
492,5835.39,0.01063,0.05007,0.07449,0.09138,0.02236,12,0
1879,2402.07,0.28228,0.51691,0.29359,0.14267,0.00709,20,1
1215,667.04,0.2657,0.29994,0.30078,0.23143,0.00531,3,1
1459,566.95,0.11593,0.02839,0.11417,0.02036,0.02545,9,0
1793,1654.77,0.35038,0.43797,0.15292,0.05129,0.01656,20,1
1420,5804.75,0.06878,0.03312,0.05988,0.01537,0.01406,17,0
1452,1564.74,0.22407,0.71517,0.08595,0.1414,0.03781,21,1
1185,4797.22,0.03777,0.17814,0.06477,0.00826,0.00603,15,0
1140,2343.71,0.13883,0.27899,0.04289,0.02618,0.01213,11,0
2060,2563.12,0.22435,0.52577,0.25011,0.17116,0.01961,6,1
1351,661.0,0.10852,0.19136,0.07128,0.05648,0.00365,23,0
311,3636.16,0.05926,0.03757,0.06543,0.07296,0.0215,4,0
2280,1400.16,0.07954,0.32477,0.13203,0.18625,0.03103,17,1
1413,3438.74,0.48551,0.37616,0.41853,0.28518,0.02991,16,1
635,977.42,0.10392,0.2273,0.05178,0.03009,0.02244,5,0
1657,2055.61,0.2964,0.69855,0.25071,0.10017,0.03876,12,1
2111,2343.84,0.14674,0.43677,0.35482,0.19829,0.00363,8,1
2345,1603.62,0.24405,0.61898,0.2836,0.22432,0.03588,17,1
1513,2438.04,0.02735,0.15145,0.11027,0.01369,0.01585,1,0
876,1474.01,0.04243,0.16183,0.12597,0.01621,0.02309,17,0
1428,1106.27,0.1543,0.34253,0.01748,0.00175,0.00757,3,0
1043,6000.84,0.35433,0.24933,0.2112,0.18467,0.0143,8,1
1457,3953.1,0.42068,0.46469,0.25734,0.16517,0.02094,21,1
1918,1017.29,0.11998,0.40362,0.1722,0.09769,0.01084,23,1
509,2756.94,0.00368,0.1351,0.01757,0.00223,0.01401,6,0
1009,1031.26,0.22742,0.29582,0.3447,0.18643,0.00806,22,1
185,740.28,0.11349,0.10235,0.2178,0.0193,0.00504,20,0
499,3908.46,0.26419,0.67834,0.1315,0.23985,0.02115,10,1
825,501.43,0.04895,0.12114,0.0483,0.01313,0.03819,6,0
1241,3607.19,0.2134,0.55335,0.31853,0.33785,0.02493,8,1
364,1489.21,0.13625,0.20892,0.04947,0.09457,0.00469,6,0
797,1535.92,0.01345,0.15873,0.04029,0.02602,0.02523,10,0
1119,2447.58,0.0021,0.07812,0.04768,0.0119,0.0094,21,0
480,2783.43,0.02296,0.15051,0.04921,0.04241,0.02518,3,0
661,968.53,0.03292,0.12881,0.02825,0.01979,0.0071,20,0
712,3083.55,0.01692,0.28276,0.08181,0.02269,0.01605,14,0
948,1959.75,0.00545,0.14766,0.0627,0.11667,0.02395,16,0
929,701.7,0.16688,0.46224,0.2738,0.07288,0.00586,22,1
1578,1584.68,0.2144,0.49383,0.07917,0.02951,0.02828,11,1
1206,5072.05,0.18955,0.6517,0.29975,0.10626,0.01317,4,1
1681,6329.57,0.25939,0.71237,0.37301,0.10808,0.01539,10,1
1199,3082.68,0.21684,0.40248,0.36904,0.15915,0.02937,17,1
394,737.14,0.01573,0.50296,0.04315,0.00834,0.01396,10,0
1627,2600.6,0.29865,0.55953,0.1833,0.06796,0.00266,14,1
484,3407.34,0.13773,0.15286,0.1435,0.01323,0.00517,19,0
1119,3102.06,0.36384,0.52847,0.06225,0.12181,0.03586,4,1
1868,3243.01,0.26826,0.80897,0.31934,0.19374,0.02689,15,1
2296,2363.71,0.33708,0.39115,0.31919,0.11778,0.02457,12,1
1233,1704.85,0.10708,0.21871,0.00437,0.02182,0.03371,9,0
1656,1140.55,0.0833,0.20124,0.06204,0.06686,0.03924,23,0
2327,433.59,0.21246,0.58656,0.2883,0.0826,0.0206,6,1
1648,2322.21,0.25965,0.51574,0.26376,0.12607,0.03194,7,1
2274,2069.54,0.33449,0.36817,0.28124,0.15871,0.00769,15,1
644,2734.55,0.07284,0.30913,0.02989,0.07764,0.0162,22,0
872,660.1,0.02671,0.2316,0.04722,0.02542,0.01852,15,0
1179,2919.9,0.11255,0.65323,0.09777,0.1004,0.01543,12,1
2008,8403.9,0.35567,0.59398,0.22217,0.2672,0.01613,0,1
2375,1909.09,0.20494,0.49281,0.10283,0.21602,0.01713,21,1
1318,1718.65,0.36873,0.26735,0.1458,0.14791,0.02633,16,1
1202,2269.45,0.02787,0.2037,0.09619,0.02044,0.0021,22,0
428,8265.08,0.05711,0.12866,0.06459,0.00679,0.01495,4,0
1995,835.31,0.22626,0.13536,0.23844,0.22139,0.02788,8,1
1234,2096.34,0.29551,0.53902,0.11327,0.11135,0.02445,23,1
996,988.11,0.11789,0.11335,0.06776,0.04926,0.01883,17,0
2232,1194.27,0.44905,0.5218,0.22749,0.11732,0.00814,17,1
2031,1734.28,0.10935,0.53339,0.31283,0.11546,0.01851,15,1
204,4944.52,0.06956,0.22234,0.02975,0.01842,0.02833,6,0
1139,6948.53,0.29966,0.25584,0.11445,0.13065,0.02368,13,1
383,2519.08,0.19064,0.13352,0.09103,0.03933,0.01094,1,0
2028,1357.09,0.16874,0.30369,0.14981,0.11799,0.01911,5,1
598,11673.73,0.11073,0.1474,0.16983,0.12932,0.01757,12,1
428,1306.2,0.05336,0.31419,0.03566,0.00352,0.00518,13,0
1207,1172.85,0.20857,0.37202,0.18895,0.2087,0.00641,11,1
1832,475.48,0.27135,0.61461,0.14314,0.08385,0.00941,2,1
1364,5128.72,0.17542,0.38353,0.19738,0.13186,0.03688,18,1
1752,3720.92,0.30758,0.43668,0.35561,0.15841,0.02907,17,1
1820,11035.76,0.18862,0.46885,0.22456,0.15648,0.01056,10,1
602,634.86,0.17089,0.55405,0.22438,0.17921,0.03749,22,1
2354,5373.15,0.17886,0.41692,0.1113,0.09125,0.02945,3,1
1713,1897.22,0.35845,0.16687,0.31716,0.20713,0.02808,7,1
1303,3294.85,0.15351,0.28471,0.11314,0.17894,0.03906,10,1
364,523.07,0.22738,0.38396,0.14326,0.18468,0.01885,10,1
1388,5413.24,0.22296,0.36318,0.34309,0.07739,0.0219,4,1
1700,3246.81,0.21962,0.67656,0.25519,0.10063,0.02783,6,1
1249,1748.23,0.20334,0.51339,0.32266,0.17025,0.03739,7,1
225,2920.11,0.01803,0.13265,0.10485,0.01306,0.0352,9,0
1437,1013.76,0.38523,0.30087,0.29174,0.14539,0.02768,7,1
2127,1165.57,0.22399,0.37054,0.32346,0.10895,0.03515,8,1
1324,1271.51,0.09898,0.19781,0.02526,0.04576,0.01514,13,0
316,448.54,0.05761,0.38069,0.0405,0.03003,0.02213,23,0
2270,3435.3,0.14891,0.68452,0.24577,0.20185,0.03102,19,1
2405,4399.46,0.16602,0.52472,0.28151,0.08886,0.00302,0,1
371,1063.73,0.0373,0.23791,0.15178,0.02345,0.03116,10,0
1457,2337.17,0.09869,0.03351,0.12022,0.04874,0.02433,16,0
779,1474.96,0.28541,0.10649,0.11333,0.03669,0.02847,14,0
1813,2302.49,0.24346,0.55807,0.17732,0.21206,0.0352,18,1
1230,1124.24,0.3233,0.67357,0.19964,0.20848,0.01909,8,1
1932,927.95,0.22446,0.93023,0.07888,0.14196,0.01201,3,1
2024,3962.37,0.23658,0.61182,0.16628,0.20002,0.03862,4,1
1447,1715.81,0.08848,0.05081,0.07287,0.11649,0.03704,12,0
2011,8201.92,0.43696,0.16405,0.36122,0.09367,0.01604,2,1
1707,1863.62,0.06349,0.16711,0.20295,0.00519,0.00353,7,0
234,898.73,0.0464,0.34555,0.01124,0.00838,0.01618,19,0
515,4517.65,0.05911,0.12201,0.07272,0.05199,0.00626,5,0
1533,2888.93,0.28175,0.49828,0.09399,0.03947,0.00245,20,1
1094,3104.78,0.12341,0.49334,0.04635,0.09739,0.01998,9,0
528,4396.19,0.28412,0.69327,0.24821,0.24781,0.0122,4,1
243,1103.17,0.01937,0.32139,0.07079,0.04804,0.02005,3,0
1193,1636.15,0.15629,0.35088,0.21953,0.12956,0.022,1,1
1975,1582.81,0.12938,0.33205,0.28652,0.20064,0.02469,18,1
368,683.67,0.04059,0.22807,0.07994,0.00873,0.00869,0,0
374,1477.12,0.01078,0.09233,0.04778,0.04473,0.02604,0,0
302,4904.1,0.05156,0.27008,0.03281,0.01546,0.03186,19,0
1324,2150.69,0.23583,0.72733,0.1172,0.2073,0.0228,18,1
93,655.89,0.04695,0.03337,0.04388,0.01305,0.03808,1,0
1064,560.41,0.00751,0.03543,0.04985,0.02681,0.02115,1,0
1019,6273.72,0.19922,0.59098,0.10714,0.1532,0.03981,15,1
881,1682.11,0.04597,0.07335,0.07126,0.04901,0.02236,10,0
1432,1107.64,0.21568,0.33675,0.18264,0.15158,0.03284,1,1
1845,1465.64,0.27018,0.73069,0.15789,0.11243,0.03726,6,1
1331,594.41,0.0228,0.1481,0.05307,0.05079,0.00841,12,0
2241,5233.65,0.25265,0.4616,0.08792,0.13801,0.03158,15,1
2141,1340.44,0.21478,0.37316,0.11885,0.1402,0.03328,13,1
1656,5019.54,0.54033,0.46508,0.17602,0.11944,0.00906,23,1
970,1871.1,0.18832,0.22891,0.10811,0.03359,0.01935,6,0
1132,5258.97,0.18431,0.38435,0.32314,0.11587,0.031,4,1
485,2182.14,0.01975,0.08295,0.01739,0.0689,0.006,17,0
2008,3413.41,0.3974,0.58495,0.15184,0.18212,0.01245,15,1
734,3086.71,0.21172,0.27874,0.31632,0.11087,0.00825,18,1
2250,2872.71,0.19876,0.38526,0.20433,0.13854,0.01246,11,1
1533,2336.69,0.16328,0.1094,0.07711,0.01623,0.02134,14,0
385,1511.57,0.33247,0.90481,0.15769,0.20058,0.00848,18,1
1983,7571.28,0.2653,0.36818,0.23961,0.1439,0.01057,13,1
281,911.73,0.03263,0.06599,0.05569,0.01169,0.0097,13,0
1320,1805.82,0.14753,0.23024,0.05416,0.02301,0.03642,10,0
230,1820.21,0.00693,0.2798,0.0502,0.05885,0.01662,11,0
1122,2434.2,0.18467,0.34058,0.50887,0.12527,0.01903,8,1
1539,1304.32,0.2606,0.51747,0.27278,0.2186,0.00642,19,1
2132,2279.25,0.3002,0.30607,0.12412,0.18031,0.02389,6,1
800,1585.9,0.05599,0.27365,0.02486,0.0295,0.00916,22,0
2043,549.54,0.32511,0.34203,0.50832,0.21955,0.02315,3,1
1411,1812.94,0.08638,0.5589,0.00519,0.02879,0.02263,22,0
438,788.49,0.03925,0.1765,0.10728,0.03133,0.0219,23,0
1764,490.17,0.11,0.77718,0.24901,0.17422,0.01864,2,1
1336,1994.6,0.12814,0.05593,0.04867,0.00851,0.00775,17,0
1466,2595.29,0.48683,0.44025,0.0588,0.17675,0.01533,21,1
1619,2671.95,0.16351,0.16692,0.26631,0.14824,0.01619,4,1
1780,2754.3,0.15935,0.55535,0.13982,0.18686,0.02983,15,1
1762,422.46,0.1606,0.64427,0.36193,0.19616,0.03954,19,1
2020,648.58,0.10589,0.42053,0.45231,0.10732,0.02916,22,1
1739,7908.42,0.3012,0.26785,0.289,0.07784,0.0191,21,1
857,820.68,0.19063,0.14057,0.5218,0.09919,0.01298,17,1
2128,2846.01,0.25382,0.62988,0.32264,0.19045,0.00861,5,1
706,1075.28,0.02738,0.05095,0.05781,0.01286,0.0075,4,0
995,1910.84,0.07162,0.16519,0.07597,0.01619,0.00776,23,0
1480,1119.46,0.33153,0.69328,0.09814,0.11381,0.02357,17,1
1056,2742.7,0.35818,0.47653,0.15203,0.16368,0.02143,6,1
1200,1994.45,0.1852,0.24074,0.40284,0.03671,0.03373,3,1
1733,1286.04,0.10997,0.22742,0.01888,0.04199,0.01818,0,0
334,818.86,0.39611,0.19537,0.03216,0.01977,0.01468,11,0
903,2200.35,0.33178,0.21101,0.24688,0.17328,0.00246,11,1
1882,724.88,0.19469,0.7407,0.1444,0.23745,0.01088,3,1
1034,2480.34,0.07969,0.18456,0.03193,0.02035,0.03627,3,0
1569,12905.46,0.26277,0.47755,0.19625,0.08385,0.00812,17,1
1668,4955.08,0.11583,0.26037,0.17957,0.16806,0.00764,5,1
1114,3084.99,0.22669,0.34266,0.35039,0.18211,0.02052,9,1
1007,1688.06,0.24857,0.33122,0.12823,0.17962,0.01947,7,1
1809,420.51,0.25015,0.39651,0.29117,0.19025,0.00992,23,1
382,667.69,0.04953,0.32195,0.00906,0.04614,0.01088,0,0
1486,4710.91,0.08746,0.67134,0.35212,0.11946,0.03516,17,1
2187,995.48,0.15873,0.28961,0.29636,0.12096,0.03847,12,1
2430,1065.4,0.06676,0.35664,0.27374,0.12559,0.01167,22,1
1367,1589.71,0.1667,0.34367,0.29774,0.23101,0.00792,2,1
1905,811.6,0.24696,0.41314,0.20526,0.25696,0.00333,23,1
1133,717.28,0.01995,0.07734,0.02613,0.0029,0.0389,11,0
1679,1733.13,0.28856,0.25248,0.1876,0.20274,0.01697,20,1
821,922.32,0.48569,0.43631,0.10991,0.08598,0.03134,3,1
1358,1032.54,0.29627,0.50828,0.06036,0.11053,0.02114,15,1
1604,1001.9,0.37056,0.59724,0.23696,0.25025,0.01886,21,1
1777,2663.28,0.07852,0.035,0.01834,0.04595,0.03974,14,0
88,1512.39,0.09975,0.27676,0.03611,0.00167,0.01223,2,0
1314,1574.37,0.10471,0.07757,0.04514,0.03128,0.03231,12,0
2388,2816.5,0.1745,0.64991,0.16667,0.20886,0.0312,1,1
2341,1618.11,0.19596,0.2484,0.22598,0.15049,0.01916,6,1
920,1460.96,0.18916,0.66221,0.31196,0.15612,0.03107,11,1
283,2561.58,0.01937,0.14895,0.08373,0.04441,0.03188,18,0
867,2971.11,0.35756,0.5226,0.27736,0.11011,0.00888,0,1
2206,1612.01,0.14314,0.47994,0.14359,0.07424,0.00417,7,1
1590,1912.18,0.05821,0.12899,0.07362,0.02644,0.01687,12,0
1621,1001.45,0.16249,0.14079,0.14716,0.16169,0.01462,7,1
291,943.91,0.06427,0.20344,0.06187,0.00955,0.02002,2,0
1168,3204.79,0.16714,0.53501,0.18346,0.08153,0.00918,16,1
902,2513.04,0.03244,0.10698,0.05724,0.02322,0.0125,13,0
1091,2532.64,0.09553,0.2774,0.02035,0.00192,0.02944,13,0
533,2222.04,0.24208,0.3272,0.2417,0.08982,0.01843,3,1
1260,1863.47,0.11317,0.09686,0.03961,0.00047,0.03396,19,0
1806,3034.65,0.40268,0.35917,0.12169,0.03172,0.0329,16,1
101,3629.58,0.05507,0.19818,0.02972,0.07218,0.00259,9,0
244,3565.16,0.04829,0.22094,0.16012,0.02013,0.02182,20,0
1508,1668.96,0.24942,0.53255,0.32075,0.21019,0.00544,14,1
1442,5093.84,0.17424,0.35741,0.5419,0.15753,0.03575,9,1
2113,2136.42,0.21285,0.60803,0.20553,0.16898,0.00762,6,1
1490,2892.35,0.22111,0.29814,0.15567,0.12694,0.00266,4,1
588,2224.1,0.19265,0.04543,0.01772,0.01757,0.00973,17,0
1974,2166.35,0.14723,0.3637,0.0951,0.11681,0.02167,22,1
1203,1036.63,0.44396,0.13384,0.22701,0.23825,0.01706,11,1
969,3045.91,0.19727,0.21899,0.33215,0.24998,0.01379,13,1
1093,15207.02,0.09169,0.3781,0.09199,0.12041,0.02945,0,1
695,1358.92,0.22182,0.2555,0.1501,0.10511,0.0217,3,1
1156,1898.44,0.24487,0.61164,0.08578,0.21556,0.0048,18,1
966,1288.05,0.03614,0.17582,0.10582,0.02927,0.02998,21,0
1659,1248.29,0.10409,0.16816,0.03857,0.03492,0.01564,3,0
1942,5732.34,0.07898,0.36143,0.17809,0.04668,0.03142,13,1
1940,1086.61,0.18915,0.28669,0.32486,0.13255,0.0348,6,1
1827,1261.41,0.08318,0.41414,0.07422,0.22138,0.01532,19,1
270,547.26,0.15237,0.23054,0.06237,0.04511,0.03002,18,0
1373,1019.77,0.13385,0.83934,0.30394,0.13338,0.01545,19,1
2218,499.82,0.28188,0.41917,0.28934,0.0914,0.01288,5,1
155,2891.11,0.07159,0.10743,0.13936,0.00308,0.02597,2,0
2039,14695.77,0.20985,0.49983,0.13146,0.32435,0.0153,7,1
1468,1367.22,0.35058,0.41071,0.35136,0.09082,0.0103,3,1
568,515.67,0.03078,0.24946,0.0889,0.04773,0.02412,7,0
2119,3535.26,0.14062,0.43836,0.30194,0.07651,0.00747,0,1
2133,1043.51,0.14094,0.51311,0.0861,0.0441,0.00222,4,1
566,4769.76,0.3543,0.58418,0.21532,0.07395,0.00983,6,1
263,1456.83,0.00336,0.07845,0.12378,0.02294,0.01976,6,0
1225,1120.67,0.02554,0.01396,0.1572,0.02015,0.01834,19,0
2600,1575.1,0.16006,0.30615,0.29299,0.0628,0.02779,6,1
121,3177.58,0.07213,0.27733,0.0641,0.06187,0.03867,16,0
1623,1517.74,0.44047,0.41354,0.17312,0.3385,0.01029,21,1
664,1240.16,0.23067,0.39566,0.33803,0.19444,0.00274,15,1
1198,1550.63,0.04087,0.42431,0.12042,0.00511,0.01205,13,0
1152,693.43,0.09899,0.19382,0.08477,0.0705,0.01674,18,0
235,2424.34,0.10638,0.02407,0.06178,0.08299,0.02356,3,0
1584,471.3,0.27909,0.53442,0.33323,0.25245,0.0343,11,1
2314,1290.07,0.18094,0.58952,0.49579,0.04981,0.01635,19,1
2390,3181.41,0.14003,0.58666,0.31348,0.07234,0.01731,6,1
129,2259.34,0.17156,0.13439,0.02899,0.1194,0.00968,11,0
1099,2802.54,0.14586,0.28443,0.31185,0.26484,0.03218,1,1
494,1714.3,0.06434,0.08581,0.00348,0.07996,0.03899,14,0
1502,4327.96,0.34361,0.61866,0.18063,0.1466,0.01572,1,1
1029,3601.36,0.27042,0.4079,0.28096,0.07621,0.01717,6,1
1549,2515.3,0.11321,0.19881,0.02997,0.0268,0.00471,0,0
1704,3609.06,0.25903,0.53707,0.45639,0.13045,0.01949,13,1
1470,3160.1,0.20571,0.02463,0.10097,0.0102,0.01579,12,0
420,1294.58,0.08209,0.15749,0.01425,0.00168,0.03201,15,0
298,656.96,0.20823,0.38442,0.24129,0.10235,0.01146,18,1
1646,2467.14,0.07698,0.22173,0.10708,0.08202,0.03537,8,0
997,2711.1,0.2067,0.56676,0.17546,0.26156,0.03767,5,1
1847,4078.14,0.25647,0.41083,0.15513,0.1335,0.01237,20,1
2422,891.85,0.25852,0.58271,0.10256,0.14427,0.03159,18,1
142,912.07,0.0823,0.25918,0.02699,0.00414,0.00849,19,0
89,2541.39,0.01448,0.26371,0.01342,0.00431,0.02178,11,0
89,1706.44,0.24995,0.17244,0.0336,0.00613,0.03943,17,0
348,437.56,0.00969,0.28579,0.08478,0.0313,0.02273,10,0
168,2384.81,0.1513,0.02939,0.08577,0.02741,0.01714,3,0
2084,448.64,0.21296,0.39564,0.32024,0.11619,0.01247,0,1
1122,885.9,0.07733,0.23822,0.0824,0.00839,0.00868,8,0
2435,4960.7,0.11774,0.11227,0.24794,0.22972,0.03806,7,1
2241,7074.14,0.18333,0.53555,0.30764,0.08729,0.01814,0,1
2455,723.28,0.24933,0.45389,0.14274,0.17316,0.02857,10,1
490,1405.99,0.03095,0.13934,0.02616,0.03488,0.01365,9,0
575,1858.47,0.12243,0.14981,0.07103,0.02488,0.03819,22,0
1540,6846.29,0.06896,0.04533,0.07478,0.03786,0.01348,9,0
501,1243.75,0.03666,0.08107,0.02481,0.06689,0.02611,19,0
178,1258.76,0.12021,0.12991,0.13308,0.09073,0.01082,4,0
1476,5750.75,0.3244,0.44419,0.34019,0.10302,0.03713,18,1
1744,1358.93,0.08852,0.42139,0.19848,0.10275,0.01574,13,1
2571,3093.92,0.22075,0.42888,0.13171,0.13415,0.00957,3,1
2102,594.48,0.31125,0.62847,0.218,0.14006,0.00919,6,1
286,1583.06,0.09039,0.23227,0.09145,0.04072,0.02742,21,0
1408,518.45,0.03534,0.08321,0.07831,0.00643,0.03101,23,0
2285,815.63,0.08536,0.42531,0.06296,0.17932,0.01312,6,1
1280,3377.68,0.07596,0.12862,0.09132,0.00306,0.03892,7,0
2384,1733.87,0.23837,0.67373,0.44258,0.10492,0.03562,15,1
1835,1416.88,0.25273,0.60447,0.15266,0.11719,0.01489,7,1
1303,1026.57,0.16747,0.78472,0.25182,0.12351,0.00671,12,1
984,1525.46,0.42097,0.7441,0.23524,0.22135,0.00852,3,1
864,2256.06,0.0282,0.14753,0.05253,0.06111,0.03437,2,0
858,3762.09,0.26904,0.43504,0.13634,0.17468,0.01164,17,1
275,251.31,0.01486,0.22602,0.09378,0.07882,0.0137,6,0
294,964.61,0.01969,0.06772,0.15535,0.01344,0.01585,14,0
2081,2028.12,0.42035,0.39251,0.13826,0.20799,0.02278,2,1
1289,1671.36,0.26359,0.33778,0.31355,0.15383,0.03018,6,1
1008,2435.91,0.01653,0.12686,0.0856,0.04873,0.01112,18,0
2238,2199.97,0.2477,0.19353,0.20217,0.16065,0.01955,7,1
1918,1432.09,0.24506,0.63125,0.28394,0.22285,0.01863,10,1
1347,1212.45,0.22866,0.18882,0.12847,0.1121,0.00636,4,1
227,1497.3,0.07215,0.16301,0.02783,0.03929,0.02367,20,0
2236,4260.32,0.09838,0.34807,0.31894,0.07361,0.00752,4,1
851,1039.54,0.08211,0.08687,0.08977,0.01638,0.00599,19,0
346,1717.18,0.08085,0.15262,0.1227,0.08511,0.03869,6,0
1478,2065.34,0.08692,0.16762,0.09628,0.05141,0.01484,22,0
1739,5801.11,0.25959,0.36375,0.23128,0.2289,0.036,21,1
171,1437.0,0.06117,0.20648,0.19408,0.03593,0.02385,17,0
620,3694.67,0.23623,0.68993,0.19732,0.21494,0.03178,0,1
107,4534.76,0.03724,0.30479,0.03203,0.05015,0.03908,14,0
545,1715.96,0.03001,0.09771,0.11588,0.02313,0.03373,3,0
251,1536.87,0.06165,0.20733,0.00737,0.02331,0.0218,10,0
1962,1406.35,0.089,0.29054,0.21099,0.06459,0.03275,3,1
1399,1485.75,0.1546,0.47766,0.22314,0.15745,0.03358,4,1
1882,3415.99,0.19836,0.337,0.31141,0.04283,0.02227,15,1
1672,2140.51,0.26121,0.36763,0.26816,0.20253,0.01467,23,1
1131,2147.39,0.0854,0.12333,0.20791,0.00995,0.01124,21,0
1434,774.04,0.38744,0.62724,0.19321,0.05632,0.03118,2,1
923,871.25,0.17823,0.53381,0.3833,0.10286,0.03768,7,1
200,8983.34,0.04921,0.13111,0.01343,0.02185,0.01203,19,0
1471,1575.26,0.27813,0.77121,0.30586,0.16851,0.03738,9,1
87,1006.73,0.09391,0.33451,0.08761,0.043,0.02652,23,0
609,5265.16,0.34805,0.44524,0.13511,0.15841,0.0189,4,1
456,2223.63,0.05358,0.07256,0.0276,0.00968,0.0039,17,0
2086,2777.09,0.14329,0.43598,0.3183,0.1343,0.00491,5,1
1209,1622.96,0.06903,0.35439,0.29585,0.16703,0.02875,9,1
2090,1417.34,0.09034,0.25599,0.19857,0.04908,0.01236,11,1
787,1585.02,0.12385,0.21262,0.02878,0.00845,0.03465,19,0
377,638.1,0.20975,0.06911,0.03682,0.02188,0.01887,21,0
718,1685.13,0.17979,0.32103,0.00919,0.0352,0.01749,0,0
237,2247.48,0.00178,0.23055,0.14314,0.05989,0.0202,19,0
2243,7211.19,0.14996,0.55129,0.24496,0.21913,0.02132,19,1
395,1919.92,0.00963,0.11649,0.03013,0.03925,0.03896,14,0
727,312.6,0.11981,0.24661,0.02223,0.01763,0.00343,7,0
1765,1677.49,0.10065,0.36445,0.11814,0.0168,0.03387,13,0
1317,14047.08,0.11122,0.25933,0.14895,0.1016,0.03155,19,1
868,3447.2,0.03857,0.23811,0.05215,0.00464,0.01933,15,0
1251,979.83,0.25333,0.48813,0.33845,0.2199,0.03213,6,1
1669,2804.2,0.16536,0.54067,0.40413,0.0764,0.01635,9,1
1407,1031.77,0.10593,0.37292,0.08456,0.09074,0.00901,22,1
1593,652.09,0.51335,0.32659,0.06527,0.06332,0.00234,9,1
2227,1386.12,0.16636,0.29069,0.12771,0.23056,0.02297,6,1
1064,1927.9,0.02257,0.11771,0.07696,0.05307,0.02589,13,0
848,442.05,0.05201,0.02359,0.05396,0.04899,0.00815,19,0
429,760.27,0.23398,0.59825,0.10097,0.05569,0.00543,1,1
507,1814.01,0.12203,0.03409,0.05654,0.03957,0.03945,19,0
2021,1325.32,0.1097,0.45253,0.34223,0.11523,0.00679,21,1
1126,2420.31,0.20501,0.66628,0.23783,0.26381,0.00715,17,1
1357,723.82,0.28689,0.623,0.30167,0.16217,0.01227,13,1
1566,3075.21,0.20754,0.33275,0.10948,0.14023,0.0211,22,1
1723,740.79,0.25471,0.40108,0.2302,0.16854,0.00227,13,1
1777,6170.85,0.11433,0.42243,0.17909,0.20209,0.00513,6,1
1283,497.07,0.01371,0.06802,0.14333,0.06813,0.03277,10,0
522,793.24,0.07558,0.08172,0.06685,0.0359,0.03715,23,0
1942,2461.61,0.16292,0.46154,0.39455,0.13783,0.03908,20,1
1610,6271.16,0.28267,0.42031,0.25473,0.11324,0.01736,11,1
1863,2279.76,0.16463,0.7643,0.23964,0.1437,0.02592,2,1
351,2745.41,0.00358,0.11265,0.06223,0.01185,0.00383,13,0
335,1823.83,0.08295,0.17155,0.03505,0.01786,0.02685,12,0
1196,833.59,0.31438,0.25416,0.37356,0.21681,0.02851,21,1
954,1246.3,0.01726,0.05912,0.09897,0.03372,0.02341,7,0
1268,725.32,0.07028,0.14519,0.02971,0.00179,0.0134,17,0
1008,689.87,0.34969,0.24239,0.20538,0.0807,0.03138,5,1
2397,2432.94,0.33338,0.21382,0.07301,0.1414,0.03628,5,1
895,775.23,0.25423,0.25655,0.02183,0.01944,0.01071,19,0
302,2287.48,0.08268,0.05981,0.14081,0.12571,0.02623,15,0
285,678.02,0.10564,0.10244,0.13947,0.04664,0.01171,18,0
1854,2248.07,0.52706,0.52427,0.12236,0.09146,0.01397,20,1
1182,1247.67,0.40224,0.88358,0.15651,0.16571,0.01318,16,1
2430,5169.36,0.25695,0.31243,0.22903,0.43195,0.01746,15,1
945,2294.64,0.18611,0.3569,0.19885,0.10126,0.01417,4,1
240,4547.71,0.01833,0.3026,0.02672,0.07358,0.01314,17,0
604,1021.27,0.12042,0.12859,0.00347,0.00911,0.02508,17,0
1137,1877.41,0.05909,0.28866,0.02067,0.04366,0.03485,2,0
1190,862.41,0.21584,0.52723,0.25043,0.19854,0.00458,8,1
1873,1319.94,0.30749,0.34481,0.16557,0.19837,0.01313,12,1
1130,1478.77,0.03336,0.14851,0.04138,0.00341,0.01505,15,0
1484,1044.35,0.24615,0.49169,0.30845,0.10019,0.02462,8,1
1171,723.37,0.00595,0.12973,0.15318,0.03017,0.00553,12,0
1750,623.53,0.0932,0.20916,0.01624,0.00117,0.00394,10,0
788,311.29,0.09611,0.22563,0.04131,0.08351,0.00803,6,0
343,815.08,0.07285,0.00042,0.09029,0.02477,0.01285,15,0
783,2881.78,0.23291,0.24764,0.09025,0.0059,0.01325,9,0
1524,542.76,0.03547,0.20501,0.10697,0.00069,0.0151,20,0
454,645.13,0.14883,0.25996,0.1268,0.01033,0.03872,9,0
2051,6896.13,0.13004,0.23791,0.31459,0.14853,0.01054,16,1
1193,1116.74,0.23543,0.52688,0.07289,0.21805,0.01807,12,1
1651,2290.04,0.06659,0.7197,0.36149,0.17429,0.02538,5,1
625,2913.99,0.14755,0.01821,0.11484,0.02381,0.017,19,0
1663,2958.5,0.32785,0.32674,0.08771,0.02112,0.01805,9,0
142,574.68,0.03969,0.11436,0.16704,0.00647,0.01795,11,0
593,1513.6,0.04905,0.11807,0.08464,0.00471,0.03829,13,0
799,534.79,0.01748,0.15225,0.05085,0.01653,0.00617,22,0
1583,11274.29,0.27359,0.6276,0.1503,0.13922,0.01557,2,1
1544,544.24,0.271,0.3216,0.30928,0.11083,0.0309,10,1
334,820.29,0.07304,0.04919,0.0332,0.02003,0.03858,9,0
1046,824.76,0.23362,0.69163,0.29357,0.04935,0.01209,19,1
243,585.84,0.05977,0.28619,0.13083,0.02857,0.02294,11,0
1064,4964.1,0.17652,0.2325,0.01069,0.02097,0.00579,10,0
683,11074.25,0.06912,0.10674,0.03738,0.04445,0.03478,9,0
1845,1259.83,0.44807,0.31728,0.30036,0.05728,0.01409,13,1
1699,668.63,0.20658,0.38767,0.3344,0.15214,0.0169,0,1
1287,336.25,0.0703,0.0503,0.01148,0.05788,0.0037,7,0
1506,1498.86,0.25824,0.54175,0.23589,0.19524,0.0264,1,1
1909,1419.8,0.35304,0.28928,0.11733,0.24992,0.0046,22,1
1221,1104.41,0.21123,0.49283,0.36373,0.13817,0.01947,20,1
1716,2125.1,0.26063,0.44097,0.19624,0.10651,0.02736,10,1
1140,2420.97,0.04418,0.25375,0.02447,0.00546,0.03419,8,0
623,2293.55,0.18565,0.14287,0.06125,0.00874,0.02894,5,0
503,1420.05,0.04584,0.15624,0.04448,0.08026,0.00941,19,0
1996,787.86,0.28348,0.46302,0.138,0.03575,0.0197,13,1
669,2965.84,0.05203,0.29961,0.09967,0.00508,0.01004,23,0
1854,1816.97,0.2235,0.45545,0.26506,0.12112,0.01938,16,1
418,3504.52,0.07819,0.02348,0.04676,0.02783,0.00541,2,0
1645,3255.49,0.42816,0.63231,0.23514,0.14362,0.03663,17,1
991,619.69,0.12123,0.24987,0.03362,0.01253,0.03368,2,0
1900,613.93,0.17904,0.63968,0.24779,0.06672,0.02152,2,1
985,1021.36,0.0779,0.09277,0.02748,0.02295,0.02291,8,0
700,815.13,0.02743,0.04828,0.05617,0.02061,0.02216,3,0
1734,3171.57,0.01233,0.12506,0.05136,0.02339,0.02731,13,0
1342,2342.62,0.13992,0.42483,0.30429,0.11412,0.03018,6,1
1600,4104.87,0.28742,0.20478,0.32162,0.22039,0.03247,6,1
1347,2423.35,0.03357,0.09306,0.0042,0.02115,0.01311,12,0
1040,2104.91,0.07132,0.24851,0.02843,0.01466,0.0158,2,0
1759,4426.39,0.18258,0.15897,0.10648,0.16937,0.0339,9,1
300,2560.19,0.1055,0.13198,0.13918,0.0307,0.00656,19,0
1942,1894.32,0.26543,0.52039,0.20335,0.20681,0.01986,23,1
1747,5463.7,0.12882,0.36383,0.14341,0.2083,0.01091,16,1
946,1962.41,0.08356,0.10543,0.07263,0.01285,0.0151,22,0
1341,1432.66,0.04644,0.26003,0.06852,0.05811,0.01763,23,0
974,960.23,0.07064,0.02035,0.06158,0.03318,0.02913,3,0
1044,3049.74,0.15679,0.78959,0.39063,0.0372,0.0066,0,1
1863,4552.04,0.245,0.41231,0.15204,0.09044,0.01585,0,1
502,1732.99,0.12193,0.02999,0.06186,0.01963,0.02358,18,0
869,4800.52,0.18054,0.45803,0.25613,0.12477,0.03275,19,1
1547,410.77,0.09864,0.53548,0.14677,0.11951,0.02669,11,1
2239,1726.67,0.22689,0.50872,0.24347,0.08355,0.02283,18,1
740,1746.68,0.03701,0.11273,0.1833,0.02324,0.01261,7,0
929,1043.46,0.03937,0.40782,0.04709,0.01496,0.03908,17,0
751,10758.35,0.24512,0.28592,0.19709,0.14287,0.02986,20,1
553,1712.82,0.31807,0.73415,0.25519,0.10856,0.00607,19,1
176,1325.76,0.14323,0.12233,0.00501,0.0018,0.01033,8,0
370,1835.39,0.12459,0.67374,0.42956,0.18872,0.02622,19,1
1573,400.79,0.03895,0.27694,0.11704,0.06229,0.02295,12,0
2063,1018.05,0.39281,0.96629,0.30759,0.07489,0.02391,10,1
1982,3763.0,0.07113,0.12818,0.13883,0.07049,0.01661,17,1
175,1123.08,0.03768,0.33861,0.04831,0.03323,0.03793,8,0
213,966.7,0.07402,0.13729,0.02166,0.01025,0.00862,0,0
562,4806.32,0.07351,0.39555,0.06548,0.07228,0.00967,22,0
1052,4918.37,0.3086,0.20503,0.01557,0.00504,0.01447,10,0
654,2652.57,0.05327,0.25439,0.00823,0.11426,0.03324,19,0
918,1279.47,0.05281,0.22634,0.05312,0.00017,0.03728,21,0
377,1504.08,0.12016,0.13497,0.10341,0.09145,0.01447,2,0
2186,984.79,0.19169,0.33702,0.16038,0.13741,0.01006,10,1
1269,853.6,0.09316,0.34241,0.30598,0.08652,0.02911,8,1
698,822.4,0.14346,0.32111,0.51841,0.14142,0.03207,7,1
1542,1132.29,0.18981,0.69093,0.12912,0.22768,0.02796,0,1
1957,828.4,0.38885,0.35955,0.134,0.0741,0.00559,9,1
334,557.11,0.18732,0.59177,0.46447,0.02968,0.01749,7,1
1201,2121.96,0.18991,0.44027,0.2714,0.0683,0.02653,7,1
1635,2146.27,0.24842,0.50606,0.05936,0.14846,0.00242,16,1
1294,6445.49,0.01996,0.04987,0.03364,0.02068,0.00227,23,0
2030,1090.39,0.14553,0.33919,0.16151,0.10136,0.01915,6,1
965,2247.6,0.11504,0.40314,0.32909,0.03251,0.00449,19,1
720,2275.78,0.13009,0.36057,0.1445,0.00255,0.03556,2,0
1565,1487.96,0.06538,0.45592,0.4002,0.23022,0.01824,22,1
817,3145.7,0.21311,0.64617,0.3447,0.11677,0.02772,3,1
491,3219.44,0.01135,0.06813,0.08511,0.0102,0.03967,16,0
1947,2301.0,0.0671,0.6138,0.3333,0.19667,0.00635,3,1
2048,1485.95,0.31399,0.36652,0.16424,0.19114,0.03354,5,1
285,1376.63,0.02417,0.09523,0.12838,0.05737,0.00731,7,0
954,645.31,0.07386,0.18967,0.01599,0.06597,0.03787,4,0
707,983.49,0.10512,0.1672,0.07645,0.01257,0.0291,14,0
1466,1128.94,0.23957,0.35407,0.23666,0.1207,0.01133,11,1
2599,774.77,0.24368,0.18189,0.3226,0.10272,0.00835,0,1
211,2503.6,0.05808,0.2224,0.10819,0.15715,0.02391,20,0
2275,4416.1,0.27265,0.64591,0.15993,0.20987,0.01311,19,1
1215,910.96,0.36852,0.59917,0.18969,0.17918,0.03935,11,1
1408,2226.36,0.06612,0.13217,0.01244,0.00791,0.03082,0,0
1688,828.78,0.17908,0.37319,0.17353,0.07336,0.03521,5,1
614,1432.03,0.08676,0.33536,0.03812,0.04379,0.00444,21,0
1405,1072.55,0.01579,0.23181,0.02466,0.0004,0.03137,4,0
1262,2826.98,0.05618,0.11873,0.02399,0.00376,0.00508,21,0
922,1081.87,0.26237,0.44113,0.13543,0.15985,0.0184,0,1
2121,3844.07,0.1874,0.656,0.31031,0.0788,0.01602,9,1
1643,1497.05,0.39838,0.20387,0.35938,0.13845,0.03351,7,1
996,1105.82,0.2227,0.6477,0.27098,0.19485,0.03835,9,1
2469,703.14,0.38801,0.36665,0.20252,0.22012,0.01981,12,1
1182,2176.44,0.09899,0.06721,0.20447,0.0245,0.0116,8,0
1039,3522.6,0.31495,0.47136,0.34065,0.16383,0.02696,2,1
98,2209.53,0.00753,0.28429,0.07208,0.02554,0.02337,10,0
1688,9649.54,0.14286,0.47057,0.27329,0.18245,0.03227,17,1
439,5259.98,0.10538,0.22395,0.109,0.04967,0.01125,6,0
2178,1429.24,0.34215,0.26753,0.20838,0.07951,0.02248,20,1
983,1418.03,0.03879,0.24853,0.07406,0.06632,0.02035,14,0
1592,2560.13,0.29303,0.27498,0.26893,0.17599,0.0107,12,1
361,960.09,0.16956,0.36894,0.04908,0.02228,0.02223,19,0
1678,4316.75,0.29366,0.64991,0.31912,0.13752,0.03459,19,1
530,2360.77,0.32044,0.48654,0.14358,0.19406,0.02793,5,1
1554,2181.76,0.18658,0.43965,0.07405,0.1568,0.03249,20,1
1518,3013.2,0.01189,0.06947,0.05794,0.01553,0.02307,11,0
1801,6552.91,0.19297,0.39842,0.27754,0.21002,0.03654,5,1
2046,2046.24,0.15375,0.21538,0.20416,0.1357,0.01685,19,1
1727,1653.69,0.03288,0.22007,0.06301,0.00353,0.02459,10,0
1867,5580.77,0.09777,0.24864,0.33577,0.08691,0.02419,9,1
424,3718.98,0.06528,0.29694,0.06094,0.07948,0.00792,7,0
1959,1414.89,0.34141,0.4902,0.10481,0.10961,0.03335,9,1
1748,1807.02,0.09901,0.23523,0.16084,0.24667,0.03637,11,1
2340,2084.07,0.19604,0.36896,0.17586,0.22765,0.02151,15,1
1199,2361.14,0.25712,0.12263,0.0128,0.02882,0.02011,20,0
323,650.73,0.01867,0.07908,0.01463,0.11837,0.02328,9,0
1740,566.05,0.17337,0.43607,0.20861,0.16981,0.03481,13,1
850,925.19,0.0175,0.22191,0.13156,0.0164,0.00699,18,0
1843,873.05,0.21908,0.23023,0.11759,0.19989,0.00767,8,1
755,1110.62,0.0508,0.14184,0.09331,0.00574,0.01384,19,0
645,2897.42,0.05503,0.08275,0.03461,0.04024,0.03991,7,0
217,1585.8,0.05147,0.29911,0.0465,0.03543,0.01587,5,0
2121,2085.65,0.29623,0.58482,0.30478,0.07094,0.02582,6,1
2231,718.61,0.20473,0.46922,0.13577,0.18258,0.03392,19,1
150,1273.23,0.0404,0.12386,0.04522,0.04392,0.02321,16,0
1704,2796.11,0.0793,0.36078,0.32702,0.10245,0.00528,6,1
1010,2812.3,0.20547,0.37318,0.27622,0.16379,0.02761,14,1
1594,1045.35,0.21551,0.3173,0.23104,0.09429,0.01881,12,1
2392,2032.03,0.11834,0.38119,0.32283,0.13446,0.02418,14,1
339,9364.47,0.27452,0.1365,0.03342,0.01649,0.02822,19,0
1074,1776.4,0.0793,0.34386,0.31731,0.09222,0.01054,7,1
1073,1070.25,0.34897,0.25289,0.15789,0.2169,0.00444,21,1
499,1580.06,0.10981,0.02465,0.02058,0.00309,0.0371,21,0
1846,1928.84,0.28149,0.22487,0.22922,0.11812,0.03034,13,1
2344,1607.07,0.12923,0.61531,0.28392,0.22441,0.02872,19,1
156,1758.16,0.19363,0.06569,0.03816,0.03042,0.02335,2,0
1615,609.69,0.323,0.34464,0.25493,0.22983,0.02172,11,1
480,874.43,0.05042,0.08033,0.12255,0.02653,0.03105,14,0
553,1609.28,0.07783,0.38005,0.11938,0.21791,0.00336,3,1
582,1590.16,0.00544,0.0471,0.24239,0.00365,0.03007,16,0
414,1177.21,0.06731,0.18013,0.09775,0.00036,0.03748,3,0
923,1576.22,0.0546,0.38564,0.03435,0.00093,0.03225,20,0
2036,1884.28,0.15912,0.28826,0.14071,0.14302,0.03876,21,1
1860,3507.3,0.52513,0.50703,0.24005,0.22125,0.02003,0,1
1754,1670.93,0.20028,0.43683,0.22643,0.17767,0.03527,2,1
1117,2428.11,0.24515,0.41387,0.1598,0.05789,0.02828,12,1
103,1199.12,0.03617,0.071,0.09564,0.01637,0.03419,11,0
224,2764.5,0.08336,0.0751,0.04612,0.02988,0.00402,10,0
769,2385.92,0.38479,0.37244,0.2654,0.18589,0.00205,18,1
499,3445.78,0.08124,0.04049,0.08327,0.03491,0.03151,18,0
1763,3073.7,0.33449,0.75291,0.24794,0.04808,0.02263,2,1
1794,2799.21,0.19219,0.46002,0.42829,0.03981,0.00577,6,1
2358,1671.92,0.18414,0.59998,0.48299,0.20405,0.00896,8,1
1328,2162.99,0.30094,0.55183,0.21336,0.20833,0.00784,22,1
1509,3996.5,0.18911,0.20685,0.32294,0.19355,0.01019,0,1
2027,1103.77,0.30588,0.34653,0.20495,0.0846,0.03977,12,1
1096,1123.54,0.32021,0.30901,0.14299,0.17411,0.02239,1,1
1764,2062.38,0.20549,0.41545,0.23812,0.09173,0.03917,6,1
2087,2457.75,0.14126,0.31348,0.40522,0.08166,0.00951,6,1
1574,970.16,0.11769,0.38562,0.18338,0.15415,0.01989,5,1
1135,1701.85,0.08578,0.4497,0.05874,0.0644,0.02184,21,0
429,1677.47,0.18142,0.70275,0.20273,0.32496,0.03316,13,1
2101,341.75,0.18491,0.31977,0.24648,0.26805,0.00288,19,1
710,1526.67,0.08942,0.14419,0.2198,0.00935,0.01889,7,0
1830,1599.67,0.21685,0.53762,0.07734,0.18472,0.01055,8,1
1877,1596.11,0.09296,0.47264,0.16267,0.12374,0.0322,7,1
1911,5205.53,0.22474,0.38291,0.26999,0.17188,0.0189,19,1
662,723.21,0.14489,0.30414,0.01811,0.00079,0.00207,20,0
1855,969.79,0.23806,0.52937,0.35435,0.22319,0.0053,23,1
1532,253.76,0.05896,0.36709,0.01781,0.06514,0.00845,6,0
649,1254.95,0.09757,0.14816,0.17482,0.01489,0.00277,3,0
1281,1337.84,0.1239,0.41158,0.28583,0.10972,0.0143,2,1
993,1227.9,0.06576,0.16307,0.08907,0.02963,0.03642,5,0
2223,4131.1,0.33918,0.37567,0.23604,0.08184,0.02637,3,1
2048,3432.37,0.29347,0.80649,0.30275,0.24563,0.01108,23,1
2336,1908.24,0.18694,0.50278,0.42726,0.20131,0.00566,19,1
988,1363.19,0.31158,0.10636,0.25849,0.18856,0.01217,12,1
1160,3886.19,0.19825,0.43457,0.29891,0.15635,0.03216,14,1
1604,1773.52,0.20878,0.35494,0.30714,0.16662,0.00886,3,1
2058,974.42,0.26525,0.34357,0.10606,0.21847,0.03021,21,1
604,496.88,0.07893,0.11368,0.0163,0.00864,0.03317,8,0
1089,1292.79,0.005,0.28437,0.04388,0.04186,0.02872,23,0
930,3170.12,0.12573,0.48509,0.25715,0.16896,0.02203,2,1
1684,9926.33,0.30532,0.45729,0.24993,0.26546,0.01151,18,1
740,1885.13,0.00523,0.29861,0.05281,0.04011,0.02666,11,0
665,1013.87,0.03142,0.11687,0.15241,0.0576,0.02249,9,0
1938,740.12,0.2033,0.29001,0.37184,0.23865,0.00245,21,1
937,2723.05,0.20909,0.15014,0.00627,0.00968,0.03919,10,0
2337,479.18,0.29858,0.48976,0.36415,0.22856,0.03076,2,1
994,2719.77,0.10387,0.24132,0.08845,0.08827,0.00324,4,0
1365,3323.67,0.14536,0.42887,0.13424,0.03753,0.01739,9,1
260,2496.77,0.02958,0.13499,0.08244,0.0091,0.02504,17,0
777,1526.6,0.22876,0.39488,0.10784,0.08679,0.03504,22,1
765,2749.7,0.0699,0.11095,0.01863,0.04894,0.02563,0,0
2127,2046.21,0.19059,0.16769,0.32776,0.13934,0.0095,1,1
1657,1004.2,0.03326,0.15285,0.08405,0.0245,0.02678,23,0
1873,7210.92,0.15071,0.23091,0.31823,0.18733,0.02132,23,1
1165,1382.68,0.02687,0.13758,0.09931,0.00862,0.01867,23,0
753,3220.71,0.06763,0.30019,0.09326,0.01831,0.02555,1,0
385,293.41,0.09198,0.0706,0.03529,0.01307,0.03601,15,0
94,4688.63,0.2144,0.24527,0.06267,0.04747,0.00454,18,0
1437,5416.01,0.09534,0.26456,0.32909,0.07822,0.01707,13,1
624,1840.73,0.06308,0.22525,0.04656,0.03106,0.02303,23,0
1002,2737.01,0.28447,0.7368,0.40375,0.16541,0.02254,6,1
525,2736.48,0.03367,0.25326,0.10846,0.04804,0.03312,15,0
122,1111.49,0.23739,0.12392,0.06357,0.05691,0.02511,12,0
1748,2713.2,0.46367,0.59822,0.29991,0.11104,0.00464,8,1
2574,981.49,0.12056,0.53985,0.13803,0.09789,0.01756,10,1
1268,1140.22,0.0076,0.2557,0.08879,0.06079,0.02233,15,0
850,4191.23,0.07096,0.06982,0.01369,0.06343,0.02404,0,0
802,3738.86,0.10771,0.11407,0.00984,0.00698,0.01497,1,0
1196,1059.72,0.37825,0.68791,0.24944,0.2017,0.03215,17,1
324,1038.32,0.13338,0.16306,0.06303,0.02615,0.03325,7,0
1109,1109.14,0.2075,0.09759,0.06391,0.03058,0.03165,2,0
1571,3118.23,0.13807,0.62204,0.33854,0.12917,0.02601,15,1
92,850.27,0.01317,0.10812,0.00553,0.00428,0.01724,4,0
794,2352.13,0.02908,0.12426,0.04546,0.08417,0.03167,22,0
558,3151.64,0.14094,0.15302,0.04885,0.02901,0.01312,9,0
1015,1684.73,0.33135,0.6251,0.23468,0.12032,0.01381,3,1
1289,3839.47,0.19527,0.11066,0.10816,0.00569,0.00994,19,0
1414,1432.69,0.28886,0.25863,0.30044,0.16391,0.03811,13,1
1496,1533.26,0.19275,0.306,0.27209,0.13516,0.02538,23,1
1982,864.89,0.39358,0.45312,0.31951,0.04124,0.00597,1,1
2505,3860.01,0.1672,0.22787,0.27682,0.08032,0.03978,15,1
1861,1012.98,0.39688,0.45643,0.43681,0.10984,0.03764,22,1
1865,2339.92,0.28073,0.31548,0.18559,0.20442,0.01555,16,1
1591,1706.25,0.1475,0.10537,0.06685,0.10223,0.01623,9,0
901,817.26,0.1011,0.09756,0.12306,0.03323,0.00543,7,0
1773,1139.92,0.06574,0.23539,0.10509,0.07446,0.03269,21,0
1541,5078.12,0.24817,0.32962,0.11693,0.08841,0.01935,0,1
1199,2093.9,0.08539,0.07181,0.02879,0.03467,0.02364,5,0
2375,844.44,0.25275,0.73946,0.07108,0.17409,0.02474,8,1
1517,2263.21,0.23136,0.38831,0.13354,0.18101,0.03565,22,1
1319,1613.17,0.03288,0.20622,0.04267,0.05712,0.03798,22,0
839,24006.42,0.17458,0.50287,0.37247,0.12619,0.02557,13,1
1736,2229.17,0.02967,0.06129,0.13052,0.09286,0.00229,6,0
1152,1352.99,0.09791,0.09758,0.02653,0.00437,0.02458,9,0
1425,5221.62,0.07922,0.01967,0.14175,0.04446,0.02159,22,0
872,452.49,0.00168,0.14,0.06649,0.05637,0.00515,5,0
1856,1931.94,0.25654,0.56936,0.2855,0.13549,0.01087,16,1
620,8033.4,0.24585,0.60116,0.08166,0.30476,0.02897,15,1
276,1649.77,0.08855,0.06203,0.10914,0.01195,0.0101,0,0
952,490.57,0.01749,0.09438,0.03163,0.00116,0.03153,8,0
2130,1337.56,0.4111,0.30448,0.07759,0.04674,0.00971,18,1
2281,5358.45,0.25399,0.56163,0.21111,0.26464,0.02664,14,1
1550,2386.53,0.16629,0.58185,0.20611,0.0953,0.02168,10,1
1621,959.49,0.38137,0.23056,0.22228,0.25329,0.0343,22,1
1031,1076.65,0.03801,0.04773,0.09899,0.04906,0.03179,1,0
2107,1182.95,0.17555,0.25107,0.13357,0.09484,0.00353,23,1
1984,2360.06,0.23371,0.37835,0.28019,0.22332,0.00886,22,1
1489,4910.78,0.27518,0.24286,0.18336,0.23665,0.02666,19,1
1869,3963.41,0.19439,0.26519,0.10626,0.13781,0.03838,20,1
264,2533.99,0.09754,0.2514,0.03484,0.03037,0.00732,15,0
2089,663.02,0.16055,0.48489,0.2674,0.0516,0.01584,20,1
528,664.87,0.14556,0.51935,0.28764,0.20034,0.02319,6,1
1175,2685.12,0.15323,0.54666,0.16773,0.07742,0.039,18,1
1773,656.18,0.3054,0.58328,0.10657,0.18168,0.02085,10,1
1540,1519.85,0.37309,0.17672,0.12457,0.22463,0.03103,15,1
2093,2261.21,0.15342,0.19426,0.11359,0.14726,0.01929,0,1
2093,766.89,0.21648,0.43523,0.32538,0.04305,0.01768,16,1
1439,834.93,0.25881,0.43504,0.44429,0.12586,0.02754,13,1
1354,1677.32,0.13407,0.13367,0.22661,0.10164,0.02597,17,1
88,2626.16,0.15684,0.10319,0.09365,0.04472,0.00811,21,0
293,3990.54,0.01429,0.57482,0.0316,0.07114,0.00714,11,0
1475,2837.94,0.43537,0.43039,0.28324,0.1288,0.03765,10,1
150,1902.23,0.09693,0.10393,0.09153,0.08252,0.02528,15,0
1347,1028.54,0.21696,0.61807,0.21544,0.16307,0.00975,0,1
1417,806.22,0.0259,0.15089,0.16224,0.04477,0.00328,5,0
1836,1227.07,0.14551,0.48836,0.33441,0.1537,0.0349,9,1
1461,2447.92,0.18064,0.55263,0.26207,0.07454,0.03254,0,1
1585,2316.96,0.15662,0.04411,0.05473,0.02755,0.02019,17,0
2104,372.64,0.17269,0.71932,0.0936,0.19727,0.03671,16,1
1863,998.53,0.12599,0.3715,0.25302,0.08387,0.01058,15,1
1384,4442.28,0.13111,0.22942,0.2426,0.20433,0.03904,14,1
639,1910.18,0.01354,0.38841,0.07608,0.01755,0.02343,10,0
2504,621.9,0.09441,0.38587,0.0643,0.12133,0.01602,10,1
945,10534.47,0.24853,0.47529,0.3113,0.15178,0.00399,3,1
1654,1761.35,0.23967,0.59148,0.16511,0.08489,0.00542,22,1
801,2401.36,0.25766,0.22851,0.18533,0.18103,0.0099,15,1
1593,2428.88,0.20303,0.3324,0.26969,0.20846,0.01981,16,1
1880,1366.28,0.35377,0.42362,0.13593,0.05399,0.00291,9,1
225,1043.01,0.00283,0.25663,0.05833,0.07473,0.02051,4,0
858,8837.84,0.16619,0.335,0.13491,0.15738,0.03743,5,1
1294,3819.77,0.07936,0.55988,0.33734,0.1523,0.03155,2,1
1853,3334.22,0.24103,0.23868,0.34644,0.17012,0.03986,5,1
2308,2773.2,0.31595,0.23989,0.35185,0.04313,0.03124,11,1
537,848.15,0.1026,0.12952,0.01859,0.06277,0.0188,17,0
2366,4692.35,0.18057,0.22531,0.34209,0.13729,0.01254,11,1
1136,956.42,0.12945,0.31981,0.39962,0.15935,0.03935,12,1
2067,2226.1,0.27676,0.39984,0.13521,0.20173,0.02333,4,1
490,526.37,0.0675,0.12705,0.06488,0.05744,0.01597,22,0
436,389.51,0.32562,0.33881,0.30439,0.22437,0.03324,5,1
174,2285.32,0.06436,0.17577,0.0395,0.18342,0.03418,5,0
721,981.14,0.07933,0.04434,0.06984,0.01338,0.02096,23,0
2348,404.91,0.28605,0.41697,0.10828,0.26126,0.01909,16,1
163,2699.98,0.06823,0.19402,0.03777,0.04661,0.03632,2,0
714,8827.28,0.00549,0.0387,0.02612,0.05665,0.01437,17,0
267,5103.65,0.05282,0.25746,0.00926,0.06435,0.03566,23,0
2539,1484.08,0.07641,0.10923,0.32964,0.19957,0.03335,19,1
1789,1811.98,0.20199,0.23678,0.13463,0.20989,0.00863,3,1
1391,3502.81,0.04303,0.14692,0.05346,0.01132,0.00737,23,0
2197,4176.12,0.13083,0.4562,0.2631,0.2141,0.00612,16,1
1450,1391.16,0.31225,0.86195,0.17958,0.20102,0.03608,22,1
1410,1846.74,0.02017,0.17472,0.06902,0.1002,0.02763,14,0
93,2255.22,0.09589,0.23389,0.07867,0.03874,0.01234,12,0
1939,2726.98,0.29912,0.45176,0.31052,0.07478,0.02144,0,1
1352,1629.02,0.07723,0.30007,0.035,0.07914,0.01471,23,0
1946,1644.97,0.11752,0.21751,0.1966,0.12818,0.03763,14,1
1562,5066.55,0.18721,0.83377,0.07783,0.10869,0.01334,21,1
1682,4459.01,0.26419,0.41032,0.12104,0.11555,0.0096,12,1
1268,2574.99,0.50642,0.39412,0.05871,0.23111,0.01964,1,1
164,6534.65,0.11522,0.49581,0.15969,0.00994,0.00204,20,0
1816,1347.1,0.4363,0.30972,0.21333,0.14368,0.03436,19,1
651,6080.07,0.21581,0.48857,0.24984,0.17603,0.0265,12,1
255,2703.84,0.00583,0.27115,0.13184,0.03417,0.02809,11,0
1447,20927.34,0.24753,0.4176,0.16728,0.10476,0.01417,10,1
481,735.96,0.03614,0.25676,0.03579,0.00758,0.02221,13,0
2381,1073.34,0.1271,0.49049,0.13106,0.03302,0.0112,6,1
843,2464.24,0.12061,0.04318,0.08334,0.0434,0.03658,12,0
87,2424.71,0.04436,0.21159,0.07706,0.00178,0.02632,0,0
2301,7770.94,0.08619,0.61949,0.12805,0.1276,0.035,5,1
965,1090.36,0.20529,0.07476,0.03482,0.05002,0.00264,8,0
946,3548.32,0.33173,0.73947,0.28186,0.11065,0.0197,8,1
1622,4304.38,0.20358,0.4002,0.29222,0.234,0.02399,8,1
1503,3053.45,0.30299,0.33909,0.14675,0.30086,0.01735,7,1
130,875.5,0.04255,0.38261,0.05844,0.03011,0.01508,16,0
1595,5173.79,0.44454,0.20459,0.26685,0.25855,0.02768,16,1
1045,4525.74,0.23473,0.41721,0.14455,0.06442,0.03966,8,1
1795,2822.08,0.22148,0.40655,0.33631,0.19178,0.00899,0,1
1974,2098.13,0.22213,0.39469,0.27917,0.06241,0.02008,0,1
1351,2132.65,0.19405,0.20701,0.20889,0.11209,0.00943,11,1
1417,1696.78,0.28356,0.49102,0.20071,0.08193,0.00219,11,1
517,2910.65,0.144,0.35797,0.02323,0.0359,0.00845,20,0
488,1842.53,0.06676,0.14907,0.11358,0.00748,0.00614,12,0
793,952.56,0.04051,0.18377,0.06236,0.01459,0.01208,0,0
2079,819.83,0.2276,0.3092,0.21644,0.05684,0.01809,13,1
981,1024.04,0.12447,0.04718,0.0448,0.01137,0.03588,18,0
678,2126.31,0.12755,0.11785,0.07562,0.12812,0.03651,3,0
1781,1763.98,0.15463,0.28445,0.19972,0.06417,0.00962,6,1
1688,2115.51,0.07727,0.44428,0.23786,0.23904,0.00513,11,1
1973,2620.58,0.2613,0.42933,0.15022,0.11791,0.03763,14,1
594,1124.45,0.0441,0.17757,0.04495,0.00963,0.01879,1,0
1477,5403.42,0.15338,0.54114,0.19408,0.19728,0.02249,10,1
1095,1472.56,0.2423,0.26082,0.02558,0.05648,0.01533,14,0
852,1300.46,0.05894,0.11602,0.0057,0.02063,0.03839,14,0
1008,2584.61,0.10213,0.33647,0.13397,0.08122,0.03814,14,1
277,454.03,0.06249,0.2608,0.01041,0.01688,0.03778,3,0
1239,994.9,0.39447,0.6846,0.51937,0.18309,0.02843,15,1
1025,3756.89,0.09507,0.10311,0.05259,0.03892,0.02922,8,0
1604,489.06,0.00405,0.06569,0.04867,0.01865,0.00962,6,0
2452,4161.88,0.13869,0.40695,0.37896,0.18937,0.01454,4,1
632,5590.89,0.18093,0.63025,0.18522,0.09886,0.01187,7,1
1963,1364.37,0.29655,0.69926,0.3408,0.16293,0.02092,21,1
225,2240.38,0.06176,0.25558,0.18397,0.10437,0.00353,2,0
1670,4166.61,0.3165,0.47802,0.21536,0.20142,0.03507,8,1
1422,1268.32,0.22052,0.46286,0.28011,0.17456,0.03975,12,1
1524,3450.84,0.08621,0.44204,0.08449,0.12511,0.02277,11,1
2082,1088.09,0.16894,0.63733,0.13643,0.12854,0.01752,3,1
810,1258.08,0.06165,0.18102,0.06275,0.0175,0.03028,18,0
2192,988.35,0.11482,0.27283,0.08269,0.23807,0.0202,16,1
1246,2327.45,0.13339,0.29027,0.19007,0.23101,0.02011,20,1
2004,4289.9,0.18935,0.45632,0.27097,0.17432,0.0312,4,1
1177,1567.84,0.00766,0.43115,0.06593,0.03766,0.00268,14,0
894,693.75,0.2529,0.5222,0.27159,0.13123,0.02956,22,1
1413,799.12,0.01725,0.07193,0.00697,0.06287,0.00797,9,0
1185,2419.92,0.32284,0.24765,0.13809,0.11519,0.01788,0,1
1601,7176.95,0.39728,0.34778,0.25506,0.23479,0.01626,12,1
315,2418.34,0.0355,0.27241,0.0248,0.00305,0.03952,2,0
285,1346.64,0.03595,0.40428,0.11413,0.01144,0.03282,14,0
1413,3197.68,0.2393,0.48996,0.29272,0.22076,0.00864,2,1
522,1504.05,0.1887,0.17059,0.10038,0.14188,0.0076,13,1
2581,1355.37,0.22849,0.5363,0.18551,0.18375,0.01132,13,1
1551,877.17,0.04018,0.3575,0.03335,0.0346,0.02791,10,0
1285,5176.47,0.19311,0.09203,0.03657,0.0169,0.03397,2,0
1517,268.04,0.16052,0.68297,0.34105,0.19545,0.02022,22,1
1103,3274.55,0.03311,0.06992,0.16029,0.04644,0.0313,19,0
183,1271.22,0.09588,0.15124,0.22315,0.08331,0.01057,14,0
887,1323.17,0.12289,0.13426,0.17967,0.2041,0.03353,9,1
1631,6404.64,0.07398,0.35675,0.4007,0.13747,0.02968,13,1
1877,1053.57,0.13917,0.47328,0.24781,0.05118,0.03111,12,1
457,1080.84,0.01766,0.11605,0.02832,0.06255,0.007,7,0
934,1632.3,0.00702,0.24989,0.09004,0.01471,0.00566,4,0
1056,2455.11,0.2411,0.52935,0.12568,0.11816,0.02073,3,1
311,1292.26,0.03031,0.13544,0.10037,0.0414,0.03089,22,0
257,552.88,0.03463,0.13201,0.1826,0.06209,0.01309,4,0
708,940.37,0.0208,0.1785,0.13794,0.10009,0.00786,20,0
221,4705.76,0.0858,0.13229,0.13419,0.03394,0.00792,10,0
195,1903.83,0.10414,0.01059,0.09749,0.03873,0.01351,1,0
683,2524.65,0.12675,0.20057,0.0113,0.02665,0.03542,10,0
780,1479.52,0.32452,0.72397,0.17253,0.13309,0.01672,8,1
1434,1097.64,0.264,0.62082,0.28836,0.20953,0.00784,3,1
228,6334.2,0.10188,0.51001,0.35559,0.08609,0.01572,1,1
599,1563.06,0.1243,0.19094,0.06635,0.04354,0.01516,11,0
1031,1290.8,0.18156,0.47162,0.18916,0.14696,0.00338,16,1
1901,4095.52,0.24733,0.5458,0.08121,0.18745,0.01245,12,1
1171,1047.09,0.06731,0.234,0.10009,0.01059,0.00361,1,0
1594,1152.28,0.00591,0.10155,0.15454,0.01156,0.01055,17,0
1408,1813.89,0.3294,0.52647,0.1634,0.15302,0.00842,0,1
1350,1800.36,0.43207,0.34016,0.10549,0.15055,0.03199,12,1
803,2186.92,0.04462,0.14632,0.16047,0.01145,0.01857,9,0
1723,8641.17,0.43515,0.50698,0.187,0.13868,0.01058,11,1
1729,2316.3,0.07616,0.10462,0.03164,0.01214,0.02065,1,0
2366,302.48,0.27291,0.48765,0.24819,0.06375,0.03808,1,1
1853,2299.08,0.27483,0.30096,0.24508,0.0419,0.00277,12,1
1298,1851.87,0.32273,0.35479,0.25726,0.12738,0.01731,6,1
1010,1859.62,0.15556,0.34815,0.02357,0.00142,0.0171,10,0
2326,2164.63,0.28397,0.61416,0.15754,0.0987,0.01425,13,1
881,1761.7,0.20823,0.42682,0.3167,0.20837,0.02164,9,1
1173,1730.36,0.2562,0.25911,0.34869,0.14816,0.03216,18,1
2353,2850.71,0.54005,0.41688,0.17411,0.09924,0.03428,20,1
1249,1198.69,0.37239,0.27,0.16622,0.24504,0.01612,7,1
484,884.28,0.38737,0.04325,0.05536,0.09258,0.02636,6,0
1834,17385.26,0.08571,0.44945,0.34282,0.17564,0.00887,8,1
639,1052.21,0.05584,0.20181,0.03609,0.11479,0.02855,15,0
1756,1940.4,0.12618,0.33671,0.16505,0.12591,0.03307,8,1
1643,586.28,0.19531,0.09562,0.05448,0.03456,0.00615,5,0
1049,1964.3,0.1346,0.34561,0.06487,0.31462,0.02512,23,1
990,893.93,0.08793,0.0087,0.00355,0.03787,0.00879,8,0
2283,1291.66,0.24317,0.45242,0.21033,0.05762,0.03347,11,1
1540,3941.59,0.29301,0.61234,0.22608,0.08313,0.01347,13,1
450,2564.58,0.03027,0.09037,0.03045,0.04805,0.00633,8,0
1794,2756.86,0.17224,0.47502,0.27773,0.14204,0.03774,13,1
1471,476.82,0.21248,0.51694,0.3627,0.10031,0.01119,1,1
1646,7138.18,0.33654,0.50115,0.29515,0.16039,0.02084,12,1
538,736.3,0.25307,0.52246,0.22449,0.11542,0.00633,5,1
808,5664.44,0.44214,0.41082,0.40495,0.02934,0.03825,20,1
1765,3872.67,0.16293,0.34184,0.29412,0.18662,0.0317,21,1
495,2775.38,0.00582,0.10678,0.02516,0.0275,0.00729,12,0
1270,947.95,0.25838,0.47315,0.23744,0.24378,0.0309,9,1
1292,2016.73,0.39333,0.42436,0.17535,0.16653,0.00383,12,1
385,1264.4,0.14706,0.15789,0.04643,0.09815,0.0146,15,0
1067,1839.63,0.11887,0.45737,0.25425,0.07856,0.03321,16,1
1531,1492.4,0.21902,0.62796,0.33078,0.12514,0.01609,13,1
2294,390.17,0.23551,0.28593,0.24734,0.21048,0.01029,14,1
82,4175.04,0.24696,0.16389,0.06659,0.01294,0.0175,14,0
1063,1693.77,0.11812,0.39068,0.28866,0.1582,0.02644,22,1
184,1251.3,0.10003,0.42749,0.01123,0.00794,0.03255,6,0
1353,1182.39,0.18858,0.23996,0.28246,0.26571,0.01552,21,1
1109,2355.21,0.25139,0.63947,0.15832,0.14728,0.00567,12,1
1724,920.78,0.25885,0.38683,0.29005,0.03348,0.03588,20,1
1625,331.68,0.34135,0.32791,0.39221,0.03259,0.0253,16,1
2270,2442.77,0.21049,0.4005,0.19089,0.25111,0.02736,22,1
1471,2656.78,0.14019,0.42355,0.32632,0.27298,0.02072,0,1
834,1549.7,0.09526,0.34027,0.04172,0.06832,0.01875,2,0
1962,760.99,0.05978,0.16489,0.2993,0.18678,0.02227,22,1
899,1924.16,0.09626,0.30309,0.00411,0.06572,0.00828,3,0
2336,600.13,0.22301,0.40858,0.29427,0.1745,0.02605,15,1
2577,833.07,0.2617,0.31271,0.221,0.13022,0.02421,6,1
1398,1025.07,0.38836,0.27465,0.27832,0.15428,0.03071,4,1
1240,3389.7,0.04458,0.14303,0.08422,0.01731,0.03882,18,0
519,1371.39,0.03728,0.15671,0.21387,0.01055,0.00751,1,0
2219,1286.45,0.12369,0.57697,0.31373,0.25564,0.03099,19,1
2001,7797.52,0.37297,0.12709,0.18079,0.21817,0.01913,9,1
2145,2344.64,0.20393,0.21597,0.358,0.06911,0.02372,8,1
539,2321.08,0.09189,0.56163,0.01397,0.00361,0.00745,7,0
1740,1364.12,0.215,0.48096,0.40964,0.16594,0.03051,10,1
888,1150.86,0.00718,0.40729,0.0156,0.00019,0.0271,16,0
398,349.23,0.01748,0.27998,0.01235,0.01214,0.02939,6,0
374,3722.3,0.09914,0.07159,0.0521,0.03189,0.03552,16,0
1883,2519.4,0.26042,0.37616,0.18379,0.23042,0.00583,11,1
629,1573.67,0.03807,0.38318,0.0353,0.0073,0.02181,6,0
255,1623.96,0.03057,0.41001,0.01233,0.0076,0.01871,0,0
814,3126.44,0.11757,0.05115,0.06153,0.04013,0.03209,11,0
1683,560.88,0.15449,0.47072,0.36782,0.17439,0.00634,8,1
628,1156.47,0.09403,0.12355,0.01946,0.02,0.03382,10,0
2001,767.64,0.14162,0.34309,0.14269,0.24418,0.03743,21,1
1821,6796.57,0.1517,0.43498,0.26704,0.0554,0.02764,9,1
961,3471.3,0.09292,0.1041,0.11705,0.00624,0.00637,9,0
2123,344.99,0.22231,0.66202,0.29241,0.26564,0.03954,17,1
824,578.37,0.14078,0.16822,0.08558,0.05656,0.01819,9,0
320,1629.91,0.06789,0.26828,0.08745,0.01375,0.02321,20,0
141,1262.96,0.03165,0.23346,0.02505,0.0215,0.00902,15,0
1693,666.64,0.00295,0.05306,0.05104,0.03313,0.02871,2,0
1730,7739.66,0.01621,0.22558,0.10206,0.00122,0.01612,21,0
1462,2275.48,0.10781,0.62079,0.29962,0.14956,0.01331,7,1
257,2569.98,0.04347,0.27899,0.02623,0.01401,0.02664,22,0
1467,1071.2,0.21277,0.25506,0.20094,0.102,0.01312,6,1
150,3094.09,0.13609,0.31556,0.06444,0.07824,0.02538,6,0
613,1353.19,0.34013,0.51138,0.35585,0.22665,0.02416,3,1
503,1455.4,0.03756,0.17218,0.05795,0.07569,0.03051,1,0
1064,2846.35,0.05729,0.11491,0.07833,0.05987,0.01914,19,0
192,530.49,0.05844,0.30931,0.08117,0.03717,0.03206,18,0
2297,5962.9,0.3818,0.42915,0.24306,0.08621,0.01815,19,1
1724,2063.86,0.17615,0.64516,0.19865,0.15104,0.01684,8,1
1016,4704.38,0.23165,0.59053,0.09177,0.19602,0.00393,9,1
1807,803.5,0.31236,0.21143,0.16491,0.15888,0.02236,2,1
1928,900.7,0.12406,0.51591,0.16884,0.16604,0.00767,10,1
617,753.04,0.10184,0.21186,0.0509,0.02582,0.02933,20,0
161,2171.7,0.01021,0.18086,0.09223,0.01938,0.02308,9,0
167,1891.32,0.05685,0.16285,0.06133,0.05329,0.00753,18,0
1545,1270.59,0.1064,0.32209,0.01468,0.02989,0.01643,0,0
271,841.34,0.16878,0.11258,0.04638,0.01262,0.02365,1,0
1605,696.17,0.38277,0.30579,0.18156,0.35547,0.004,23,1
1516,1735.72,0.14263,0.71002,0.26646,0.1941,0.02281,18,1
1565,1269.47,0.19305,0.39928,0.22067,0.15783,0.03824,16,1
184,1076.36,0.01615,0.17793,0.04152,0.01683,0.01827,16,0
1624,5743.7,0.01296,0.24397,0.07562,0.01509,0.03959,20,0
1795,1692.22,0.2033,0.3355,0.24551,0.12861,0.02763,3,1
852,4666.08,0.04334,0.10894,0.26204,0.04129,0.01197,7,0
436,1206.65,0.08208,0.22395,0.10452,0.03917,0.0145,11,0
1760,2162.72,0.05933,0.05266,0.09795,0.01357,0.00955,3,0
599,1726.64,0.11943,0.40482,0.02253,0.03055,0.00395,12,0
923,503.87,0.15147,0.04074,0.01546,0.03423,0.01319,3,0
1023,5254.27,0.26508,0.31257,0.59261,0.14638,0.00548,7,1
476,1626.49,0.03347,0.15156,0.05737,0.018,0.01639,23,0
796,3150.62,0.067,0.14727,0.06772,0.00213,0.032,13,0
340,1024.05,0.11585,0.12532,0.0083,0.00608,0.00709,9,0
82,1590.67,0.12996,0.38268,0.09952,0.07607,0.0362,18,0
1382,939.55,0.41904,0.59562,0.32448,0.05351,0.02264,10,1
272,4548.45,0.05004,0.02281,0.04939,0.02354,0.03661,11,0
1206,2273.55,0.48778,0.60153,0.12044,0.11122,0.01504,0,1
1563,2370.44,0.01033,0.19392,0.1397,0.02652,0.0122,9,0
359,4984.96,0.01825,0.20679,0.00299,0.00016,0.03151,22,0
82,4284.67,0.20317,0.39159,0.05664,0.01006,0.03489,17,0
271,3195.66,0.03177,0.12544,0.02384,0.05462,0.03639,22,0
954,619.71,0.13878,0.45304,0.0002,0.00335,0.03837,18,0
1360,1068.26,0.1584,0.60389,0.34315,0.17194,0.01442,23,1
1452,847.78,0.28822,0.37886,0.2673,0.09934,0.01698,0,1
321,3106.31,0.48255,0.42707,0.25344,0.16067,0.03599,12,1
652,2045.77,0.07255,0.03471,0.10327,0.01916,0.03947,10,0
785,634.39,0.03706,0.23386,0.13226,0.01823,0.01766,14,0
821,1562.41,0.07402,0.17587,0.05145,0.02354,0.02174,9,0
1027,586.96,0.01039,0.31133,0.12932,0.02298,0.01991,23,0
2169,1729.65,0.23825,0.39666,0.1592,0.06623,0.03221,18,1
1371,520.1,0.17503,0.49962,0.2108,0.14758,0.02855,5,1
1526,2676.23,0.02783,0.34072,0.0226,0.04796,0.00565,23,0
1679,2389.92,0.16677,0.3272,0.21803,0.13008,0.01486,5,1
1345,7528.89,0.10632,0.47508,0.47801,0.1032,0.0219,10,1
473,3399.72,0.04155,0.25307,0.10803,0.09249,0.02977,8,0
859,1310.75,0.21763,0.25896,0.18639,0.16412,0.03829,0,1
1107,3324.57,0.00696,0.00543,0.03914,0.02211,0.00731,11,0
497,630.99,0.0632,0.44107,0.02067,0.02596,0.01022,9,0
1652,874.53,0.00925,0.01034,0.0735,0.03295,0.00237,6,0
905,2310.92,0.19011,0.16043,0.00857,0.02887,0.00582,15,0
1736,356.69,0.42961,0.45501,0.38147,0.11977,0.01334,13,1
2034,1750.53,0.2577,0.60961,0.29635,0.16865,0.00931,14,1
653,837.44,0.13931,0.04954,0.07213,0.09149,0.03332,18,0
827,1942.09,0.15464,0.61188,0.06193,0.10845,0.0331,11,1
2165,802.11,0.125,0.38102,0.0826,0.14696,0.02177,20,1
648,2474.34,0.08174,0.11921,0.10956,0.054,0.00843,18,0
504,1826.28,0.02368,0.32509,0.05976,0.03446,0.0162,4,0
2092,5145.18,0.19408,0.55,0.1897,0.09039,0.0058,12,1
1229,1809.11,0.2012,0.22641,0.09398,0.05271,0.01209,21,1
689,1011.37,0.20153,0.32457,0.11357,0.28446,0.0398,17,1
1765,1495.74,0.17405,0.39119,0.25823,0.12305,0.02343,13,1
872,656.79,0.10529,0.20386,0.0778,0.0181,0.02799,1,0
1566,2440.96,0.05328,0.13261,0.03124,0.02337,0.03071,15,0
2001,2801.55,0.49792,0.34561,0.27361,0.14128,0.00827,2,1
1148,11469.41,0.2251,0.68559,0.16298,0.13677,0.0359,1,1
338,1129.09,0.15514,0.17418,0.18267,0.01066,0.03887,10,0
1118,1472.47,0.08019,0.05119,0.08731,0.03248,0.02458,20,0
962,1168.79,0.20642,0.47109,0.29989,0.22754,0.01617,21,1
628,2110.39,0.12088,0.2276,0.03587,0.02369,0.03615,18,0
509,2396.61,0.24567,0.35102,0.42136,0.17889,0.02423,23,1
899,1729.37,0.28981,0.34572,0.13604,0.15223,0.03784,16,1
2208,4065.48,0.49321,0.44045,0.28361,0.18132,0.02188,14,1
234,1133.21,0.07732,0.27242,0.04834,0.04087,0.01261,15,0
95,3771.29,0.04142,0.43876,0.05801,0.01017,0.00453,18,0
1949,2695.71,0.11114,0.40285,0.16614,0.22518,0.00786,9,1
403,1783.83,0.12551,0.21645,0.07097,0.00175,0.01445,8,0
1484,1421.32,0.02561,0.15819,0.19406,0.07302,0.03128,20,0
876,11109.35,0.11821,0.56484,0.19658,0.20346,0.01835,18,1
1221,975.34,0.19288,0.56422,0.23898,0.22617,0.02765,8,1
270,2250.69,0.09493,0.14689,0.04084,0.04263,0.0293,20,0
1294,1025.44,0.03027,0.01707,0.13964,0.02396,0.00306,2,0
1373,6868.89,0.38945,0.43839,0.15666,0.26473,0.00318,10,1
1742,3500.5,0.20221,0.47981,0.25175,0.17489,0.03265,8,1
926,1082.23,0.17954,0.4862,0.13711,0.05826,0.03042,7,1
232,2643.84,0.05402,0.20243,0.09598,0.01927,0.02763,13,0
1059,2183.78,0.02109,0.2341,0.01532,0.06264,0.01164,19,0
658,1221.79,0.2178,0.46493,0.16746,0.1136,0.01115,5,1
1864,3178.5,0.23335,0.52983,0.22878,0.23114,0.00265,0,1
1768,2410.33,0.16721,0.5212,0.18394,0.21522,0.01203,15,1
1710,2116.07,0.34214,0.44,0.45843,0.1432,0.03934,14,1
929,1744.29,0.0549,0.19133,0.03124,0.0398,0.01902,13,0
88,2487.0,0.07056,0.03611,0.12413,0.14947,0.00657,19,0
562,2137.91,0.02751,0.1347,0.06703,0.06729,0.02298,20,0
2014,1881.57,0.27136,0.38406,0.1934,0.0634,0.02536,23,1
997,1112.96,0.20714,0.13499,0.04374,0.00195,0.0137,17,0
2006,6411.62,0.06862,0.25422,0.41153,0.08168,0.00699,15,1
867,818.71,0.00695,0.37628,0.05534,0.00589,0.02129,7,0
471,2480.63,0.3519,0.36353,0.26225,0.23866,0.03274,5,1
1622,1415.67,0.00075,0.0964,0.11775,0.03988,0.01893,17,0
2290,6735.87,0.46369,0.4173,0.15767,0.28403,0.0264,20,1
2585,914.09,0.2304,0.35644,0.28536,0.22846,0.00861,5,1
1942,1037.01,0.21752,0.533,0.22702,0.15947,0.00979,12,1
1302,869.73,0.16923,0.37683,0.2422,0.15393,0.00458,16,1
908,2294.2,0.28483,0.37123,0.34428,0.06064,0.03098,21,1
507,642.75,0.01412,0.41577,0.03987,0.14682,0.01903,14,0
2175,1257.2,0.40956,0.22956,0.44842,0.19009,0.0297,0,1
1882,358.26,0.13684,0.41602,0.34391,0.15932,0.03674,1,1
861,2155.67,0.04274,0.4744,0.11395,0.05111,0.00396,15,0
2046,1236.92,0.23355,0.55458,0.1898,0.11867,0.01947,11,1
1117,589.63,0.07167,0.38594,0.02406,0.07955,0.01408,14,0
2396,4063.29,0.11381,0.46507,0.11666,0.14695,0.0134,3,1
2124,675.05,0.12061,0.47858,0.08177,0.07028,0.01317,3,1
607,3272.3,0.18381,0.39847,0.2636,0.2398,0.02401,22,1
701,1063.97,0.0138,0.12432,0.03197,0.02766,0.02979,20,0
1834,5983.26,0.20527,0.58467,0.24385,0.14403,0.03525,19,1
1761,3158.03,0.15988,0.47378,0.18613,0.08925,0.01113,8,1
335,845.14,0.03932,0.03977,0.19271,0.00222,0.0352,0,0
800,904.81,0.23795,0.6424,0.29116,0.0848,0.02324,2,1
1256,2834.68,0.24938,0.19014,0.20794,0.2723,0.0068,7,1
1454,1478.46,0.07461,0.4938,0.00576,0.01311,0.00962,21,0
274,1585.31,0.10751,0.46334,0.07231,0.00994,0.03744,6,0
1893,4673.77,0.3373,0.17978,0.05528,0.1639,0.02346,18,1
589,1026.62,0.21475,0.03494,0.00615,0.02152,0.01684,10,0
452,1927.56,0.13747,0.05728,0.05434,0.00309,0.0159,3,0
1407,3683.11,0.20701,0.30087,0.20254,0.19456,0.03317,13,1
1487,3302.32,0.35828,0.39077,0.38043,0.15094,0.03148,15,1
1303,1596.92,0.15743,0.39691,0.24709,0.18137,0.00296,16,1
1213,1449.34,0.18517,0.53819,0.28198,0.22297,0.03085,5,1
1496,488.54,0.05457,0.11758,0.03287,0.0535,0.01315,4,0
702,815.14,0.30483,0.19721,0.21304,0.22692,0.00524,7,1
1802,2285.43,0.2219,0.50761,0.3449,0.0676,0.02728,15,1
389,1623.16,0.0949,0.45869,0.42116,0.10746,0.03171,8,1
1487,1904.05,0.25027,0.47467,0.27445,0.15188,0.03658,5,1
1088,3924.45,0.21532,0.36942,0.21832,0.20988,0.03342,14,1
739,738.82,0.05252,0.25991,0.06957,0.03908,0.01049,11,0
112,1507.8,0.01288,0.0323,0.08589,0.05627,0.01474,17,0
1640,2073.67,0.21816,0.79214,0.19198,0.11078,0.03388,2,1
648,1061.48,0.53919,0.33831,0.57014,0.1479,0.0217,22,1
1939,5266.65,0.25347,0.33473,0.27184,0.10612,0.01715,22,1
1327,3558.1,0.1173,0.18988,0.08326,0.04763,0.00846,20,0
1533,2237.56,0.02149,0.03717,0.00856,0.08633,0.00488,0,0
1511,6913.39,0.20852,0.40572,0.29548,0.04315,0.03192,21,1
598,584.86,0.07834,0.21348,0.09987,0.0082,0.0116,2,0
1468,1789.6,0.1381,0.42723,0.15,0.26472,0.02863,21,1
2210,2369.17,0.15399,0.73397,0.28433,0.16195,0.02014,21,1
625,906.53,0.03912,0.01504,0.1724,0.02329,0.00874,8,0
293,2255.39,0.03586,0.14897,0.15029,0.0112,0.00754,23,0
1894,784.94,0.19999,0.36587,0.29556,0.26779,0.01298,10,1
334,3021.35,0.13264,0.04634,0.07963,0.06558,0.00206,9,0
1689,3979.53,0.24503,0.31511,0.28309,0.14472,0.03338,4,1
1163,2207.89,0.1815,0.57301,0.33059,0.12167,0.01059,22,1
296,448.52,0.10222,0.50354,0.02713,0.01738,0.03648,13,0
1415,871.7,0.03405,0.07177,0.09247,0.01046,0.01714,9,0
327,2749.23,0.0299,0.22164,0.03165,0.02535,0.02284,9,0
1232,1828.85,0.03311,0.30754,0.07181,0.012,0.01649,21,0
1922,238.66,0.095,0.30584,0.25818,0.17473,0.00901,23,1
183,4571.81,0.0159,0.11083,0.01358,0.02378,0.01229,19,0
377,1994.27,0.02165,0.38518,0.07034,0.01256,0.0272,1,0
1446,973.83,0.02218,0.17051,0.0548,0.02292,0.02672,17,0
1052,3796.21,0.30546,0.29711,0.1406,0.20153,0.02306,11,1
288,1082.89,0.08024,0.1093,0.06788,0.014,0.0095,2,0
2341,1074.06,0.25774,0.48943,0.24938,0.13514,0.01042,19,1
535,2355.02,0.02358,0.35135,0.06445,0.05405,0.002,7,0
86,6845.32,0.0245,0.22457,0.19227,0.01794,0.03803,15,0
1669,6082.87,0.0101,0.14222,0.1344,0.05005,0.02106,15,0
108,2357.43,0.05642,0.03577,0.0429,0.00743,0.01767,20,0
1031,2546.13,0.05829,0.08273,0.11286,0.02796,0.00945,0,0
2133,3258.97,0.23654,0.48343,0.27944,0.20119,0.02863,23,1
1821,701.21,0.14232,0.72059,0.26241,0.24352,0.00491,21,1
1463,2918.0,0.21727,0.32758,0.28698,0.15637,0.01291,18,1
1545,1037.93,0.15003,0.62463,0.30401,0.12922,0.01243,6,1
298,2285.64,0.09926,0.05798,0.02219,0.03434,0.03924,10,0
1682,1517.68,0.37315,0.47302,0.11116,0.10994,0.02409,3,1
2212,2621.36,0.4179,0.58257,0.25624,0.17241,0.02847,4,1
236,1966.71,0.04597,0.25372,0.03227,0.09369,0.03205,4,0
1594,179.61,0.0176,0.25619,0.07416,0.02629,0.026,7,0
1084,2058.45,0.27206,0.32485,0.2953,0.05567,0.01293,13,1
1395,2913.63,0.21374,0.26468,0.24205,0.03808,0.02431,0,1
364,2514.9,0.3411,0.02019,0.03439,0.00477,0.00295,3,0
1715,1666.7,0.25105,0.36904,0.15721,0.20933,0.01694,0,1
880,6168.21,0.34368,0.49432,0.28498,0.07122,0.00673,15,1
549,2273.49,0.03472,0.31482,0.02161,0.01994,0.00343,15,0
2186,2499.38,0.13526,0.69264,0.19252,0.05709,0.02572,21,1
1021,3939.9,0.31762,0.75885,0.29349,0.09899,0.02779,21,1
849,2362.53,0.05536,0.10421,0.09257,0.0092,0.02896,21,0
1255,917.85,0.18195,0.50647,0.2753,0.05783,0.01411,8,1
307,289.1,0.02095,0.21428,0.012,0.06894,0.00994,16,0
586,1258.53,0.0056,0.12713,0.09871,0.06096,0.03586,12,0
1569,3185.14,0.08249,0.53846,0.32103,0.18133,0.03927,6,1
1221,1381.22,0.00946,0.10485,0.00554,0.02143,0.0336,23,0
1920,3282.71,0.31941,0.44346,0.1671,0.21743,0.03863,10,1
2152,2012.41,0.25442,0.40749,0.34764,0.08844,0.00912,20,1
406,4729.58,0.01299,0.13369,0.05633,0.00789,0.03222,6,0
111,1442.49,0.10185,0.22079,0.02013,0.02039,0.00708,21,0
169,2556.14,0.02081,0.08156,0.00455,0.01763,0.0107,13,0
1104,2630.57,0.02983,0.15677,0.05075,0.08023,0.00521,4,0
855,5551.06,0.27403,0.47822,0.18875,0.24783,0.03466,0,1
477,500.48,0.22851,0.13475,0.05086,0.01829,0.00311,16,0
1772,1276.32,0.09154,0.20011,0.29694,0.17009,0.00567,10,1
2431,3401.35,0.1422,0.15974,0.51257,0.11635,0.01525,10,1
1523,5738.56,0.01389,0.12689,0.07864,0.0227,0.03784,6,0
516,2155.11,0.11901,0.14716,0.10508,0.01649,0.0292,1,0
1883,1445.22,0.22961,0.34745,0.05841,0.16508,0.011,5,1
1746,3176.01,0.12428,0.45834,0.25505,0.14104,0.01424,17,1
398,3453.24,0.13741,0.04704,0.01358,0.06881,0.01208,5,0
1032,1374.43,0.02105,0.43045,0.06494,0.01942,0.02788,6,0
983,2306.01,0.07578,0.1862,0.07987,0.00911,0.03877,5,0
1022,4363.1,0.27734,0.5545,0.15599,0.14519,0.01382,14,1
1589,7430.78,0.2384,0.30954,0.25186,0.08016,0.00692,3,1
1245,3141.63,0.06142,0.08845,0.01166,0.01761,0.02856,10,0
1246,1860.58,0.19924,0.55591,0.31971,0.14786,0.02013,1,1
1603,1728.46,0.20124,0.72326,0.10542,0.07499,0.02844,3,1
1392,2734.19,0.06277,0.1106,0.00451,0.02227,0.03441,13,0
1055,1650.42,0.05699,0.18342,0.13656,0.01326,0.03074,14,0
540,2075.12,0.07254,0.01333,0.04757,0.05329,0.02211,22,0
2212,814.14,0.27643,0.24057,0.32167,0.15855,0.0368,18,1
1727,4761.58,0.1562,0.37605,0.12396,0.11281,0.0121,12,1
1937,765.4,0.31096,0.62775,0.1788,0.11565,0.02803,6,1
337,1301.74,0.07956,0.07016,0.06746,0.08515,0.01876,15,0
1034,1936.69,0.2431,0.33067,0.09913,0.3085,0.01755,14,1
2131,8012.69,0.07682,0.37958,0.41775,0.15467,0.02474,17,1
965,1310.98,0.1161,0.24603,0.15173,0.05284,0.00743,16,0
1701,1092.29,0.13566,0.07974,0.09157,0.00616,0.00564,1,0
101,1190.86,0.03328,0.01975,0.0614,0.0354,0.01555,11,0
140,6246.11,0.00274,0.29038,0.05593,0.00097,0.0328,12,0
1707,218.39,0.09838,0.41254,0.27203,0.23839,0.02367,19,1
1427,848.52,0.23489,0.39948,0.14869,0.21472,0.03681,12,1
974,13960.8,0.07883,0.23316,0.05654,0.04849,0.01644,19,0
1036,2803.72,0.16549,0.27612,0.22618,0.12892,0.01547,12,1
1376,785.29,0.41111,0.43938,0.19989,0.20283,0.02757,4,1
2064,1744.29,0.43196,0.35703,0.15694,0.12457,0.03236,15,1
241,1893.41,0.12658,0.16566,0.04625,0.01836,0.00946,6,0
2238,3395.26,0.28074,0.29493,0.0572,0.19848,0.01185,18,1
2051,7152.15,0.28481,0.12169,0.26452,0.09721,0.00949,17,1
1673,2408.97,0.08944,0.32555,0.28311,0.09467,0.01368,17,1
759,1200.75,0.04572,0.3549,0.06927,0.01423,0.00687,6,0
355,3248.2,0.05744,0.20053,0.05484,0.00088,0.03799,2,0
1994,1066.2,0.14769,0.366,0.33619,0.12935,0.0389,17,1
987,829.26,0.19716,0.55502,0.20286,0.15086,0.03033,8,1
336,480.88,0.09268,0.03355,0.01156,0.04207,0.02819,13,0
698,556.52,0.01594,0.59247,0.14526,0.0139,0.00942,11,0
2398,918.93,0.10059,0.29524,0.27911,0.14292,0.00791,1,1
536,744.12,0.11039,0.10662,0.10439,0.00281,0.00515,3,0
386,2276.67,0.02822,0.10726,0.01757,0.00582,0.00558,1,0
1356,732.15,0.1382,0.43297,0.27792,0.14987,0.02467,5,1
423,170.34,0.06532,0.13448,0.15568,0.01895,0.00731,0,0
1662,822.71,0.03433,0.02841,0.11665,0.02214,0.03653,18,0
1733,1263.51,0.3406,0.51418,0.3333,0.27761,0.01676,9,1
2626,1143.05,0.16328,0.38696,0.24778,0.19327,0.00316,11,1
2351,5626.18,0.13641,0.36937,0.19978,0.19481,0.03613,11,1
499,1136.13,0.03436,0.10941,0.13312,0.06706,0.03583,10,0
1202,3485.04,0.24076,0.35967,0.12815,0.09509,0.00798,18,1
669,1774.56,0.03633,0.26659,0.00339,0.02944,0.03218,10,0
888,1743.79,0.02308,0.18072,0.0105,0.02682,0.00982,21,0
2260,961.99,0.16339,0.46262,0.34258,0.12446,0.0112,15,1
1707,1722.37,0.37078,0.22785,0.30757,0.215,0.0132,22,1
1188,1014.06,0.01583,0.12978,0.11389,0.01583,0.02778,16,0
2082,2044.81,0.22342,0.5607,0.11055,0.13214,0.01351,11,1
1307,1507.72,0.16421,0.39881,0.45685,0.0959,0.00703,3,1
731,886.31,0.11687,0.43171,0.11551,0.00744,0.01064,17,0
790,3787.5,0.01218,0.06618,0.08797,0.03861,0.00287,1,0
969,2479.15,0.06943,0.31712,0.03679,0.00736,0.00359,16,0
803,1286.26,0.14329,0.45688,0.24966,0.04553,0.03942,16,1
1799,2007.53,0.44368,0.57004,0.35632,0.1279,0.01526,7,1
1202,1690.32,0.1421,0.19739,0.00697,0.02593,0.02909,10,0
1474,939.03,0.23543,0.49953,0.16768,0.16144,0.03046,10,1
998,1897.73,0.09349,0.21057,0.10547,0.07136,0.02071,2,0
1426,1129.79,0.0132,0.20467,0.12528,0.03502,0.03473,19,0
1888,886.11,0.29632,0.37745,0.08522,0.12816,0.02544,2,1
1380,532.97,0.2419,0.49355,0.14444,0.18166,0.03639,8,1
1136,1375.52,0.10976,0.41423,0.38159,0.15616,0.0248,23,1
259,2753.89,0.02485,0.03142,0.05122,0.11161,0.00453,3,0
2209,1069.07,0.37835,0.33761,0.12492,0.2115,0.00893,4,1
2255,11921.2,0.17842,0.30393,0.39622,0.11948,0.0167,3,1
1630,3497.51,0.3548,0.37954,0.2364,0.21149,0.03633,22,1
2339,4787.62,0.24359,0.54048,0.33514,0.29853,0.0361,15,1
2053,3268.13,0.23395,0.52238,0.15971,0.15224,0.01692,0,1
1921,7224.19,0.2362,0.35434,0.14647,0.05871,0.01052,14,1
1334,997.54,0.26638,0.71276,0.33155,0.26427,0.01428,23,1
251,263.75,0.04811,0.14356,0.15142,0.02397,0.02158,3,0
85,1288.13,0.12687,0.11769,0.21361,0.05912,0.014,5,0
431,2735.87,0.09189,0.22472,0.12122,0.04,0.0046,10,0
1231,2016.62,0.11155,0.33661,0.28776,0.10602,0.03665,0,1
1488,2213.09,0.4159,0.37975,0.28683,0.04577,0.02712,18,1
1656,4847.53,0.24214,0.20216,0.31914,0.25598,0.03379,6,1
119,2397.27,0.02202,0.21731,0.1072,0.05218,0.00711,18,0
441,3277.14,0.12326,0.22093,0.02977,0.05881,0.02577,15,0
2095,889.69,0.14863,0.45473,0.38075,0.09556,0.01944,9,1
1923,791.55,0.19164,0.51003,0.37572,0.08239,0.03089,16,1
728,6039.81,0.16497,0.02968,0.0842,0.09234,0.03485,18,0
1740,1941.5,0.17051,0.42214,0.30325,0.11,0.00672,20,1
1567,1127.91,0.29214,0.31299,0.3501,0.26043,0.02617,16,1
1681,1129.46,0.06255,0.0908,0.07442,0.0184,0.01946,22,0
1606,1106.22,0.02196,0.06457,0.00498,0.07412,0.01989,21,0
1161,1057.67,0.02938,0.42903,0.0339,0.01467,0.01734,21,0
758,687.58,0.09178,0.10644,0.04898,0.04505,0.0034,15,0
1676,584.19,0.19541,0.7038,0.20218,0.16751,0.01351,5,1
628,1555.09,0.08402,0.02909,0.03394,0.15156,0.03469,10,0
1575,1153.84,0.30454,0.60714,0.23973,0.21902,0.02745,18,1
1127,4129.5,0.01467,0.53044,0.01293,0.04292,0.03276,6,0
1062,2242.51,0.05681,0.19523,0.0393,0.00528,0.01811,4,0
1965,2196.3,0.37213,0.44998,0.18374,0.25441,0.03537,21,1
1396,1030.91,0.07164,0.6225,0.06561,0.18778,0.027,23,1
783,1643.81,0.00707,0.08519,0.04449,0.016,0.03568,12,0
97,2359.71,0.05591,0.08316,0.05093,0.00951,0.01979,17,0
1115,3080.01,0.04309,0.04266,0.07736,0.01619,0.02792,17,0
1680,1677.61,0.30106,0.45146,0.24887,0.13533,0.00924,19,1
2045,4043.58,0.38122,0.26328,0.13527,0.19011,0.01576,4,1
947,1810.82,0.16045,0.24441,0.04143,0.00726,0.00772,16,0
1504,3262.27,0.20197,0.49502,0.18261,0.20833,0.00963,13,1
196,1246.57,0.04623,0.12088,0.17728,0.02845,0.01749,7,0
418,462.25,0.05936,0.34448,0.00811,0.0042,0.01731,5,0
1275,2201.32,0.26261,0.39924,0.15616,0.12363,0.0343,14,1
1304,3101.17,0.33183,0.41339,0.27829,0.11769,0.02015,11,1
703,2771.25,0.03861,0.1378,0.04799,0.01001,0.00736,12,0
1519,2470.52,0.19121,0.44182,0.30369,0.11981,0.03834,2,1
2162,1385.9,0.17879,0.32511,0.28616,0.24345,0.01329,19,1
305,982.88,0.02769,0.45403,0.01977,0.06269,0.01025,12,0
1344,2722.59,0.2085,0.38511,0.14209,0.2046,0.03981,17,1
360,2478.42,0.06946,0.54306,0.01538,0.12867,0.02376,10,0
609,1181.89,0.12478,0.384,0.04941,0.03102,0.00938,16,0
1539,4136.52,0.1759,0.26605,0.28444,0.17071,0.01726,15,1
160,928.34,0.04405,0.24953,0.06698,0.02545,0.01194,21,0
967,1162.0,0.18995,0.25318,0.38366,0.1673,0.01762,5,1
385,6141.72,0.33177,0.35093,0.0837,0.15267,0.02134,22,1
2135,3452.93,0.238,0.3693,0.1111,0.1659,0.02484,16,1
2161,1376.14,0.28815,0.41041,0.26135,0.17151,0.01206,21,1
741,2232.95,0.33527,0.35048,0.18227,0.12572,0.00799,22,1
855,2021.58,0.35906,0.43852,0.31299,0.05343,0.02217,0,1
250,229.6,0.15689,0.09926,0.07324,0.02457,0.02543,16,0
1032,912.04,0.29568,0.81805,0.11575,0.14372,0.0073,20,1
2226,1732.65,0.22798,0.49078,0.27735,0.23831,0.02158,13,1
1963,1377.58,0.48459,0.44408,0.15871,0.15588,0.0383,4,1
2373,2166.5,0.24358,0.13918,0.33412,0.16849,0.01383,11,1
671,4199.22,0.01545,0.08481,0.01547,0.01459,0.00728,19,0
558,1414.3,0.01375,0.27668,0.14243,0.02141,0.01958,16,0
902,814.28,0.13291,0.20963,0.05969,0.01047,0.019,2,0
1085,2296.59,0.21701,0.50667,0.12581,0.12131,0.02096,23,1
2246,1408.91,0.10569,0.32501,0.21519,0.14022,0.01181,19,1
399,1601.18,0.01745,0.08093,0.11961,0.01127,0.02827,16,0
903,1446.22,0.20444,0.12947,0.13402,0.02742,0.00954,1,0
1558,9671.32,0.19137,0.68682,0.24445,0.20196,0.03276,3,1
178,335.3,0.07883,0.16565,0.00327,0.0182,0.0058,2,0
1022,1345.19,0.33969,0.3721,0.16604,0.14826,0.03999,1,1
1218,1795.03,0.13379,0.55578,0.36342,0.04073,0.00891,22,1
526,1001.93,0.08089,0.07129,0.00501,0.03143,0.03773,2,0
300,3534.8,0.12778,0.10045,0.10478,0.04348,0.01689,14,0
157,3312.59,0.00728,0.08809,0.0055,0.01731,0.0173,0,0
94,1736.67,0.10094,0.2746,0.01107,0.00539,0.03501,15,0
1407,1469.29,0.09633,0.60064,0.32183,0.31551,0.00289,18,1
234,1655.03,0.04182,0.12377,0.02808,0.01417,0.01156,16,0
2321,1663.95,0.15116,0.28331,0.3931,0.15973,0.00514,9,1
724,1697.25,0.21522,0.79969,0.09111,0.16324,0.03894,10,1
1202,1563.28,0.05905,0.2297,0.01237,0.02834,0.02567,5,0
1238,2175.21,0.03395,0.27456,0.00412,0.01079,0.02019,5,0
1475,3166.72,0.44195,0.48535,0.14879,0.22452,0.01678,14,1
1745,715.4,0.15619,0.37487,0.32421,0.13606,0.03501,0,1
1130,818.56,0.18965,0.49775,0.34915,0.20864,0.00285,21,1
482,485.0,0.08283,0.17824,0.02191,0.02527,0.01804,2,0
1162,3447.28,0.41901,0.41313,0.25103,0.07101,0.01863,0,1
841,2171.74,0.21712,0.48694,0.26657,0.14221,0.00515,1,1
587,2629.35,0.153,0.35101,0.07285,0.01569,0.02193,5,0
815,616.11,0.2241,0.37242,0.28518,0.1394,0.0285,11,1
1996,6865.42,0.28744,0.29377,0.53635,0.08528,0.02749,4,1
598,1140.14,0.07651,0.07207,0.06442,0.04249,0.03247,11,0
1738,2042.02,0.29386,0.29698,0.10276,0.24191,0.0149,1,1
1938,3416.36,0.27811,0.3606,0.25408,0.2238,0.03717,11,1
1910,858.6,0.35871,0.35224,0.17335,0.07359,0.03956,2,1
260,1194.88,0.00429,0.3922,0.08199,0.10636,0.01275,10,0
1773,2058.89,0.01515,0.27086,0.04798,0.00911,0.03589,7,0
1539,15346.56,0.34241,0.29886,0.24213,0.07491,0.02295,2,1
2365,2256.08,0.20183,0.60539,0.22761,0.07317,0.02655,12,1
806,6004.79,0.0649,0.57134,0.22229,0.16304,0.0396,3,1
1719,4446.16,0.14217,0.03512,0.00951,0.03381,0.01022,6,0
1092,2372.14,0.04437,0.20752,0.01846,0.04841,0.03537,17,0
203,857.18,0.04999,0.30545,0.07059,0.02952,0.02438,22,0
937,3985.26,0.30811,0.40034,0.10583,0.11482,0.034,4,1
317,585.2,0.00547,0.24845,0.03163,0.06762,0.03451,3,0
2288,5980.13,0.21932,0.49729,0.17851,0.16728,0.00541,20,1
603,2091.31,0.01409,0.19972,0.00757,0.00592,0.01782,18,0
462,246.63,0.05075,0.38965,0.05699,0.02475,0.02495,7,0
1906,1394.32,0.37839,0.72471,0.11913,0.19613,0.00345,14,1
1481,2939.52,0.26609,0.38804,0.21316,0.21502,0.00739,9,1
246,1506.85,0.05,0.02939,0.06504,0.02221,0.02063,1,0
2218,3077.26,0.20473,0.32066,0.29008,0.05043,0.01966,13,1
2042,951.48,0.12983,0.64033,0.24064,0.1426,0.02777,3,1
1598,675.91,0.34478,0.4264,0.42505,0.12649,0.02711,18,1
1791,1706.09,0.21385,0.28094,0.48928,0.06564,0.03609,9,1
772,1843.12,0.12149,0.05087,0.13743,0.01391,0.03076,5,0
1874,1386.11,0.40748,0.41909,0.2631,0.10956,0.01435,17,1
1178,4518.84,0.19367,0.47801,0.15586,0.15954,0.00573,7,1
364,951.35,0.071,0.04061,0.12646,0.02292,0.01806,21,0
1113,2276.55,0.23045,0.2747,0.16401,0.16831,0.00466,19,1
515,1894.14,0.07975,0.12693,0.09182,0.04118,0.03516,1,0
1183,560.04,0.28514,0.39107,0.35423,0.17776,0.02876,1,1
355,669.32,0.04717,0.05532,0.14663,0.08042,0.03474,16,0
944,1816.15,0.33781,0.58194,0.38457,0.07551,0.00362,3,1
1545,7954.09,0.14785,0.12213,0.11608,0.02453,0.00361,9,0
724,2779.41,0.11612,0.20737,0.0173,0.09334,0.01812,8,0
1904,493.4,0.29592,0.39845,0.24358,0.10498,0.02891,21,1
981,174.63,0.00476,0.2181,0.02292,0.12806,0.02318,11,0
2199,3119.2,0.1662,0.35264,0.21303,0.23327,0.00402,13,1
2236,1674.69,0.25011,0.635,0.40352,0.19328,0.0183,15,1
823,4236.49,0.24501,0.30402,0.26031,0.22843,0.02008,14,1
1707,929.83,0.1825,0.13107,0.18942,0.20677,0.03323,8,1
1069,2340.69,0.25435,0.42016,0.16579,0.18613,0.02625,20,1
1516,3395.38,0.05801,0.30033,0.14599,0.02486,0.02218,9,0
1059,1286.84,0.17795,0.65784,0.30801,0.14016,0.02819,6,1
1058,1307.64,0.1194,0.56746,0.31172,0.25392,0.02415,3,1
2075,1834.43,0.41001,0.37759,0.09531,0.20669,0.02184,14,1
131,2704.17,0.18237,0.49165,0.01099,0.01118,0.03981,2,0
1408,1780.75,0.05372,0.20458,0.03427,0.00842,0.0053,5,0
359,3737.0,0.1512,0.59097,0.29184,0.12738,0.03481,23,1
435,1272.95,0.12251,0.39163,0.09133,0.03501,0.0195,20,0
1386,664.64,0.13088,0.5589,0.15349,0.09356,0.02254,2,1
2077,7928.93,0.192,0.40365,0.11395,0.10741,0.02886,21,1
1580,1143.75,0.25835,0.43261,0.15248,0.22179,0.01993,1,1
287,1175.22,0.01958,0.21244,0.20685,0.03123,0.0186,9,0
652,1713.32,0.13803,0.29537,0.28407,0.18997,0.03265,20,1
1877,1893.02,0.11359,0.38593,0.42723,0.15658,0.02264,22,1
1711,1346.86,0.2548,0.41599,0.31256,0.13319,0.03928,23,1
252,1776.62,0.07543,0.12391,0.03425,0.05199,0.03642,23,0
1568,1747.11,0.19232,0.51056,0.24372,0.09207,0.02318,2,1
1003,2052.18,0.34935,0.4289,0.09964,0.0751,0.03389,4,1
385,307.18,0.12597,0.08218,0.11537,0.00423,0.02582,12,0
1535,7377.57,0.15394,0.13467,0.10891,0.02027,0.01865,14,0
1142,1611.75,0.00824,0.07335,0.02145,0.01665,0.01172,17,0
1148,2782.23,0.15677,0.33416,0.42711,0.17681,0.03589,6,1
1969,640.32,0.29932,0.46047,0.29966,0.19308,0.0188,0,1
791,1264.32,0.02908,0.18721,0.01936,0.05695,0.02093,5,0
185,1087.14,0.02166,0.04496,0.01468,0.04676,0.00764,9,0
853,5419.91,0.11854,0.17568,0.03567,0.0361,0.00245,9,0
398,1160.01,0.05083,0.2486,0.04845,0.02488,0.01476,22,0
501,3178.3,0.19695,0.10416,0.02365,0.01987,0.01397,8,0
1890,1105.14,0.21461,0.4109,0.32614,0.14311,0.0237,2,1
1301,1281.87,0.01975,0.09182,0.08367,0.09692,0.02699,11,0
310,1497.24,0.17458,0.31568,0.10171,0.0201,0.00592,19,0
1983,4714.63,0.3387,0.86804,0.22623,0.08172,0.02684,2,1
1612,436.22,0.19351,0.2897,0.27012,0.17479,0.02022,11,1
2028,671.02,0.41962,0.62835,0.34684,0.12791,0.01047,9,1
1835,417.83,0.17587,0.47274,0.28125,0.21276,0.0294,0,1
1313,796.25,0.21207,0.49384,0.27503,0.16601,0.03771,1,1
1657,979.3,0.17906,0.38702,0.26799,0.04668,0.01953,5,1
993,536.29,0.06797,0.14593,0.11727,0.02087,0.03082,17,0
1749,1037.88,0.26606,0.66916,0.23724,0.33838,0.03999,10,1
507,397.23,0.19538,0.30493,0.05837,0.04029,0.03858,8,0
1040,838.87,0.28309,0.68985,0.16473,0.1726,0.01839,18,1
501,4428.68,0.0407,0.18453,0.11133,0.00578,0.00221,9,0
589,2436.29,0.06027,0.10038,0.13483,0.01777,0.01711,2,0
763,2071.74,0.13633,0.58371,0.13935,0.20369,0.02355,6,1
142,848.49,0.03497,0.26606,0.00569,0.10423,0.03599,9,0
2125,568.77,0.12744,0.20179,0.3289,0.23213,0.03411,5,1
657,765.99,0.31951,0.421,0.32397,0.25733,0.03406,8,1
1607,1742.6,0.07,0.19047,0.06598,0.00191,0.00606,8,0
85,3451.88,0.06825,0.14975,0.08417,0.05213,0.02898,16,0
1987,3541.54,0.37251,0.48553,0.09982,0.12129,0.0281,0,1
644,2888.52,0.04207,0.37302,0.03707,0.02163,0.02911,5,0
970,1035.23,0.09145,0.37903,0.03403,0.0264,0.01138,15,0
565,1833.45,0.04975,0.13057,0.00303,0.00602,0.03339,23,0
923,1414.51,0.04,0.09379,0.00387,0.05153,0.01256,13,0
856,1547.89,0.04841,0.02521,0.06093,0.09236,0.00885,21,0
1353,8294.83,0.24538,0.15629,0.09076,0.18473,0.03934,8,1
756,480.12,0.01924,0.09374,0.0851,0.00481,0.03411,2,0
1477,1509.5,0.25259,0.30901,0.46725,0.21384,0.0193,6,1
1821,4466.47,0.1482,0.55522,0.2568,0.1822,0.01954,22,1
1556,599.52,0.40509,0.33004,0.30466,0.1667,0.00676,19,1
1524,1110.68,0.26252,0.51479,0.20815,0.19816,0.03449,14,1
306,1210.47,0.13273,0.40949,0.03972,0.01611,0.0233,4,0
698,1522.45,0.02715,0.16675,0.10844,0.03566,0.0194,23,0
296,543.8,0.08316,0.10788,0.11352,0.03522,0.02313,0,0
393,2813.0,0.08896,0.11809,0.0181,0.08904,0.01338,10,0
2036,2966.85,0.37621,0.33221,0.31624,0.18471,0.02127,3,1
592,2635.49,0.25716,0.4788,0.11604,0.14777,0.01047,22,1
1307,937.07,0.33746,0.29893,0.08256,0.16444,0.03443,12,1
2264,1920.66,0.13183,0.60695,0.05362,0.13919,0.0082,4,1
2545,916.87,0.39314,0.24349,0.25928,0.07418,0.02582,21,1
332,1402.62,0.09157,0.25019,0.08286,0.06524,0.02555,4,0
361,9051.11,0.11171,0.07958,0.00643,0.05268,0.01296,15,0
1071,1933.94,0.1899,0.43839,0.12689,0.21427,0.0387,8,1
1306,738.7,0.23265,0.60404,0.27887,0.14651,0.02754,1,1
2355,2060.68,0.19368,0.17033,0.19921,0.0484,0.02451,6,1
437,653.08,0.01984,0.32172,0.00536,0.01144,0.03049,18,0
768,732.37,0.07894,0.51643,0.09035,0.24026,0.03135,13,1
515,824.44,0.0217,0.28142,0.09866,0.04305,0.00212,6,0
2269,1289.89,0.37312,0.18914,0.07051,0.14245,0.02173,19,1
410,3634.65,0.40468,0.33442,0.17416,0.11663,0.03323,11,1
733,2777.59,0.08807,0.13908,0.03494,0.06838,0.00509,7,0
284,2664.54,0.05098,0.09981,0.04369,0.01722,0.02215,15,0
350,789.46,0.07264,0.09564,0.11806,0.02638,0.03413,16,0
2438,1199.38,0.20695,0.26661,0.33199,0.22687,0.03012,12,1
336,2207.34,0.24741,0.59071,0.5002,0.17647,0.01907,17,1
633,1123.61,0.08375,0.18854,0.01193,0.06297,0.01098,8,0
2296,1460.84,0.35668,0.63363,0.20661,0.08478,0.00444,16,1
1728,2506.3,0.23165,0.48622,0.20888,0.13313,0.03315,2,1
203,1385.7,0.0367,0.24524,0.06382,0.05145,0.03899,10,0
1241,2132.58,0.27445,0.54904,0.30231,0.15437,0.02398,1,1
2384,5943.71,0.27552,0.35387,0.14963,0.19492,0.03661,19,1
768,1582.32,0.12869,0.32809,0.12802,0.05998,0.02074,18,0
1201,4359.21,0.39273,0.51438,0.16084,0.13703,0.01019,9,1
994,2738.24,0.02221,0.16839,0.11385,0.03435,0.00351,4,0
1215,598.91,0.10683,0.17991,0.03597,0.00143,0.02895,18,0
1274,787.56,0.28247,0.42103,0.23154,0.21445,0.02094,21,1
2150,963.28,0.16462,0.44009,0.23078,0.18176,0.03568,3,1
2192,948.06,0.32675,0.15651,0.21281,0.07509,0.00942,2,1
325,1682.14,0.05086,0.02554,0.00493,0.00978,0.03537,11,0
1658,2854.14,0.32759,0.43301,0.31445,0.26245,0.03204,6,1
1978,4614.28,0.20106,0.39988,0.37373,0.23652,0.03799,1,1
1722,2268.04,0.13997,0.35747,0.27132,0.13747,0.03336,12,1
1258,1288.56,0.16315,0.53907,0.30255,0.05276,0.01727,20,1
1613,377.61,0.10039,0.2939,0.26612,0.10196,0.03197,11,1
1833,1897.86,0.22478,0.45001,0.20846,0.19914,0.02646,12,1
342,1835.13,0.01195,0.21341,0.02722,0.00885,0.03712,15,0
2042,2064.7,0.30021,0.32165,0.27339,0.05541,0.03139,11,1
1663,8736.13,0.04279,0.06991,0.01853,0.0084,0.01943,19,0
1911,4564.16,0.23982,0.4187,0.20788,0.17292,0.03741,23,1
667,3243.27,0.10333,0.10847,0.17483,0.04649,0.02201,15,0
1579,874.79,0.17335,0.33904,0.12657,0.26461,0.01192,18,1
166,1225.12,0.00359,0.4525,0.09823,0.0583,0.00321,4,0
1682,1676.41,0.07816,0.15122,0.09532,0.0797,0.01625,9,0
1537,1006.25,0.18871,0.45639,0.29716,0.17163,0.03764,2,1
178,2619.9,0.06877,0.07031,0.22772,0.02277,0.03372,6,0
1550,2352.48,0.12078,0.60777,0.27509,0.1241,0.02174,21,1
1211,795.77,0.01863,0.19227,0.07207,0.05511,0.00421,12,0
1382,4416.73,0.17875,0.44424,0.17915,0.18534,0.0263,10,1
173,1943.56,0.10624,0.07917,0.0676,0.00566,0.035,10,0
1371,492.13,0.00779,0.06278,0.11978,0.02437,0.00913,16,0
1176,1732.0,0.06976,0.05715,0.0148,0.00357,0.01754,5,0
1834,2222.63,0.159,0.3781,0.13444,0.11726,0.03826,15,1
2366,3733.63,0.14852,0.38622,0.12628,0.1556,0.01842,18,1
444,1397.49,0.0562,0.46171,0.08507,0.0266,0.03199,11,0
442,3349.26,0.09465,0.41948,0.05627,0.03938,0.00891,6,0
2135,2071.23,0.12918,0.30406,0.40446,0.2099,0.02133,9,1
993,671.32,0.09493,0.06647,0.08617,0.00807,0.01281,3,0
1152,622.76,0.33346,0.34377,0.26591,0.05214,0.01043,15,1
573,4177.47,0.09117,0.06492,0.15637,0.03885,0.0331,21,0
1179,4413.97,0.03727,0.1976,0.04415,0.07121,0.03998,3,0
2218,2293.25,0.11616,0.38666,0.1848,0.18919,0.02171,13,1
83,5526.57,0.08229,0.08799,0.03322,0.00481,0.01635,15,0
1623,3975.87,0.16667,0.29126,0.11255,0.2215,0.03364,15,1
1788,3005.69,0.02174,0.18662,0.03137,0.0064,0.02284,16,0
562,908.74,0.03038,0.15307,0.04338,0.02682,0.02114,16,0
563,6595.31,0.08394,0.25347,0.06546,0.02281,0.00809,11,0
2429,2691.27,0.48011,0.47574,0.20363,0.13623,0.01894,12,1
186,1347.71,0.06708,0.12651,0.08215,0.01174,0.03327,17,0
1240,1090.44,0.33754,0.335,0.15334,0.2643,0.0178,1,1
1565,2182.29,0.10957,0.45433,0.29299,0.12538,0.00871,6,1
1886,514.01,0.09292,0.68011,0.29996,0.1049,0.00432,19,1
301,3042.08,0.14069,0.32577,0.02794,0.05466,0.03078,19,0
826,880.39,0.05099,0.07969,0.05467,0.11768,0.02505,1,0
342,2376.77,0.08391,0.07279,0.14095,0.01668,0.01361,4,0
1555,1217.22,0.20896,0.50393,0.16768,0.12155,0.01679,8,1
1321,1476.2,0.29799,0.37396,0.24639,0.19444,0.01457,13,1
1291,1020.31,0.34491,0.66173,0.37574,0.14935,0.01339,8,1
755,1594.99,0.18088,0.24559,0.1423,0.02352,0.00331,17,0
720,7424.77,0.42015,0.32723,0.25196,0.232,0.019,21,1
1965,5086.46,0.10066,0.42798,0.37579,0.12847,0.03467,14,1
1193,2348.19,0.17752,0.07338,0.06011,0.05933,0.03919,17,0
824,1766.17,0.21038,0.63883,0.2882,0.2185,0.00603,0,1
791,3390.36,0.02632,0.10818,0.1268,0.01007,0.00862,13,0
1600,4200.76,0.14643,0.48705,0.2992,0.10258,0.01812,4,1
1317,966.01,0.02614,0.08536,0.06129,0.02008,0.00715,5,0
873,1698.44,0.13537,0.16899,0.02802,0.09428,0.02564,3,0
1351,459.01,0.4388,0.44866,0.17633,0.13443,0.02844,4,1
1368,4179.17,0.40074,0.85532,0.18259,0.15318,0.02857,2,1
1511,8470.21,0.1623,0.47055,0.11,0.19949,0.03743,0,1
1453,1911.42,0.25427,0.63133,0.28635,0.1662,0.00798,17,1
205,365.69,0.05666,0.26916,0.12942,0.0518,0.03179,15,0
893,2841.85,0.19632,0.04747,0.01056,0.01593,0.02553,19,0
1920,913.68,0.23151,0.64292,0.13927,0.2235,0.03044,3,1
1714,1094.47,0.00838,0.10471,0.00213,0.05213,0.01245,11,0
983,2879.79,0.03845,0.05247,0.0416,0.02952,0.00916,23,0
669,2178.64,0.06476,0.28529,0.02718,0.01136,0.02614,18,0
1035,1248.2,0.07777,0.15519,0.10399,0.04412,0.01258,17,0
384,1105.81,0.17925,0.1104,0.02096,0.01992,0.03483,11,0
235,1978.15,0.03721,0.15318,0.02461,0.02618,0.03998,7,0
2050,1324.04,0.13943,0.42923,0.23478,0.21217,0.03429,0,1
1776,783.38,0.22336,0.2166,0.00639,0.076,0.0298,20,0
1796,1402.65,0.08084,0.26593,0.1151,0.18591,0.03634,20,1
1926,2322.12,0.22371,0.18744,0.14503,0.21254,0.03539,7,1
149,1574.93,0.03618,0.17652,0.06571,0.08742,0.0307,16,0
2164,623.54,0.1683,0.39864,0.23027,0.1871,0.0232,22,1
1590,3779.48,0.15684,0.29803,0.2215,0.20319,0.03705,1,1
578,230.77,0.05148,0.17928,0.09767,0.02399,0.01221,5,0
1715,1287.9,0.10765,0.51514,0.16152,0.12752,0.02086,19,1
1363,1130.47,0.08887,0.13101,0.09101,0.04755,0.01159,13,0
2240,2011.58,0.2747,0.36574,0.26889,0.11752,0.0173,22,1
557,2742.95,0.15443,0.22726,0.0138,0.03365,0.0309,12,0
2521,4190.67,0.09794,0.4293,0.42247,0.13483,0.01843,14,1
858,1054.94,0.13034,0.2383,0.15929,0.03961,0.00543,15,0
1256,2794.7,0.21973,0.39699,0.14639,0.16096,0.00701,14,1
2173,2084.75,0.2027,0.25101,0.25783,0.17137,0.00894,4,1
2048,498.64,0.11467,0.48041,0.43567,0.18659,0.01459,17,1
376,7487.18,0.12616,0.24131,0.0867,0.03781,0.01018,22,0
600,611.83,0.0543,0.09461,0.0401,0.03253,0.02178,8,0
1196,2465.54,0.2769,0.39203,0.21693,0.11584,0.01244,5,1
1902,2411.52,0.37342,0.36708,0.30527,0.22205,0.01782,7,1
1877,2213.37,0.29719,0.25576,0.12913,0.20683,0.02295,10,1
710,1242.16,0.11895,0.20226,0.14465,0.05678,0.03743,4,0
1696,3347.54,0.1119,0.42048,0.23086,0.11786,0.02254,17,1
1579,558.51,0.32554,0.8153,0.34286,0.0958,0.02391,0,1
979,1713.29,0.30234,0.41586,0.27359,0.26254,0.02223,2,1
1170,1179.25,0.23752,0.36982,0.15962,0.06356,0.03113,5,1
2423,1083.08,0.23375,0.40903,0.10123,0.14796,0.00722,8,1
1173,2482.7,0.4978,0.22331,0.20173,0.25003,0.03682,10,1
337,4038.59,0.04509,0.10928,0.18805,0.01635,0.00586,5,0
1885,1391.45,0.3231,0.33725,0.16207,0.11054,0.01919,11,1
1946,3232.63,0.38337,0.35963,0.20421,0.22448,0.02834,15,1
1709,1868.42,0.11779,0.2825,0.31587,0.15372,0.02025,23,1
2110,921.49,0.14463,0.61353,0.08912,0.21662,0.00304,3,1
1640,1483.38,0.02124,0.16695,0.11115,0.04293,0.02252,16,0
648,1437.88,0.06076,0.01074,0.05104,0.01994,0.02174,16,0
1540,1067.47,0.14975,0.31022,0.26268,0.18378,0.02104,12,1
1192,2482.21,0.17731,0.34575,0.08954,0.05162,0.00477,1,1
1791,2146.36,0.16258,0.50521,0.34782,0.06631,0.01756,5,1
772,545.96,0.03591,0.35428,0.1236,0.00482,0.00262,15,0
668,521.6,0.05787,0.11889,0.04857,0.00914,0.00904,6,0
1550,2475.15,0.43955,0.27483,0.24529,0.24503,0.02462,13,1
1243,976.6,0.22742,0.59304,0.26167,0.22927,0.01175,3,1
878,2257.63,0.03213,0.21482,0.06001,0.04904,0.00555,19,0
836,3233.24,0.23222,0.13343,0.11408,0.03182,0.02175,4,0
524,693.9,0.14093,0.2544,0.03382,0.0821,0.0121,12,0
296,624.46,0.01853,0.15879,0.01086,0.0354,0.01465,7,0
1502,6319.31,0.02239,0.17911,0.02279,0.01292,0.00438,8,0
237,2343.08,0.00072,0.37485,0.07133,0.04025,0.02039,15,0
1150,1314.37,0.20548,0.32017,0.22193,0.20188,0.02758,12,1
1337,893.45,0.17825,0.60238,0.30081,0.08095,0.01405,12,1
305,1227.47,0.1196,0.18194,0.07223,0.01497,0.01936,22,0
1555,737.02,0.19206,0.49488,0.46255,0.15958,0.01128,8,1
1340,3491.55,0.07034,0.03646,0.13706,0.02308,0.02242,19,0
1765,1005.24,0.27026,0.25884,0.1215,0.18005,0.01345,19,1
604,4087.52,0.02113,0.05251,0.03203,0.02721,0.03299,0,0
113,1332.84,0.10328,0.05677,0.03151,0.03082,0.01047,15,0
1867,823.06,0.31778,0.47736,0.41357,0.15117,0.02351,4,1
641,1307.43,0.0423,0.19288,0.07722,0.01055,0.01024,5,0
1464,251.49,0.09664,0.09011,0.07026,0.01896,0.0034,7,0
420,1644.13,0.21469,0.25464,0.06107,0.01605,0.03485,7,0
359,1584.39,0.22153,0.05012,0.08895,0.0453,0.02899,13,0
2291,3341.25,0.14222,0.61505,0.36272,0.06979,0.00411,14,1
1993,437.38,0.08935,0.24905,0.35287,0.1549,0.00451,5,1
2256,4302.46,0.23584,0.51994,0.14682,0.22235,0.03943,20,1
1372,3330.88,0.10493,0.052,0.0511,0.00364,0.02943,6,0
504,4603.51,0.06082,0.22167,0.13234,0.01738,0.00513,1,0
2432,1730.21,0.16942,0.53626,0.06942,0.11099,0.00856,18,1
1228,3850.52,0.00906,0.09653,0.07641,0.00636,0.02044,18,0
376,597.11,0.14443,0.22024,0.04074,0.00476,0.01732,8,0
302,3072.75,0.02794,0.08108,0.03091,0.04852,0.03522,5,0
2376,1009.46,0.16241,0.52234,0.21985,0.2002,0.02691,11,1
553,521.65,0.0944,0.03916,0.06513,0.02708,0.03933,13,0
1727,774.67,0.44279,0.34718,0.21878,0.1555,0.01258,18,1
776,1807.48,0.2328,0.61882,0.15394,0.10157,0.01286,6,1
562,970.02,0.14693,0.13141,0.00983,0.00887,0.02714,19,0
567,2386.53,0.08973,0.18081,0.04385,0.00072,0.03591,1,0
1258,463.76,0.14718,0.26331,0.49639,0.14802,0.03509,2,1
1422,365.12,0.09936,0.34985,0.20206,0.18851,0.02145,0,1
2270,5038.34,0.25347,0.41066,0.25585,0.09362,0.01567,15,1
2492,3545.35,0.32222,0.51744,0.1082,0.12085,0.00707,12,1
1530,819.4,0.19743,0.56247,0.26754,0.06903,0.02924,23,1
428,1795.96,0.03509,0.41851,0.05638,0.07068,0.02679,20,0
2050,3866.76,0.48906,0.44589,0.32894,0.17054,0.02746,5,1
1012,2464.99,0.10049,0.25684,0.05182,0.00835,0.00763,16,0
1019,2011.65,0.11732,0.16901,0.00532,0.08095,0.02247,13,0
1539,4092.48,0.24325,0.42407,0.05712,0.09864,0.03414,22,1
1900,1040.55,0.20386,0.75666,0.33703,0.14979,0.02941,4,1
2525,1842.59,0.14923,0.50674,0.23799,0.13581,0.02005,12,1
1081,1776.06,0.06399,0.05506,0.04554,0.01841,0.03224,11,0
1924,1466.99,0.17782,0.11161,0.37814,0.15982,0.01802,11,1
1362,1343.71,0.00638,0.19462,0.05992,0.05961,0.02582,12,0
849,1901.11,0.15263,0.43639,0.24416,0.11091,0.02893,2,1
867,1847.05,0.17046,0.32985,0.29291,0.19465,0.03575,7,1
1155,819.93,0.10926,0.35247,0.06041,0.05502,0.01297,15,0
450,3284.23,0.25914,0.47341,0.31433,0.27524,0.02886,14,1
1409,865.45,0.31073,0.20621,0.25146,0.23909,0.01027,16,1
1314,1528.23,0.05427,0.10499,0.15861,0.03984,0.02124,11,0
2213,1442.43,0.16297,0.40267,0.31967,0.11473,0.0212,8,1
1589,2354.58,0.23666,0.48215,0.15204,0.04444,0.03941,17,1
767,367.31,0.07406,0.17853,0.11005,0.05141,0.01211,2,0
1705,3511.24,0.30322,0.39895,0.56061,0.21219,0.01378,11,1
1258,1083.33,0.01411,0.21158,0.00441,0.00704,0.02466,11,0
1254,4494.07,0.25132,0.666,0.23015,0.08045,0.0041,7,1
119,1257.55,0.05791,0.19183,0.15135,0.02792,0.0054,1,0
1537,1735.25,0.29199,0.3227,0.19398,0.07522,0.03901,11,1
1555,7561.93,0.25489,0.38112,0.16534,0.15413,0.00943,23,1
1482,1461.97,0.22686,0.22673,0.23766,0.06207,0.02501,4,1
1770,4558.18,0.10504,0.26489,0.20919,0.13269,0.02364,20,1
1985,1853.49,0.08457,0.31842,0.18968,0.17565,0.02609,11,1
1970,2458.01,0.41483,0.39187,0.25151,0.11464,0.01936,18,1
810,1896.97,0.21019,0.49739,0.29572,0.18501,0.03289,16,1
843,3399.66,0.17095,0.18998,0.00852,0.10283,0.00543,13,0
383,1076.42,0.23252,0.25572,0.01817,0.00074,0.03169,22,0
2394,860.49,0.1444,0.49668,0.27358,0.20672,0.01133,1,1
2006,1115.0,0.35791,0.313,0.07798,0.14709,0.02382,20,1
2001,1939.77,0.25464,0.63698,0.19583,0.17671,0.00711,18,1
644,1525.27,0.13644,0.10592,0.01428,0.00378,0.00571,9,0
1025,3066.37,0.20334,0.30533,0.33129,0.09974,0.02471,2,1
2069,4789.07,0.29302,0.32278,0.22563,0.14376,0.00627,7,1
1545,865.81,0.32937,0.32906,0.36195,0.06516,0.01012,15,1
1292,1038.03,0.0713,0.12889,0.02167,0.00329,0.00866,4,0
922,613.0,0.07335,0.04927,0.08067,0.01857,0.02865,15,0
841,8252.91,0.06829,0.04108,0.09882,0.04181,0.03214,20,0
1756,2262.09,0.15473,0.53611,0.15899,0.25389,0.01004,9,1
1721,2579.61,0.2195,0.32831,0.22597,0.11602,0.02907,4,1
1173,658.78,0.17336,0.34962,0.15179,0.1568,0.02461,5,1
1692,1798.42,0.37262,0.75055,0.17836,0.05833,0.0105,18,1
500,2637.21,0.03912,0.04072,0.037,0.01479,0.03452,11,0
772,1489.17,0.05832,0.09859,0.03881,0.00845,0.02126,3,0
1835,4033.22,0.16171,0.59119,0.37349,0.11223,0.01518,20,1
2570,10192.58,0.30158,0.43006,0.15152,0.04154,0.02335,5,1
2025,884.7,0.15637,0.30431,0.26142,0.09572,0.03148,5,1
1184,836.29,0.1172,0.54179,0.24091,0.11163,0.00819,21,1
2178,931.9,0.31755,0.32442,0.1955,0.1715,0.00564,2,1
2348,6004.06,0.1624,0.34511,0.25841,0.1454,0.00421,18,1
1990,3933.59,0.2065,0.39861,0.20198,0.11332,0.00588,23,1
115,1626.03,0.0949,0.43719,0.07808,0.16984,0.03975,0,0
1824,1850.04,0.11371,0.50272,0.21039,0.03494,0.0287,4,1
2360,975.68,0.21082,0.38292,0.33587,0.12715,0.02737,19,1
1395,3508.92,0.01393,0.15121,0.18201,0.03617,0.02351,6,0
481,1353.73,0.03141,0.0858,0.08733,0.00289,0.01565,5,0
1798,1481.02,0.0834,0.27914,0.18719,0.19374,0.0092,20,1
684,2841.63,0.38968,0.41417,0.15921,0.13829,0.00381,1,1
1012,1563.29,0.17961,0.44601,0.38415,0.0389,0.02529,12,1
2008,1509.17,0.11895,0.46332,0.19708,0.18016,0.01439,11,1
865,1814.33,0.08029,0.11392,0.09625,0.04618,0.02905,14,0
1636,3268.41,0.12666,0.57241,0.24886,0.11141,0.02829,23,1
922,6188.28,0.3218,0.35503,0.11838,0.08567,0.03825,15,1
1999,2792.4,0.12353,0.26985,0.29857,0.17549,0.0094,5,1
1986,3287.98,0.13361,0.581,0.34177,0.23031,0.03822,7,1
1399,1549.44,0.10278,0.32233,0.10534,0.25602,0.02087,8,1
577,1058.59,0.1042,0.19341,0.02564,0.04467,0.0311,3,0
605,2939.61,0.08309,0.24164,0.10755,0.03687,0.00241,16,0
972,2046.68,0.16887,0.39424,0.25453,0.23928,0.02909,10,1
874,619.29,0.06369,0.40111,0.05913,0.02238,0.01493,23,0
1087,1407.39,0.14183,0.0304,0.04932,0.01119,0.0082,23,0
1285,1691.5,0.14533,0.39588,0.23695,0.1544,0.02074,11,1
1091,1227.46,0.1824,0.39742,0.16382,0.21094,0.01606,4,1
847,5468.96,0.1664,0.41312,0.15398,0.11458,0.02844,13,1
1050,2579.68,0.37008,0.53114,0.22597,0.18224,0.01021,23,1
2053,5041.32,0.26095,0.42022,0.22635,0.08894,0.02541,21,1
1483,2193.19,0.0148,0.06971,0.11369,0.04093,0.0221,9,0
580,1913.3,0.14668,0.28349,0.01858,0.02658,0.02171,21,0
1900,891.67,0.2176,0.4159,0.3045,0.05545,0.02632,8,1
1062,1816.18,0.09739,0.23632,0.11868,0.03503,0.03371,11,0
368,1817.71,0.07399,0.08944,0.1162,0.00569,0.02817,2,0
709,645.62,0.03437,0.21393,0.04989,0.00753,0.01337,4,0
262,1200.98,0.34102,0.39587,0.43046,0.13134,0.0055,1,1
1000,1412.45,0.22488,0.49612,0.4744,0.11766,0.02657,23,1
1101,2454.43,0.49566,0.3473,0.1715,0.05203,0.01625,1,1
1099,2544.16,0.26758,0.98,0.29834,0.29396,0.02501,21,1
1451,1163.92,0.06422,0.21134,0.12626,0.03291,0.00465,18,0
424,2558.55,0.16897,0.41005,0.25008,0.19109,0.00812,1,1
2224,1570.24,0.13159,0.55322,0.27305,0.03618,0.00637,21,1
704,209.21,0.11376,0.25278,0.31506,0.15727,0.0237,9,1
317,1251.4,0.0342,0.13725,0.08331,0.0129,0.03838,17,0
2022,4043.17,0.26928,0.30672,0.44761,0.03428,0.01411,5,1
2216,509.89,0.32253,0.3545,0.26119,0.05833,0.0167,17,1
1653,1958.75,0.23201,0.21211,0.30488,0.16834,0.02715,11,1
279,5910.51,0.09296,0.10408,0.08794,0.03064,0.0373,9,0
278,1017.48,0.19084,0.12031,0.00355,0.00919,0.00649,16,0
944,1802.9,0.20711,0.48012,0.22158,0.0993,0.01004,6,1
1326,676.9,0.45197,0.56917,0.22899,0.09255,0.00925,2,1
2542,6099.52,0.2426,0.42669,0.43825,0.15536,0.03229,10,1
572,1690.94,0.20635,0.20909,0.02068,0.02877,0.03835,7,0
411,1864.06,0.02019,0.10335,0.25694,0.00048,0.00642,9,0
2456,4970.46,0.14513,0.78067,0.20292,0.11603,0.03195,11,1
344,2956.17,0.05383,0.1123,0.06717,0.01646,0.01242,1,0
125,933.39,0.00476,0.12722,0.02541,0.06403,0.03557,6,0
807,1107.75,0.01112,0.10006,0.0499,0.03044,0.02413,5,0
769,2609.05,0.02285,0.03514,0.19682,0.04666,0.0342,15,0
1145,1127.15,0.04576,0.03556,0.02317,0.00594,0.03139,1,0
1828,367.83,0.23761,0.38688,0.34784,0.21313,0.0126,9,1
2226,1729.54,0.36562,0.31382,0.21016,0.07423,0.02472,12,1
578,593.11,0.00276,0.03302,0.08334,0.06352,0.02669,20,0
1987,6049.64,0.33908,0.28801,0.29861,0.16911,0.01761,18,1
1168,2055.21,0.01593,0.23322,0.03338,0.04205,0.00355,15,0
199,912.93,0.05717,0.13925,0.28471,0.04561,0.02466,12,0
1840,1065.89,0.31535,0.47536,0.2945,0.1976,0.01584,10,1
317,436.37,0.02915,0.2734,0.05067,0.02618,0.01034,13,0
1925,789.14,0.05039,0.5699,0.3835,0.17959,0.00394,12,1
2060,3857.54,0.11641,0.33168,0.35191,0.25171,0.00595,20,1
509,9598.69,0.06019,0.08462,0.13585,0.06603,0.00871,10,0
545,3103.67,0.14461,0.05062,0.05116,0.06024,0.00343,17,0
1368,1679.93,0.36537,0.33336,0.18403,0.24489,0.00828,9,1
1870,1301.89,0.23807,0.37966,0.35696,0.18646,0.01359,17,1
815,878.46,0.29119,0.36392,0.23138,0.1353,0.00826,23,1
1221,8436.87,0.07363,0.08352,0.14029,0.01991,0.00901,14,0
858,1562.4,0.00923,0.19925,0.02892,0.01162,0.01525,0,0
465,8797.86,0.2166,0.68077,0.32189,0.13706,0.01383,10,1
2148,5118.83,0.23534,0.26828,0.13989,0.19464,0.03053,14,1
1884,487.82,0.35103,0.43886,0.20915,0.06678,0.00866,1,1
1806,1092.34,0.33318,0.39374,0.10977,0.14908,0.01867,14,1
1255,1089.81,0.29356,0.58166,0.27946,0.20243,0.01138,22,1
911,1695.37,0.24539,0.73365,0.1938,0.04436,0.02831,1,1
808,1720.39,0.03659,0.22331,0.04375,0.00101,0.00955,13,0
1601,17029.82,0.34586,0.25038,0.15239,0.10763,0.021,16,1
1348,802.41,0.24139,0.43017,0.21269,0.15928,0.03953,2,1
673,2137.24,0.29225,0.43973,0.33002,0.20603,0.03182,11,1
941,2858.13,0.03991,0.10409,0.0419,0.05608,0.00687,2,0
587,1797.88,0.01422,0.1388,0.0978,0.00455,0.01699,1,0
1260,1955.06,0.1302,0.24215,0.03336,0.02578,0.02583,16,0
2290,822.16,0.05876,0.42161,0.30067,0.14876,0.03306,9,1
1862,1949.65,0.29455,0.56203,0.12275,0.1872,0.01414,1,1
82,2641.47,0.05809,0.3322,0.0897,0.01984,0.03657,12,0
2230,2301.33,0.2359,0.46983,0.08724,0.19827,0.00618,1,1
997,2760.57,0.41934,0.66592,0.36775,0.24146,0.00947,23,1
1989,5192.64,0.16437,0.33713,0.04777,0.11754,0.02028,15,1
134,3634.65,0.15526,0.03101,0.01126,0.0182,0.03939,2,0
968,1898.87,0.01466,0.03124,0.0217,0.00314,0.03499,15,0
904,747.49,0.48434,0.8423,0.26445,0.07855,0.0317,7,1
243,1147.73,0.05365,0.17567,0.06759,0.00067,0.01398,12,0
1255,1526.63,0.04612,0.15798,0.04009,0.02939,0.02994,9,0
1331,2175.04,0.0686,0.4231,0.03422,0.00508,0.00528,14,0
283,1257.39,0.20276,0.18356,0.07637,0.03345,0.03065,10,0
2597,892.25,0.24695,0.44631,0.34898,0.06681,0.02912,20,1
1325,738.33,0.22978,0.43805,0.21265,0.08126,0.02068,19,1
627,521.73,0.00764,0.35539,0.08067,0.02679,0.013,7,0
590,1509.19,0.0062,0.29369,0.09573,0.00471,0.01936,7,0
873,597.82,0.17343,0.21817,0.02246,0.02188,0.03175,3,0
1001,849.92,0.11974,0.32473,0.11326,0.03129,0.03949,1,1
810,1339.59,0.08274,0.16827,0.02367,0.02521,0.03383,19,0
1334,660.9,0.49346,0.32991,0.25006,0.24181,0.02518,5,1
168,2393.13,0.07536,0.31998,0.0447,0.01472,0.01703,8,0
1536,3136.02,0.3787,0.38216,0.3282,0.05473,0.03009,0,1
1236,1192.1,0.04847,0.14504,0.02281,0.03648,0.00448,3,0
1392,1296.95,0.10371,0.00944,0.02574,0.01683,0.03064,19,0
687,2693.55,0.01449,0.141,0.04155,0.06782,0.01473,18,0
636,1053.68,0.20453,0.36851,0.26792,0.1107,0.02667,22,0
2153,1000.74,0.31788,0.12589,0.07935,0.2032,0.0317,15,1
1736,4415.67,0.39646,0.40751,0.15399,0.15562,0.00211,17,1
1511,3493.58,0.01742,0.08847,0.03028,0.04081,0.03736,19,0
2474,2826.25,0.29241,0.42266,0.13712,0.10601,0.01522,6,1
2161,3603.91,0.28368,0.32166,0.11889,0.07017,0.0165,11,1
2404,408.54,0.12368,0.38966,0.26923,0.20819,0.00585,0,1
948,4968.73,0.22251,0.4156,0.20952,0.13502,0.0266,12,1
758,2415.32,0.09604,0.13486,0.14134,0.03331,0.018,17,0
633,3841.54,0.00111,0.16912,0.10686,0.068,0.0379,12,0
772,2406.46,0.22033,0.29511,0.28434,0.13689,0.01402,12,1
1690,1867.28,0.159,0.31875,0.32026,0.08461,0.00202,23,1
2011,1464.19,0.21471,0.54676,0.20903,0.15763,0.02043,7,1
1899,2370.6,0.13552,0.3154,0.37554,0.20652,0.03239,8,1
487,1424.72,0.20539,0.56394,0.29342,0.15,0.00967,5,1
924,3451.1,0.00972,0.20227,0.03475,0.08153,0.01455,1,0
461,547.68,0.02746,0.27904,0.02254,0.01931,0.03717,0,0
1816,1199.14,0.40757,0.15711,0.28971,0.17333,0.00869,3,1
950,8342.84,0.07023,0.469,0.25453,0.1325,0.03817,0,1
327,1125.5,0.10765,0.11216,0.02125,0.04066,0.02485,4,0
1060,1504.97,0.03117,0.29207,0.09953,0.01179,0.02942,5,0
1591,928.53,0.03811,0.05715,0.0219,0.04186,0.03773,0,0
2488,2315.6,0.13954,0.40723,0.25388,0.13525,0.03454,19,1
245,1036.23,0.04307,0.32337,0.03889,0.02045,0.00665,0,0
640,1566.08,0.04699,0.09472,0.07861,0.08886,0.00657,19,0
970,3402.25,0.38238,0.4783,0.27048,0.11382,0.03132,2,1
1149,1065.79,0.45799,0.58002,0.07015,0.14872,0.01798,6,1
1380,3251.92,0.30801,0.29861,0.2678,0.11518,0.02126,20,1
562,3334.95,0.09897,0.34083,0.06875,0.01642,0.02843,22,0
499,3970.94,0.18373,0.4369,0.21322,0.14699,0.03118,5,1
957,2000.09,0.04335,0.07456,0.02025,0.01981,0.03863,20,0
447,20465.3,0.10632,0.42463,0.27124,0.13664,0.02985,20,1
1035,3969.69,0.12844,0.45813,0.29834,0.19785,0.03913,20,1
80,2296.63,0.03771,0.02041,0.04705,0.01336,0.00283,3,0
229,933.18,0.01747,0.08907,0.11954,0.00128,0.02468,23,0
830,1673.63,0.06114,0.1521,0.0864,0.02642,0.00468,22,0
2368,5246.35,0.12696,0.2483,0.15487,0.05456,0.0389,4,1
1412,6487.89,0.03147,0.14449,0.08748,0.03778,0.01807,21,0
249,5455.0,0.04964,0.19755,0.0369,0.00231,0.017,10,0
139,3243.59,0.03368,0.24063,0.04157,0.01719,0.02809,21,0
661,701.9,0.10878,0.16247,0.04276,0.00829,0.03271,6,0
1311,2593.89,0.21703,0.20691,0.22012,0.20597,0.00534,14,1
1364,709.45,0.0244,0.28496,0.14888,0.05191,0.02393,19,0
1495,589.89,0.051,0.20633,0.0712,0.03591,0.03652,8,0
668,2153.63,0.09722,0.17308,0.06013,0.10187,0.02726,18,0
368,2664.95,0.01181,0.22915,0.02263,0.03952,0.0084,15,0
125,3544.22,0.10114,0.04873,0.15714,0.06523,0.01416,6,0
332,2613.37,0.02686,0.40931,0.14022,0.04959,0.00576,5,0
192,2681.77,0.01252,0.06037,0.05724,0.10769,0.01518,10,0
1779,860.1,0.12868,0.61627,0.40593,0.16889,0.02429,2,1
541,1663.72,0.13486,0.07463,0.08031,0.0467,0.02252,15,0
1495,581.26,0.0702,0.29548,0.02167,0.04488,0.02243,20,0
1760,400.62,0.0861,0.56425,0.31451,0.05199,0.03571,21,1
1191,3137.01,0.38053,0.37799,0.13239,0.29768,0.00583,3,1
862,1023.21,0.02889,0.21353,0.01558,0.02531,0.02208,17,0
1928,3463.09,0.23516,0.27172,0.26035,0.06554,0.0069,6,1
647,4133.18,0.16825,0.38471,0.3918,0.14846,0.00674,3,1
239,1131.22,0.11517,0.29363,0.10743,0.00859,0.02616,20,0
808,2802.52,0.17445,0.11469,0.12368,0.06087,0.00437,13,0
999,1096.28,0.39326,0.48557,0.07473,0.12369,0.01164,19,1
1018,450.85,0.03987,0.27551,0.06968,0.02663,0.03763,2,0
1349,1974.41,0.02546,0.24362,0.12925,0.0116,0.02981,14,0
1090,1264.44,0.09003,0.06441,0.09886,0.00072,0.03557,23,0
1379,1293.98,0.19494,0.27583,0.34723,0.1316,0.01436,8,1
1399,7919.23,0.39315,0.33668,0.14762,0.18751,0.0368,20,1
1374,573.15,0.0391,0.28026,0.02669,0.0385,0.02888,1,0
426,2398.73,0.06929,0.20087,0.02836,0.00738,0.00416,5,0
1094,853.58,0.30778,0.37322,0.30612,0.06096,0.02564,19,1
1006,3557.23,0.05493,0.14648,0.02052,0.00671,0.00325,3,0
1938,2251.53,0.25734,0.33583,0.13602,0.06525,0.0209,2,1
1946,2392.39,0.24939,0.46692,0.13891,0.24411,0.00516,1,1
1058,886.14,0.29986,0.30393,0.11692,0.18229,0.00258,10,1
611,1013.69,0.11219,0.37463,0.14603,0.01788,0.03577,17,0
1272,3608.26,0.3666,0.34697,0.1185,0.12313,0.03025,23,1
1221,6792.95,0.41191,0.30265,0.36513,0.25111,0.01108,16,1
457,2580.59,0.01362,0.28171,0.02427,0.01966,0.03031,14,0
1155,918.26,0.03963,0.12076,0.07334,0.01709,0.00233,3,0
438,2320.98,0.06198,0.17265,0.06578,0.00683,0.0387,0,0
1508,11116.06,0.24093,0.38874,0.1544,0.14727,0.01561,21,1
2122,1943.72,0.28039,0.27541,0.48521,0.05504,0.02841,0,1
1835,5387.96,0.17989,0.58726,0.15394,0.20343,0.01625,4,1
284,1033.07,0.02113,0.27463,0.06492,0.0313,0.0226,18,0
1696,1744.07,0.16794,0.3366,0.14995,0.10353,0.01036,17,1
409,2864.69,0.41511,0.42514,0.10451,0.14212,0.03687,9,1
1271,2424.88,0.16239,0.48161,0.34139,0.18032,0.02817,17,1
383,1013.08,0.03473,0.20099,0.14911,0.03554,0.00468,7,0
359,980.83,0.24556,0.13576,0.08402,0.05733,0.01038,20,0
1230,3777.26,0.33589,0.37543,0.12754,0.19041,0.00513,12,1
155,4399.32,0.03357,0.0057,0.05186,0.03242,0.00745,15,0
1653,5595.12,0.21652,0.40069,0.28081,0.1389,0.00411,8,1
742,6963.86,0.18141,0.31947,0.46452,0.16919,0.03905,2,1
933,1991.23,0.26202,0.52636,0.25606,0.07568,0.02708,18,1
1804,1425.31,0.11379,0.46013,0.22347,0.20374,0.02341,9,1
2299,4958.14,0.21363,0.41113,0.14372,0.13125,0.02715,16,1
1710,3072.8,0.3315,0.48249,0.27877,0.10207,0.02859,18,1
316,861.52,0.13559,0.27491,0.03705,0.04272,0.02351,7,0
1778,829.08,0.09834,0.18102,0.08889,0.00646,0.03212,16,0
1721,2603.18,0.25525,0.48645,0.20225,0.12593,0.02406,22,1
388,1575.91,0.06016,0.29693,0.10785,0.03372,0.00744,0,0
851,1764.67,0.06928,0.14805,0.04511,0.01079,0.0074,23,0
2341,4023.64,0.17849,0.44306,0.21538,0.19496,0.00526,3,1
755,3180.58,0.03454,0.10193,0.12823,0.0271,0.00949,13,0
508,4880.23,0.31582,0.42858,0.21992,0.14237,0.00359,18,1
1585,422.8,0.00563,0.24557,0.01395,0.03272,0.0184,6,0
1719,2176.75,0.05988,0.06602,0.0266,0.00802,0.00958,3,0
2069,3030.73,0.06542,0.43395,0.38632,0.23108,0.02555,12,1
2601,572.84,0.56837,0.36721,0.10809,0.19323,0.03884,10,1
2140,1101.44,0.14485,0.70639,0.12892,0.19832,0.01274,17,1
1324,958.32,0.19535,0.67049,0.16045,0.17799,0.00498,13,1
1080,1829.53,0.10678,0.48719,0.31685,0.13752,0.02484,19,1
1408,6102.37,0.24181,0.39483,0.26449,0.10054,0.01362,23,1
459,8204.88,0.02107,0.17945,0.06865,0.04065,0.01537,20,0
893,977.33,0.11617,0.20193,0.09627,0.00962,0.03966,4,0
1812,2671.67,0.14684,0.36575,0.27341,0.22172,0.01531,18,1
2576,2737.06,0.37,0.65692,0.3406,0.22692,0.01454,0,1
577,2407.3,0.06567,0.30029,0.12931,0.01741,0.0098,18,0
1293,2427.89,0.19847,0.38435,0.11833,0.18548,0.03088,19,1
2189,2260.52,0.20015,0.64375,0.3171,0.13924,0.02469,8,1
91,6381.89,0.06824,0.2271,0.26002,0.05277,0.00625,12,0
1054,4114.99,0.0998,0.21391,0.00444,0.08707,0.03219,8,0
1362,812.75,0.1288,0.26142,0.06213,0.04929,0.03402,10,0
1851,3269.31,0.18927,0.21634,0.19573,0.05542,0.02082,12,1
740,3515.1,0.06806,0.15387,0.05841,0.09192,0.00756,4,0
1505,2279.63,0.06084,0.10562,0.05729,0.01058,0.02701,20,0
718,4205.34,0.03137,0.26914,0.02181,0.05819,0.03039,9,0
2095,2072.68,0.21327,0.51359,0.24571,0.09189,0.03713,11,1
1521,2092.04,0.27536,0.32828,0.18649,0.14051,0.01744,12,1
125,1971.35,0.05551,0.02515,0.00418,0.00999,0.01641,13,0
992,396.18,0.05152,0.61751,0.07114,0.0162,0.02037,21,0
310,1694.67,0.47042,0.42543,0.23141,0.04435,0.02516,7,1
2489,1090.46,0.31694,0.38421,0.21773,0.08767,0.02051,0,1
1114,739.3,0.07333,0.39732,0.01514,0.00548,0.02907,4,0
993,5276.7,0.38923,0.61826,0.17356,0.07941,0.02404,0,1
1806,2627.26,0.13232,0.47785,0.26174,0.05117,0.03776,21,1
1144,1760.18,0.11976,0.45456,0.0494,0.02302,0.00741,1,0
527,1178.43,0.03225,0.1766,0.03383,0.01777,0.01711,6,0
576,2247.71,0.09377,0.02595,0.09136,0.02801,0.00224,14,0
1135,3786.2,0.62676,0.37749,0.25617,0.15617,0.03315,12,1
1287,968.08,0.23662,0.65391,0.3801,0.22934,0.02967,16,1
1383,1793.49,0.02455,0.01994,0.02967,0.02585,0.03589,23,0
258,3451.6,0.07682,0.08872,0.09325,0.0151,0.02935,20,0
2268,421.38,0.28415,0.66624,0.21446,0.1989,0.02309,12,1
1209,1723.93,0.19819,0.63533,0.11721,0.1847,0.03066,22,1
1045,1304.5,0.07793,0.08946,0.04758,0.04141,0.01669,10,0
351,1628.1,0.02964,0.32575,0.02957,0.03085,0.01431,10,0
742,1235.61,0.03941,0.25059,0.00089,0.01996,0.03793,6,0
1377,1995.72,0.02152,0.14689,0.03922,0.02512,0.01053,18,0
545,7617.95,0.15673,0.23248,0.03594,0.03908,0.00809,6,0
307,1411.77,0.0606,0.1651,0.15372,0.07009,0.01854,11,0
977,2240.21,0.0141,0.20154,0.02561,0.09276,0.00459,19,0
1184,8035.32,0.32738,0.27359,0.18708,0.1725,0.01842,10,1
621,1191.57,0.07476,0.21161,0.10182,0.03125,0.03098,11,0
1734,7020.21,0.17764,0.51052,0.20835,0.06476,0.01505,23,1
1050,1807.2,0.12363,0.07164,0.03724,0.00349,0.0139,6,0
1332,6849.73,0.32716,0.25669,0.1306,0.08277,0.01635,18,1
1407,3159.57,0.17618,0.25788,0.28856,0.06009,0.023,18,1
1532,2266.23,0.13655,0.15432,0.17204,0.05802,0.03881,16,0
193,1713.54,0.14794,0.09303,0.06172,0.0111,0.01053,15,0
1429,1127.22,0.26052,0.15822,0.21282,0.17676,0.02584,4,1
81,1905.28,0.10643,0.09479,0.08309,0.02332,0.02593,13,0
96,3528.27,0.0337,0.31483,0.01977,0.00065,0.02643,17,0
1265,1782.39,0.42747,0.74605,0.28025,0.12591,0.03316,7,1
1255,1419.52,0.10353,0.52046,0.28303,0.13481,0.01364,4,1
1618,1491.38,0.01789,0.36577,0.01692,0.01986,0.00743,0,0
1410,3789.16,0.1373,0.14779,0.01261,0.01229,0.01978,2,0
1191,4511.63,0.04912,0.15101,0.05341,0.00513,0.03665,11,0
1997,1091.36,0.39103,0.73158,0.27313,0.16039,0.01916,0,1
375,1090.18,0.01988,0.2515,0.13881,0.00917,0.02086,15,0
1524,2392.42,0.06011,0.0997,0.0134,0.09306,0.01449,17,0
1856,5660.07,0.19327,0.83325,0.16545,0.13831,0.03821,7,1
243,4251.53,0.13063,0.09859,0.03034,0.02539,0.02084,4,0
1393,703.91,0.2019,0.55731,0.353,0.08464,0.03923,12,1
1720,1476.58,0.34844,0.42282,0.1999,0.06026,0.02211,0,1
1439,895.69,0.26068,0.58902,0.33166,0.18249,0.03816,17,1
2197,1472.78,0.18205,0.36568,0.2636,0.21115,0.01958,1,1
1689,5996.01,0.04045,0.14946,0.03684,0.03528,0.00262,5,0
896,619.3,0.11496,0.10771,0.02464,0.01768,0.01553,7,0
182,534.53,0.13205,0.21006,0.12363,0.01904,0.01531,7,0
1227,966.93,0.31585,0.25863,0.20546,0.19738,0.03356,12,1
758,2232.83,0.2996,0.37406,0.21938,0.10364,0.03417,19,1
1280,2867.25,0.18185,0.42499,0.38658,0.1855,0.03611,16,1
1384,2498.96,0.27496,0.26745,0.29306,0.14207,0.01039,9,1
877,4347.28,0.05422,0.10724,0.07772,0.00758,0.02953,16,0
1151,479.73,0.20112,0.66076,0.21606,0.12586,0.02003,18,1
598,4388.73,0.08366,0.36159,0.07473,0.00647,0.00619,6,0
1742,1424.35,0.28733,0.36025,0.08838,0.14746,0.02265,19,1
669,3115.56,0.33243,0.43232,0.0936,0.19816,0.00275,11,1
448,667.12,0.11714,0.26449,0.01751,0.00919,0.02805,2,0
2149,1806.7,0.34702,0.70111,0.25584,0.10101,0.03192,20,1
250,2148.97,0.01856,0.22521,0.06078,0.04909,0.0292,16,0
793,4282.77,0.14634,0.1247,0.08208,0.0081,0.01589,4,0
543,548.18,0.4189,0.43094,0.18344,0.0766,0.01806,8,1
419,1842.0,0.24977,0.78492,0.3038,0.07924,0.02846,12,1
1058,797.61,0.10912,0.28796,0.16337,0.18793,0.00753,20,1
976,2629.8,0.04892,0.09835,0.12291,0.03307,0.00941,2,0
665,3224.25,0.28145,0.54562,0.19283,0.22475,0.02935,4,1
213,4726.4,0.18883,0.14664,0.07548,0.03459,0.00793,7,0
311,1205.04,0.00573,0.24376,0.12649,0.00716,0.02396,21,0
1479,3608.19,0.08696,0.47163,0.37651,0.17068,0.00705,12,1
1985,4995.13,0.34571,0.37854,0.05539,0.17961,0.01682,2,1
390,524.85,0.15278,0.14073,0.05486,0.04356,0.01943,22,0
631,2849.22,0.07599,0.08445,0.00338,0.07403,0.03441,20,0
671,3693.85,0.05368,0.08973,0.06822,0.01366,0.01759,2,0
700,1482.52,0.04031,0.10345,0.22441,0.01608,0.02409,6,0
500,725.94,0.06935,0.06169,0.05328,0.00978,0.0095,11,0
417,3651.01,0.28332,0.62827,0.21661,0.12965,0.02278,1,1
1719,732.1,0.07021,0.49737,0.21392,0.23219,0.02031,14,1
1040,1574.63,0.28584,0.62094,0.34745,0.08965,0.0205,5,1
668,1746.64,0.10247,0.18622,0.08337,0.09224,0.03522,14,0
535,3078.49,0.06002,0.38835,0.06947,0.00276,0.03311,5,0
1837,1125.03,0.18927,0.30982,0.15203,0.13439,0.0271,16,1
1800,1077.18,0.39403,0.21454,0.21806,0.08333,0.03854,9,1
800,1938.61,0.03761,0.19889,0.01363,0.05145,0.02873,8,0
433,3828.91,0.00847,0.17112,0.14827,0.01892,0.03941,8,0
2297,10007.89,0.34248,0.48362,0.17312,0.08061,0.03214,22,1
1710,581.1,0.1486,0.40589,0.40385,0.11793,0.03722,7,1
135,2280.27,0.12744,0.20646,0.07873,0.08607,0.01423,19,0
1679,796.83,0.03625,0.1908,0.08051,0.04763,0.01144,21,0
1283,3864.74,0.07083,0.18585,0.02704,0.03882,0.03295,17,0
251,890.37,0.067,0.04223,0.20568,0.05976,0.01614,17,0
1941,1085.24,0.36221,0.38219,0.09186,0.19645,0.01414,15,1
264,1157.0,0.04393,0.28332,0.08037,0.01912,0.02523,6,0
167,1700.02,0.08675,0.11516,0.01004,0.00862,0.00441,19,0
654,2293.74,0.3494,0.54243,0.34526,0.2037,0.03045,7,1
870,2587.17,0.16705,0.08624,0.05107,0.0058,0.00521,20,0
1145,1792.23,0.074,0.14948,0.02751,0.02221,0.00639,19,0
780,663.89,0.09963,0.2389,0.09287,0.09558,0.00747,13,0
289,3106.9,0.35231,0.2901,0.03455,0.02632,0.03881,0,0
900,1729.91,0.19441,0.63192,0.13526,0.30444,0.00274,23,1
2344,4302.03,0.20669,0.3394,0.22634,0.17291,0.00603,17,1
1735,1058.64,0.12407,0.12378,0.01478,0.01787,0.01182,5,0
2065,541.23,0.08083,0.37696,0.12278,0.17528,0.03636,12,1
257,1754.65,0.12681,0.2035,0.05799,0.01326,0.01562,0,0
2366,4757.64,0.31712,0.29097,0.11901,0.0627,0.03771,20,1
1270,2030.93,0.02309,0.17481,0.01263,0.01971,0.00849,7,0
984,1549.66,0.01393,0.0386,0.10633,0.03544,0.00918,23,0
326,937.09,0.01378,0.05438,0.01272,0.04578,0.00396,3,0
1794,6726.88,0.05915,0.16087,0.03444,0.0051,0.00841,1,0
841,831.59,0.06576,0.09783,0.04991,0.00795,0.03564,0,0
155,1044.71,0.06492,0.29529,0.05181,0.0993,0.01844,8,0
441,2760.23,0.08234,0.18382,0.08782,0.0208,0.0255,10,0
1020,447.43,0.34338,0.49096,0.15489,0.07876,0.01261,8,1
628,4682.02,0.09452,0.41049,0.20977,0.17683,0.00905,13,1
760,2874.65,0.3441,0.5061,0.17536,0.29789,0.021,20,1
1490,3533.22,0.10817,0.63136,0.10332,0.13653,0.00431,12,1
2493,2735.66,0.4362,0.53056,0.21719,0.08601,0.03707,16,1
580,1595.11,0.35737,0.34323,0.11211,0.05178,0.02142,18,1
1598,810.93,0.14773,0.18476,0.08962,0.20378,0.01292,20,1
2123,1620.49,0.2392,0.6603,0.28276,0.17806,0.00236,13,1
2353,866.2,0.15942,0.69307,0.28631,0.16811,0.00455,7,1
2399,2591.93,0.4526,0.36761,0.13899,0.25616,0.01252,19,1
971,3296.53,0.27991,0.67844,0.15258,0.20167,0.00857,3,1
1458,5448.79,0.01602,0.12068,0.10092,0.02826,0.02063,0,0
2385,2378.84,0.25563,0.41365,0.22829,0.15551,0.02112,16,1
640,3601.02,0.15572,0.02261,0.03097,0.03289,0.00698,20,0
1606,1440.41,0.24369,0.60204,0.22623,0.19849,0.02669,6,1
1632,1257.44,0.25258,0.28898,0.36204,0.21274,0.03719,8,1
929,2567.78,0.04301,0.0658,0.04607,0.01682,0.02644,20,0
1395,1347.07,0.23724,0.42078,0.24429,0.17327,0.02027,12,1
1888,2202.68,0.35561,0.37002,0.22761,0.09885,0.00897,17,1
1725,812.12,0.14256,0.10405,0.0633,0.0163,0.02207,23,0
734,929.2,0.04912,0.29161,0.04522,0.02154,0.03571,9,0
2125,2898.94,0.28023,0.4144,0.23139,0.24116,0.03153,9,1
763,3500.14,0.10848,0.13135,0.03913,0.05993,0.02003,4,0
2233,859.46,0.44653,0.41221,0.07316,0.21543,0.02078,1,1
1085,2976.5,0.13273,0.23989,0.05084,0.02031,0.03534,8,0
1298,1207.12,0.49385,0.37523,0.49534,0.2304,0.00665,20,1
300,1822.42,0.19761,0.41011,0.04601,0.00427,0.01158,13,0
1492,5209.56,0.14197,0.17934,0.16054,0.12641,0.00664,2,1
632,3298.28,0.0701,0.05602,0.12989,0.02488,0.03046,11,0
452,3269.68,0.0923,0.09695,0.05743,0.00112,0.02765,18,0
724,7533.65,0.25331,0.22069,0.32457,0.14873,0.03037,14,1
1768,1061.71,0.29625,0.27466,0.1332,0.02579,0.02493,14,0
257,859.32,0.17481,0.21898,0.0457,0.01328,0.03191,22,0
1963,1047.28,0.11339,0.46422,0.27942,0.17961,0.03198,20,1
1569,1487.22,0.00744,0.05797,0.00547,0.00185,0.03473,22,0
133,307.86,0.12926,0.03817,0.01792,0.05445,0.005,5,0
1093,1540.67,0.02402,0.23363,0.0187,0.0143,0.00434,13,0
1542,1196.45,0.35253,0.36667,0.11567,0.14407,0.0206,18,1
696,3240.11,0.04468,0.08911,0.02478,0.07037,0.00523,6,0
2095,2344.57,0.22944,0.48944,0.27464,0.23855,0.00905,7,1
782,1147.13,0.2078,0.08564,0.07769,0.02278,0.01941,3,0
836,2801.79,0.07001,0.03238,0.05624,0.10259,0.03651,0,0
822,3096.38,0.18855,0.09193,0.08486,0.0251,0.01345,1,0
1937,1011.44,0.12521,0.32778,0.09264,0.21787,0.03887,1,1
1550,1243.61,0.35689,0.2859,0.13587,0.24119,0.03552,4,1
1198,339.18,0.37073,0.48632,0.40458,0.1429,0.02243,21,1
2474,794.37,0.19887,0.33405,0.33815,0.2028,0.02115,12,1
1910,1031.42,0.21879,0.3354,0.11331,0.1244,0.0324,20,1
2278,1902.96,0.38276,0.45645,0.13504,0.12907,0.00362,1,1
1336,885.81,0.08025,0.27499,0.0508,0.0156,0.01266,15,0
753,1224.7,0.13605,0.32377,0.04688,0.02543,0.01246,1,0
2273,718.05,0.41751,0.24666,0.37139,0.23914,0.006,14,1
646,2046.48,0.04828,0.18712,0.0108,0.07612,0.00374,15,0
737,2477.06,0.18265,0.34879,0.23367,0.20115,0.03178,22,1
1483,2434.06,0.28679,0.41078,0.19181,0.13638,0.00524,4,1
1859,1816.77,0.36964,0.31823,0.23502,0.16171,0.02032,16,1
1403,566.65,0.32547,0.60697,0.36076,0.16603,0.02554,9,1
739,1130.68,0.00111,0.18574,0.04292,0.0236,0.02114,18,0
874,1326.19,0.03793,0.14027,0.06264,0.03735,0.03068,6,0
580,1330.18,0.09304,0.17811,0.02099,0.0057,0.00986,7,0
1416,1904.12,0.0735,0.40434,0.30636,0.19539,0.03853,10,1
1475,5243.26,0.26055,0.29209,0.08744,0.10525,0.00685,18,1
1488,3309.7,0.22144,0.44764,0.12737,0.19579,0.03477,19,1
716,858.26,0.07867,0.12091,0.10366,0.03111,0.01942,5,0
631,2993.94,0.00638,0.16992,0.06883,0.02575,0.00845,19,0
2507,2909.59,0.08937,0.26533,0.19363,0.16152,0.03003,1,1
1390,983.38,0.31827,0.30353,0.38841,0.11484,0.01663,0,1
201,3402.25,0.03317,0.20461,0.06919,0.102,0.00913,9,0
731,1596.01,0.08629,0.25722,0.01126,0.01443,0.03472,6,0
1303,625.2,0.15313,0.53486,0.27371,0.12936,0.0072,5,1
242,2532.45,0.08158,0.16831,0.05695,0.06369,0.03922,14,0
965,2118.08,0.29083,0.34507,0.18485,0.20175,0.03655,13,1
365,1517.45,0.20126,0.10434,0.03813,0.01731,0.00433,11,0
1610,1750.14,0.30099,0.54516,0.12726,0.2183,0.02086,23,1
1505,1049.67,0.29939,0.15166,0.12117,0.06617,0.02737,23,1
2307,2844.49,0.24428,0.40616,0.27493,0.08239,0.03246,17,1
749,1742.29,0.0141,0.23028,0.04458,0.02586,0.03312,8,0
1736,2039.33,0.31792,0.17521,0.37395,0.09763,0.00325,18,1
449,2352.89,0.05223,0.01981,0.05437,0.0873,0.02976,14,0
1820,757.18,0.2907,0.67916,0.10918,0.24172,0.00238,2,1
1047,920.42,0.02413,0.08944,0.14593,0.02479,0.03604,10,0
1859,343.12,0.29398,0.19962,0.15696,0.26113,0.03395,7,1
1829,2749.29,0.1421,0.23055,0.25472,0.18751,0.0189,13,1
1504,725.15,0.12394,0.48865,0.11372,0.15865,0.03541,11,1
1105,1988.17,0.21322,0.37406,0.26558,0.18553,0.02314,2,1
985,2377.45,0.02686,0.16644,0.03516,0.0372,0.03501,10,0
2366,2827.95,0.28834,0.32978,0.16275,0.23087,0.02256,11,1
2570,729.62,0.15525,0.63858,0.24526,0.29724,0.00255,7,1
1675,1714.15,0.06825,0.12825,0.02728,0.05644,0.02091,8,0
392,6299.67,0.09917,0.15064,0.01654,0.03613,0.01415,11,0
1970,6511.19,0.29111,0.55495,0.26664,0.16927,0.00494,4,1
883,3774.54,0.16488,0.56956,0.27119,0.16714,0.03811,22,1
2008,2318.47,0.34807,0.41222,0.0958,0.3316,0.03902,10,1
2646,847.01,0.36394,0.37316,0.06854,0.15739,0.01966,19,1
392,3085.62,0.28384,0.55712,0.38486,0.17469,0.01511,17,1
1798,1598.83,0.4093,0.60092,0.1499,0.05881,0.03722,6,1
2583,2740.62,0.18153,0.76012,0.08981,0.19668,0.0112,23,1
2259,1119.8,0.15109,0.16877,0.34478,0.02859,0.03961,17,1
1077,1581.05,0.12047,0.15965,0.48017,0.20824,0.02035,20,1
258,2035.82,0.10158,0.16502,0.11287,0.02008,0.01584,11,0
2377,2165.16,0.12857,0.34561,0.1861,0.10636,0.03106,23,1
1772,2606.68,0.3388,0.7143,0.23569,0.05124,0.0374,19,1
1880,1165.78,0.22646,0.61372,0.20667,0.18012,0.03279,7,1
2124,657.26,0.14879,0.4208,0.29089,0.20113,0.02925,21,1
87,6088.34,0.01908,0.17296,0.13815,0.01905,0.00606,16,0
1487,11643.26,0.26186,0.29684,0.09871,0.19689,0.00691,2,1
146,2517.72,0.12612,0.41594,0.02237,0.03272,0.03472,18,0
2314,666.84,0.19986,0.5525,0.27975,0.21473,0.02613,6,1
1622,1007.92,0.07168,0.36707,0.20587,0.17666,0.0281,5,1
2350,2636.95,0.12042,0.27948,0.13316,0.17199,0.02956,13,1
1047,4921.55,0.07593,0.10634,0.02679,0.03127,0.00613,15,0
223,724.78,0.01835,0.1025,0.20831,0.02866,0.01293,23,0
125,1639.74,0.04908,0.24309,0.18599,0.03612,0.03048,3,0
657,2084.93,0.06008,0.26447,0.05591,0.0636,0.03884,1,0
1358,3442.58,0.06656,0.14439,0.01939,0.03437,0.03814,22,0
339,1391.09,0.06977,0.27644,0.26561,0.04481,0.007,0,0
1545,557.06,0.00685,0.06281,0.04936,0.00828,0.02281,22,0
491,2868.2,0.09024,0.1393,0.07382,0.16384,0.00618,3,0
1413,4184.49,0.37922,0.31223,0.16053,0.22825,0.02436,3,1
429,1691.88,0.09567,0.12291,0.04153,0.01846,0.02473,5,0
881,2439.31,0.01377,0.09676,0.08299,0.04056,0.00941,16,0
1632,1261.02,0.21414,0.35844,0.27142,0.21861,0.03936,20,1
89,954.52,0.00142,0.22762,0.07307,0.09833,0.01171,23,0
1056,3886.88,0.05933,0.20818,0.05465,0.02344,0.0352,5,0
1915,2407.07,0.15401,0.53076,0.23319,0.07453,0.03907,1,1
1690,2600.13,0.00851,0.09911,0.08365,0.01823,0.03901,8,0
648,5553.19,0.04824,0.3239,0.08462,0.01271,0.02958,18,0
2054,816.0,0.40957,0.41858,0.10374,0.07086,0.0312,9,1
2252,1189.78,0.2082,0.26889,0.21839,0.20196,0.01477,12,1
1916,2026.35,0.09448,0.55314,0.13662,0.19661,0.01677,3,1
974,1178.86,0.18665,0.65082,0.31853,0.14438,0.03871,8,1
2015,3238.59,0.36497,0.31088,0.3902,0.05824,0.00491,3,1
1051,1563.99,0.00542,0.31008,0.04197,0.00167,0.02101,8,0
434,855.03,0.3703,0.641,0.2453,0.09361,0.01129,3,1
544,1891.02,0.04129,0.30276,0.0176,0.02697,0.00857,8,0
2070,2045.29,0.19549,0.5882,0.05998,0.24453,0.01314,3,1
588,3628.42,0.13209,0.41298,0.23185,0.04199,0.03196,4,1
827,2417.28,0.03955,0.25652,0.0776,0.0197,0.02785,19,0
2235,2543.77,0.19861,0.61053,0.25252,0.02344,0.01984,0,1
962,2288.75,0.23072,0.79819,0.39003,0.16047,0.01858,14,1
1126,1563.02,0.28161,0.66092,0.2596,0.08134,0.0144,13,1
449,1051.93,0.01324,0.23549,0.01344,0.01763,0.03088,3,0
1250,2235.39,0.42665,0.68718,0.32795,0.22222,0.00749,11,1
494,1402.06,0.12565,0.05924,0.1825,0.0074,0.01065,1,0
2106,6392.68,0.44557,0.23043,0.29421,0.20026,0.01869,17,1
808,4925.49,0.17693,0.30859,0.19639,0.16094,0.00853,17,1
2446,2893.35,0.10064,0.30961,0.15456,0.0452,0.02332,9,1
2237,2390.82,0.20047,0.42806,0.152,0.11273,0.01358,5,1
1987,1685.09,0.28939,0.55836,0.37019,0.1597,0.02818,21,1
2107,699.03,0.48996,0.35377,0.23945,0.11326,0.0024,13,1
402,1530.6,0.15103,0.17449,0.03651,0.02569,0.02162,17,0
2505,1942.23,0.28269,0.58511,0.13303,0.25745,0.03944,0,1
1573,2138.02,0.10482,0.30698,0.25054,0.08975,0.03269,15,1
1734,2559.83,0.11243,0.21209,0.06916,0.0352,0.00663,1,0
2239,3592.27,0.13323,0.7541,0.1411,0.16923,0.01443,11,1
1262,1071.08,0.25541,0.49601,0.17266,0.15831,0.03497,16,1
724,1078.4,0.03106,0.07597,0.15098,0.03458,0.00465,3,0
704,5343.76,0.15618,0.71197,0.2746,0.11937,0.02885,1,1
880,3209.2,0.19265,0.31601,0.29868,0.12946,0.00487,1,1
750,1342.73,0.13354,0.06225,0.04209,0.03871,0.01152,8,0
1474,1660.93,0.1585,0.17701,0.06403,0.008,0.03937,16,0
949,1666.54,0.00319,0.05575,0.12283,0.06285,0.03564,2,0
1376,1843.13,0.08697,0.15588,0.44543,0.1375,0.01698,2,1
960,2565.87,0.32914,0.35724,0.09988,0.09306,0.02767,20,1
1920,12049.6,0.09288,0.4452,0.23439,0.13019,0.01955,2,1
1667,2075.3,0.28262,0.59469,0.23812,0.04735,0.00359,13,1
2102,2958.66,0.32434,0.46747,0.27903,0.18112,0.03384,7,1
1838,508.1,0.24429,0.28938,0.19823,0.04801,0.03198,23,1
1401,1251.21,0.40687,0.63819,0.271,0.04965,0.03847,22,1
2277,4524.01,0.20104,0.37477,0.27287,0.12634,0.00515,18,1
810,2433.97,0.10113,0.1452,0.22044,0.00882,0.0097,16,0
2339,66.93,0.19213,0.53923,0.25509,0.2031,0.013,5,1
1576,2984.12,0.17894,0.55998,0.36324,0.09631,0.02543,16,1
299,7586.8,0.08531,0.40688,0.03021,0.01361,0.03849,0,0
1105,402.87,0.21142,0.6219,0.31732,0.17083,0.03347,18,1
301,5625.6,0.1755,0.07541,0.20492,0.04342,0.03544,21,0
283,225.11,0.18844,0.10795,0.01658,0.00987,0.03934,18,0
1595,3637.46,0.18558,0.14282,0.01334,0.01941,0.03015,6,0
1781,1788.36,0.20709,0.95576,0.23617,0.24287,0.02119,23,1
460,308.91,0.03958,0.11215,0.13976,0.06929,0.01008,16,0
1908,2515.29,0.14367,0.35981,0.2385,0.06265,0.01393,2,1
693,4267.02,0.2417,0.41611,0.35052,0.09736,0.02549,20,1
1095,2364.82,0.21774,0.59539,0.16548,0.1708,0.0377,2,1
1559,2791.02,0.24721,0.37568,0.13176,0.1312,0.01989,13,1
602,1321.85,0.10422,0.0355,0.17857,0.02964,0.02098,23,0
1691,445.63,0.29932,0.44428,0.10844,0.15914,0.02203,18,1
2366,3024.32,0.11929,0.32278,0.33156,0.18764,0.03334,11,1
495,6686.58,0.33028,0.86426,0.28015,0.26471,0.02674,0,1
121,4199.53,0.08354,0.12192,0.08401,0.00656,0.02101,21,0
1696,405.3,0.0024,0.09211,0.02131,0.0298,0.02514,14,0
975,577.88,0.06432,0.18095,0.05149,0.04536,0.00784,12,0
951,954.38,0.23263,0.16827,0.00172,0.05643,0.003,12,0
877,545.01,0.00687,0.32966,0.05043,0.00655,0.01473,16,0
825,1860.66,0.04661,0.23749,0.03985,0.02271,0.03918,21,0
1378,2417.78,0.31084,0.4067,0.31691,0.18901,0.02697,12,1
1594,615.76,0.22789,0.45186,0.35747,0.18692,0.00517,8,1
361,3224.03,0.12009,0.27103,0.01673,0.01374,0.02185,22,0
1157,2825.3,0.01644,0.07986,0.03668,0.07072,0.00729,23,0
1229,1193.23,0.11566,0.05532,0.13468,0.13956,0.02877,2,0
275,1581.53,0.02846,0.03786,0.04276,0.01469,0.02396,19,0
1022,417.04,0.33472,0.3477,0.12477,0.08825,0.02777,2,1
1439,1402.97,0.03033,0.27404,0.05903,0.035,0.03077,8,0
1144,1810.0,0.20159,0.20896,0.00433,0.05908,0.01761,21,0
314,2042.85,0.01411,0.23402,0.04698,0.00308,0.01155,2,0
148,2391.56,0.10213,0.11374,0.07036,0.00427,0.00511,4,0
1531,2161.86,0.36854,0.42412,0.19973,0.18343,0.03752,4,1
874,1476.29,0.08935,0.0457,0.07347,0.01026,0.00254,21,0
2597,2230.96,0.24148,0.6378,0.27754,0.04321,0.03007,0,1
1520,3816.41,0.15187,0.44404,0.14714,0.20948,0.03634,0,1
1957,1675.59,0.21418,0.79061,0.30799,0.14183,0.02045,3,1
1025,2284.12,0.1382,0.34302,0.10635,0.17689,0.00239,23,1
849,1565.43,0.05314,0.15355,0.06548,0.00735,0.02777,4,0
1208,1108.18,0.20701,0.30824,0.29421,0.1578,0.01077,3,1
1638,2664.31,0.19772,0.20123,0.38531,0.20027,0.01326,13,1
816,1186.93,0.32735,0.29859,0.19344,0.27685,0.02302,3,1
1449,2404.63,0.10797,0.40446,0.29002,0.24083,0.00808,16,1
1084,1838.55,0.32074,0.33832,0.23379,0.19101,0.01485,5,1
399,1433.09,0.32402,0.23739,0.00178,0.09229,0.02722,4,0
246,1407.31,0.0706,0.21726,0.04939,0.00519,0.02833,19,0
960,1229.61,0.01032,0.38287,0.06304,0.01773,0.03629,20,0
2181,523.84,0.09603,0.23784,0.18394,0.20944,0.02721,8,1
1021,2398.77,0.36353,0.47415,0.28614,0.22616,0.00482,3,1
776,2141.37,0.00339,0.19901,0.11466,0.03993,0.0062,10,0
1255,3404.3,0.07267,0.55932,0.40312,0.2628,0.03205,4,1
2302,1208.28,0.32162,0.76229,0.32378,0.18182,0.02285,8,1
1684,7458.28,0.1923,0.21218,0.21018,0.25211,0.00756,12,1
1755,1353.89,0.08212,0.06973,0.01201,0.00966,0.02491,9,0
501,933.75,0.06996,0.05077,0.15235,0.03114,0.01078,5,0
218,854.3,0.0387,0.24881,0.11265,0.00178,0.00425,9,0
1767,490.34,0.25689,0.38421,0.21305,0.21693,0.0123,11,1
2016,5681.74,0.26296,0.46632,0.08539,0.15949,0.01363,18,1
2219,5033.36,0.17217,0.30451,0.1317,0.26972,0.01916,8,1
1746,2824.54,0.22353,0.62265,0.38115,0.25957,0.03839,13,1
2168,919.17,0.25264,0.43814,0.24611,0.08427,0.02226,2,1
1170,7002.29,0.16944,0.23403,0.06224,0.00568,0.03912,18,0
698,1382.64,0.13405,0.26332,0.08757,0.03646,0.0203,9,0
1620,1471.11,0.2995,0.22163,0.05593,0.1251,0.02545,13,1
310,5289.54,0.10281,0.33259,0.0351,0.0138,0.02948,10,0
1047,2950.49,0.55105,0.58125,0.1186,0.10487,0.01088,1,1
1281,9380.32,0.36077,0.59215,0.43806,0.07812,0.0346,21,1
141,2169.13,0.26778,0.04991,0.07134,0.04665,0.00212,20,0
867,1336.45,0.33557,0.30051,0.17269,0.09659,0.02916,19,1
1393,1137.61,0.20912,0.39266,0.18367,0.1412,0.0239,5,1
715,450.47,0.166,0.10813,0.04164,0.00625,0.03196,12,0
2566,1460.59,0.173,0.36271,0.45298,0.05195,0.0383,6,1
1339,4247.08,0.25879,0.50346,0.35944,0.09821,0.0297,0,1
2396,2820.49,0.21161,0.31757,0.19378,0.14088,0.01421,9,1
1216,1827.63,0.00864,0.13998,0.06586,0.03851,0.03776,23,0
149,853.5,0.09885,0.25188,0.00518,0.08175,0.00822,19,0
778,2133.88,0.27281,0.36166,0.18008,0.06545,0.01974,5,1
1707,3847.4,0.27623,0.28441,0.30281,0.08458,0.00351,6,1
1017,2486.38,0.01586,0.08919,0.01762,0.00776,0.02124,5,0
599,2039.77,0.02577,0.14282,0.18335,0.0345,0.02568,0,0
1296,990.12,0.20752,0.59957,0.27106,0.10258,0.03099,6,1
2513,3449.31,0.28389,0.25652,0.34164,0.0619,0.00937,19,1
748,171.85,0.0652,0.14213,0.00995,0.00332,0.03986,5,0
157,2398.69,0.09442,0.24285,0.04145,0.00133,0.01416,12,0
1329,12373.14,0.28334,0.37559,0.24062,0.07658,0.02254,9,1
1938,580.72,0.27616,0.28858,0.33462,0.0625,0.03731,4,1
1735,1501.94,0.17675,0.20962,0.31146,0.15861,0.02329,22,1
2385,1789.35,0.15417,0.38483,0.17669,0.27119,0.01326,20,1
1838,1272.33,0.22206,0.51492,0.30765,0.12941,0.01785,21,1
282,3915.99,0.01072,0.35683,0.03972,0.00968,0.01163,21,0
1070,2565.43,0.10143,0.38829,0.10876,0.24744,0.00258,21,1
182,2017.81,0.05754,0.20256,0.08042,0.05491,0.01128,11,0
88,3273.11,0.0155,0.12942,0.12654,0.05106,0.02973,1,0
1515,1822.76,0.15208,0.26799,0.00919,0.00762,0.00421,20,0
1925,19544.33,0.25255,0.63153,0.29277,0.06515,0.03088,12,1
347,2016.37,0.06687,0.21996,0.02684,0.01374,0.0271,9,0
1322,2083.91,0.04733,0.09776,0.0684,0.01553,0.0311,11,0
1515,499.04,0.29206,0.55162,0.11177,0.10954,0.01593,21,1
199,1197.46,0.20788,0.1167,0.05443,0.00163,0.02423,23,0
2128,4255.96,0.24994,0.41843,0.2499,0.09907,0.03505,7,1
2316,661.13,0.17936,0.27429,0.18496,0.107,0.01887,11,1
1527,356.87,0.43341,0.28382,0.25846,0.20926,0.03173,22,1
1297,1844.16,0.11427,0.18825,0.01305,0.04085,0.03398,18,0
763,5032.14,0.01454,0.08018,0.05219,0.0127,0.02816,17,0
1915,1858.13,0.32929,0.39181,0.21683,0.25235,0.0245,7,1
1671,1398.91,0.29194,0.35341,0.15869,0.11502,0.00551,18,1
2527,446.61,0.19527,0.3379,0.31878,0.12302,0.02799,12,1
188,2526.86,0.02401,0.13962,0.06495,0.02908,0.02345,23,0
376,2955.72,0.02319,0.0885,0.01898,0.03171,0.01174,6,0
2339,473.07,0.28428,0.55371,0.20405,0.09612,0.02182,17,1
1322,4215.15,0.13064,0.37823,0.14499,0.17007,0.02428,11,1
614,3196.51,0.04628,0.30269,0.06603,0.00533,0.01542,4,0
1600,4208.15,0.15005,0.22609,0.14288,0.09622,0.01136,23,1
1043,2788.3,0.12808,0.48473,0.15949,0.08421,0.03485,21,1
1825,2938.94,0.17501,0.55686,0.21382,0.09082,0.01393,1,1
572,2660.0,0.01287,0.14424,0.00663,0.04673,0.02972,13,0
420,3452.65,0.10576,0.249,0.06592,0.00304,0.02624,16,0
1738,460.11,0.04738,0.11929,0.03233,0.02598,0.00523,21,0
423,583.91,0.18457,0.17122,0.03965,0.10902,0.03995,1,0
242,1036.43,0.20388,0.04428,0.03818,0.01258,0.01564,6,0
1524,1633.0,0.19577,0.5463,0.19727,0.23613,0.02184,16,1
1963,2408.22,0.18106,0.38251,0.44207,0.14146,0.01401,4,1
1149,2296.3,0.24226,0.57273,0.14219,0.23578,0.02067,4,1
1747,4160.42,0.32545,0.2526,0.11625,0.24646,0.03236,0,1
1010,4259.53,0.13963,0.23094,0.17265,0.05067,0.03577,21,0
1812,935.66,0.19902,0.42789,0.18737,0.20318,0.01983,13,1
934,2152.69,0.14831,0.14685,0.3426,0.1459,0.0337,12,1
2189,953.05,0.2359,0.61444,0.33685,0.02571,0.0216,1,1
1144,1562.99,0.02011,0.23546,0.1116,0.01045,0.02127,10,0
2228,2291.32,0.20821,0.44471,0.17827,0.04987,0.01523,14,1
702,139.63,0.02931,0.14321,0.02268,0.05497,0.02392,22,0
2470,10981.58,0.08145,0.44834,0.30261,0.09709,0.03539,10,1
1878,2752.73,0.26318,0.34799,0.22761,0.25685,0.00277,2,1
298,1151.44,0.03525,0.10199,0.18678,0.01481,0.00463,23,0
2425,7639.36,0.23137,0.504,0.24128,0.07893,0.00504,1,1
1724,1387.1,0.21169,0.44341,0.28691,0.15669,0.03985,4,1
596,1988.09,0.02341,0.07404,0.07118,0.0157,0.01022,22,0
1018,1249.13,0.05769,0.05019,0.06627,0.00673,0.03897,10,0
1055,6213.85,0.17323,0.18446,0.26816,0.08897,0.03811,0,1
1014,1663.71,0.01502,0.10134,0.05799,0.00226,0.03431,23,0
1740,2013.55,0.06432,0.05548,0.07369,0.02746,0.01946,2,0
2338,4439.86,0.30563,0.37922,0.26884,0.16805,0.02564,20,1
450,2791.67,0.13317,0.18556,0.05489,0.00853,0.00927,21,0
2226,1728.11,0.18864,0.47358,0.18218,0.2128,0.01599,6,1
833,4139.52,0.07271,0.31067,0.08969,0.05735,0.0164,23,0
1560,12081.18,0.15249,0.36479,0.3444,0.14693,0.01131,22,1
1512,2283.81,0.16639,0.64388,0.17565,0.04511,0.02043,20,1
910,1964.73,0.06085,0.10086,0.06265,0.0148,0.01743,19,0
865,2045.73,0.0338,0.21613,0.00313,0.03221,0.02923,22,0
1533,4809.58,0.21688,0.42399,0.11423,0.0746,0.03818,1,1
1563,1148.42,0.17155,0.14758,0.01984,0.0169,0.0219,8,0
744,1460.89,0.08141,0.23454,0.24836,0.01066,0.00811,2,0
1290,568.19,0.09351,0.65193,0.25402,0.2061,0.0094,4,1
1237,740.73,0.14335,0.56849,0.23101,0.14121,0.03353,18,1
683,1220.71,0.24268,0.37911,0.38018,0.14187,0.00246,1,1
1535,1726.05,0.41816,0.38288,0.23407,0.1356,0.00605,21,1
563,6784.22,0.13585,0.32813,0.11171,0.09798,0.02516,20,1
762,2690.65,0.22278,0.41234,0.20078,0.24378,0.03424,21,1
2112,908.22,0.21081,0.32989,0.29591,0.06492,0.02911,22,1
636,1042.69,0.15093,0.45936,0.23811,0.10862,0.0082,16,1
1057,5047.27,0.1243,0.08867,0.03489,0.05068,0.03732,21,0
1653,4190.18,0.34731,0.58272,0.21401,0.10525,0.02311,14,1
1326,1838.41,0.12361,0.13319,0.08499,0.03761,0.0245,19,0
1302,1291.61,0.27261,0.35986,0.22636,0.19047,0.03024,14,1
413,4184.91,0.06798,0.35068,0.08198,0.04697,0.02333,11,0
2192,854.53,0.2874,0.489,0.28357,0.30275,0.03401,8,1
1898,2415.27,0.32087,0.59177,0.13329,0.02995,0.01248,6,1
1561,9897.49,0.16744,0.5265,0.176,0.08259,0.00574,23,1
379,2099.72,0.46827,0.43557,0.23335,0.1004,0.01091,3,1
140,1006.1,0.18545,0.29992,0.04237,0.01996,0.02214,17,0
622,2448.71,0.12097,0.17772,0.08113,0.05076,0.02927,18,0
797,1265.26,0.24197,0.64282,0.23731,0.13939,0.03813,6,1
2347,632.67,0.14637,0.36061,0.19857,0.04066,0.00882,11,1
434,3045.19,0.16755,0.14917,0.0849,0.06677,0.02041,20,0
821,4162.69,0.1221,0.51753,0.29859,0.08538,0.03499,3,1
2557,1425.62,0.28901,0.54027,0.12953,0.21579,0.03175,6,1
2090,1356.43,0.2753,0.59713,0.12846,0.05269,0.02702,23,1
456,875.13,0.06291,0.32948,0.22978,0.01808,0.00747,22,0
1459,1608.55,0.40076,0.55175,0.17563,0.2062,0.02328,23,1
967,1180.59,0.01814,0.30359,0.01371,0.00674,0.0119,15,0
1849,843.25,0.17637,0.34045,0.27848,0.15019,0.01836,19,1
2359,7440.32,0.36655,0.42199,0.12587,0.06091,0.00795,7,1
1929,2553.99,0.24804,0.21798,0.35595,0.13339,0.02235,14,1
1760,2765.12,0.08303,0.44799,0.08787,0.0174,0.02115,11,0
149,3491.52,0.25166,0.0978,0.12869,0.09352,0.00842,12,0
979,3209.34,0.19322,0.40509,0.19055,0.19695,0.00277,10,1
1048,1320.43,0.08011,0.28457,0.07171,0.03959,0.01822,9,0
164,2208.25,0.06627,0.24768,0.22359,0.02988,0.01226,18,0
691,1471.1,0.03981,0.13458,0.04119,0.01752,0.01462,1,0
344,2500.86,0.0903,0.19271,0.08934,0.03752,0.03152,9,0
1684,2325.78,0.02963,0.26634,0.02323,0.04559,0.00891,23,0
188,1350.93,0.1311,0.37549,0.12395,0.04118,0.00858,18,0
335,664.19,0.13266,0.26855,0.07025,0.08498,0.02043,2,0
1170,2008.65,0.19973,0.50108,0.18868,0.27387,0.03044,12,1
602,1544.32,0.1394,0.43871,0.11218,0.18402,0.02382,3,1
1708,436.05,0.28381,0.36933,0.31695,0.0931,0.03638,22,1
706,2634.08,0.01987,0.12283,0.04255,0.08942,0.03046,1,0
2091,3712.83,0.11667,0.25756,0.11769,0.06723,0.01838,15,1
749,11989.77,0.39143,0.27747,0.18493,0.06252,0.01537,12,1
1228,1342.31,0.25755,0.29715,0.19589,0.16399,0.0356,9,1
1967,1201.72,0.23996,0.29022,0.28134,0.10199,0.0395,1,1
1880,783.27,0.17309,0.47433,0.20449,0.14451,0.02604,11,1
1449,2104.9,0.05578,0.29337,0.1049,0.03332,0.02871,6,0
427,2094.94,0.03953,0.01076,0.09922,0.00057,0.01861,16,0
1095,979.53,0.1162,0.90267,0.12162,0.20265,0.02455,23,1
1457,1578.68,0.08624,0.18918,0.01649,0.01249,0.02694,19,0
1888,408.11,0.26274,0.45348,0.22584,0.12041,0.0398,23,1
1708,3605.89,0.31895,0.51016,0.34207,0.08948,0.0158,7,1
2076,1009.83,0.28729,0.26605,0.26547,0.19573,0.02434,19,1
1796,1753.82,0.09762,0.35587,0.25725,0.18856,0.00274,4,1
1154,617.4,0.02134,0.30874,0.05625,0.07845,0.03632,20,0
2345,1163.02,0.21564,0.35397,0.20781,0.05938,0.03924,6,1
299,1459.5,0.06602,0.11639,0.06912,0.03745,0.02436,19,0
1015,1784.82,0.31762,0.72525,0.07597,0.30522,0.01721,9,1
272,2579.48,0.04015,0.14603,0.30541,0.05242,0.03286,9,0
235,5296.75,0.04432,0.02421,0.02848,0.04498,0.00443,2,0
1435,3118.4,0.41159,0.8359,0.08626,0.08685,0.02483,2,1
468,3703.99,0.12771,0.10119,0.05806,0.13189,0.01553,23,0
1557,5324.74,0.32914,0.28822,0.13057,0.14487,0.00939,18,1
1724,2759.55,0.29445,0.74641,0.30406,0.25142,0.00715,8,1
1147,1751.12,0.03812,0.10267,0.08839,0.0155,0.03048,12,0
1913,3836.73,0.21465,0.52899,0.36936,0.14629,0.0223,23,1
2424,4025.08,0.29373,0.2839,0.19348,0.16579,0.03703,19,1
730,2927.68,0.12379,0.15735,0.02446,0.01479,0.02331,18,0
640,604.6,0.01986,0.10112,0.0774,0.05708,0.00653,19,0
1689,957.62,0.34715,0.5145,0.25779,0.12488,0.01577,3,1
292,1464.69,0.12992,0.12052,0.08731,0.09877,0.01489,14,0
1309,3230.07,0.12804,0.3201,0.41165,0.33,0.01945,5,1
1167,1771.41,0.06342,0.37291,0.16974,0.11009,0.01817,11,1
394,4222.55,0.19995,0.19925,0.05429,0.0526,0.00552,11,0
1489,4826.95,0.4409,0.27283,0.34486,0.08406,0.02038,2,1
631,4424.53,0.07762,0.13572,0.10106,0.00934,0.02718,16,0
916,4445.72,0.22271,0.49671,0.31933,0.09314,0.00269,9,1
1203,826.99,0.05382,0.24013,0.0859,0.00132,0.00306,14,0
379,2585.1,0.14359,0.38064,0.03469,0.02079,0.02545,6,0
1237,1141.27,0.0026,0.0283,0.00843,0.01314,0.02386,14,0
358,522.56,0.06173,0.28073,0.04307,0.01961,0.02725,16,0
1348,1450.9,0.29064,0.59094,0.23137,0.14578,0.02821,16,1
1469,4861.46,0.06233,0.21769,0.03345,0.00305,0.03403,13,0
804,2543.0,0.29534,0.13272,0.31034,0.1129,0.01864,8,1
1631,8175.51,0.36856,0.47228,0.2279,0.06232,0.03028,10,1
1988,2055.89,0.22605,0.26583,0.12554,0.10029,0.00828,14,1
2398,11286.85,0.12824,0.34,0.2161,0.09901,0.0021,13,1
370,2056.34,0.15339,0.06166,0.04659,0.00727,0.00867,22,0
1310,1830.61,0.05418,0.1067,0.03454,0.00466,0.0296,7,0
2094,689.52,0.52666,0.34496,0.34491,0.25217,0.03612,0,1
2264,4140.05,0.23137,0.46175,0.27251,0.10619,0.00584,14,1
897,1235.15,0.44093,0.43376,0.34404,0.11525,0.01893,16,1
1494,1107.94,0.17487,0.14624,0.07794,0.04695,0.02376,11,0
264,4705.39,0.02315,0.13887,0.16262,0.0199,0.0358,7,0
1449,4290.72,0.213,0.44944,0.25444,0.16252,0.01026,19,1
1126,4207.32,0.22906,0.33376,0.28967,0.1877,0.02692,21,1
993,1371.83,0.05287,0.0931,0.04683,0.04612,0.03374,21,0
1259,1732.48,0.10351,0.41415,0.337,0.13075,0.00452,21,1
134,1720.98,0.06526,0.34159,0.06806,0.01712,0.01024,9,0
1547,3237.09,0.2025,0.37571,0.4317,0.0496,0.00714,0,1
2147,5771.66,0.47625,0.60749,0.30389,0.15371,0.02897,2,1
1553,2372.39,0.10513,0.40828,0.32355,0.20939,0.01301,23,1
556,7916.55,0.02123,0.12237,0.01486,0.01746,0.00462,7,0
2305,3527.83,0.18158,0.5103,0.13713,0.19142,0.00555,0,1
250,1509.36,0.20663,0.16047,0.03605,0.02544,0.02804,6,0
916,3351.21,0.10412,0.11881,0.00756,0.04188,0.02407,11,0
1132,6470.43,0.13749,0.52356,0.32627,0.06073,0.01464,16,1
1395,8056.69,0.22665,0.30165,0.21908,0.10057,0.03674,3,1
2283,4383.97,0.24392,0.50782,0.39289,0.13731,0.00299,14,1
805,1835.0,0.02753,0.24057,0.11208,0.05138,0.01085,13,0
2455,1530.0,0.27092,0.48395,0.25191,0.15295,0.02287,2,1
843,2772.75,0.27723,0.50683,0.16973,0.11113,0.0381,11,1
2103,6317.15,0.06182,0.2547,0.30894,0.09618,0.0356,18,1
1099,2492.07,0.14578,0.16797,0.04368,0.03339,0.02969,9,0
493,2531.18,0.19219,0.16452,0.09056,0.02453,0.02023,14,0
472,1870.74,0.1287,0.30586,0.1371,0.00591,0.01857,21,0
1765,1407.58,0.16614,0.44473,0.4112,0.13618,0.02896,5,1
1176,1593.9,0.09332,0.29138,0.05397,0.03253,0.02776,11,0
1980,1992.43,0.07281,0.37397,0.25461,0.24611,0.01702,21,1
411,6529.7,0.33168,0.40546,0.29177,0.15011,0.03539,4,1
1644,1503.81,0.32922,0.39702,0.13944,0.20684,0.03281,3,1
1767,1872.45,0.05281,0.23393,0.00561,0.03269,0.03943,15,0
109,940.59,0.10579,0.12668,0.03236,0.11919,0.01702,1,0
886,3081.02,0.09086,0.08479,0.07948,0.02184,0.01004,11,0
1278,5016.82,0.22156,0.20516,0.16255,0.12547,0.00969,10,1
2460,6087.03,0.27406,0.4622,0.26314,0.20548,0.0264,5,1
566,2096.59,0.06138,0.22279,0.0029,0.01776,0.00961,6,0
1365,2769.18,0.19668,0.35023,0.1882,0.25655,0.0301,5,1
2164,1604.2,0.10046,0.41609,0.43213,0.19053,0.03801,14,1
183,2674.6,0.09943,0.25766,0.02253,0.00676,0.00304,18,0
2212,2277.91,0.33365,0.23444,0.37457,0.13913,0.0353,18,1
2371,1880.4,0.36547,0.20765,0.20824,0.18467,0.01071,22,1
1507,1995.91,0.45343,0.42037,0.12292,0.10876,0.02296,10,1
1194,2526.23,0.00891,0.24633,0.04213,0.02491,0.01214,12,0
2211,1443.65,0.27658,0.37499,0.34995,0.17016,0.01359,1,1
1424,1500.67,0.07357,0.09906,0.02842,0.00507,0.03331,16,0
1893,6477.33,0.45765,0.39317,0.35098,0.17224,0.01306,12,1
1061,13745.3,0.25001,0.59717,0.21193,0.04419,0.03375,3,1
1491,729.43,0.33709,0.40223,0.30042,0.07224,0.01409,16,1
1621,699.9,0.27222,0.44403,0.29253,0.06968,0.0108,10,1
412,878.03,0.05166,0.18658,0.01563,0.06498,0.03084,13,0
1661,1665.82,0.30123,0.25198,0.23471,0.16604,0.01333,10,1
2165,3524.09,0.05873,0.58972,0.14054,0.09771,0.00294,13,1
1716,2804.5,0.25867,0.51048,0.1777,0.11971,0.01106,3,1
598,2047.89,0.05944,0.37037,0.02798,0.02136,0.03287,15,0
907,2676.44,0.12245,0.46392,0.2561,0.14562,0.02555,0,1
828,1071.14,0.03195,0.15301,0.01624,0.01175,0.01728,16,0
1535,1498.84,0.20173,0.48324,0.37009,0.19289,0.02194,16,1
1418,1773.08,0.20927,0.05435,0.05391,0.00807,0.00916,13,0
2047,548.61,0.30626,0.2088,0.33073,0.20183,0.01203,8,1
1679,753.37,0.0064,0.27429,0.1372,0.03202,0.00521,18,0
2562,776.17,0.22298,0.61109,0.19255,0.1564,0.01261,9,1
1483,3192.7,0.20499,0.20109,0.412,0.14396,0.01189,3,1
911,2163.66,0.20884,0.27822,0.45668,0.2153,0.0186,22,1
1572,2846.48,0.46207,0.36057,0.18469,0.29354,0.0265,16,1
1110,452.96,0.16197,0.70873,0.29473,0.11599,0.02352,4,1
1162,591.62,0.0149,0.23799,0.03977,0.02044,0.03084,16,0
1476,2960.03,0.03764,0.08508,0.09088,0.03083,0.0122,19,0
715,223.98,0.04471,0.24335,0.04429,0.03616,0.00869,7,0
949,4509.83,0.0067,0.10941,0.11469,0.02635,0.02829,21,0
158,458.54,0.11323,0.04531,0.03562,0.04859,0.00485,5,0
1346,3388.19,0.03922,0.13488,0.05195,0.01737,0.00579,17,0
1596,924.36,0.12906,0.79444,0.09499,0.09056,0.03016,3,1
1705,3952.96,0.18055,0.40544,0.15917,0.1851,0.03426,8,1
1340,19963.53,0.4058,0.44171,0.2674,0.04754,0.0037,19,1
450,327.23,0.07909,0.07208,0.06241,0.00321,0.01315,8,0
1644,3032.29,0.15226,0.31361,0.29898,0.22033,0.01697,23,1
1756,463.78,0.31832,0.64953,0.31486,0.09798,0.01664,3,1
681,2479.02,0.14276,0.21619,0.12192,0.07434,0.03629,12,0
305,1541.43,0.32324,0.08866,0.01133,0.01374,0.01179,1,0
1476,1984.02,0.17006,0.68099,0.08164,0.21367,0.03955,13,1
421,908.48,0.04973,0.25064,0.04577,0.0023,0.01374,6,0
723,3232.3,0.05586,0.05738,0.01356,0.02105,0.00394,19,0
1733,607.45,0.24684,0.17261,0.26865,0.03401,0.01485,7,1
275,4567.72,0.03694,0.33328,0.04527,0.01942,0.02044,17,0
1571,1324.25,0.04467,0.34887,0.08618,0.1168,0.02646,4,1
466,628.62,0.03229,0.33522,0.07337,0.01991,0.02641,12,0
1997,5953.56,0.34856,0.59251,0.35371,0.2697,0.01285,18,1
2113,1711.35,0.14984,0.2829,0.20077,0.06509,0.03848,10,1
548,7527.13,0.12533,0.14957,0.05324,0.01323,0.00411,13,0
1323,4498.77,0.16559,0.29564,0.14662,0.07741,0.02452,10,1
270,989.24,0.00912,0.13228,0.14713,0.00247,0.02529,3,0
251,1688.84,0.02849,0.07909,0.02058,0.03431,0.01464,0,0
2197,1971.05,0.23944,0.44629,0.30321,0.03506,0.03101,1,1
2239,5654.85,0.37726,0.45841,0.54997,0.19724,0.01229,10,1
345,2499.09,0.01423,0.13082,0.05926,0.0149,0.0109,23,0
566,2054.45,0.11932,0.06778,0.02818,0.07574,0.0271,14,0
419,1549.41,0.13926,0.20507,0.01584,0.00415,0.02391,14,0
1337,1733.03,0.37237,0.39588,0.24913,0.09674,0.03011,3,1
1291,4788.56,0.18599,0.35691,0.30815,0.20122,0.02119,0,1
854,1805.01,0.07361,0.6685,0.13849,0.13915,0.00354,13,1
990,1338.49,0.06534,0.11103,0.11224,0.05156,0.0163,6,0
1299,1178.69,0.22097,0.34285,0.17268,0.06187,0.02171,3,1
2451,1188.23,0.43576,0.39836,0.30555,0.18483,0.03691,15,1
2089,628.9,0.16377,0.4354,0.26939,0.1064,0.01752,16,1
1388,1025.32,0.20509,0.47285,0.05781,0.06029,0.0031,20,0
665,5537.83,0.20953,0.4428,0.19206,0.17247,0.03699,6,1
2101,1541.63,0.31706,0.36809,0.30802,0.14342,0.03507,21,1
2312,3052.91,0.11901,0.4909,0.29473,0.18223,0.02441,5,1
381,280.47,0.51689,0.17585,0.11342,0.00411,0.02425,15,0
1372,2756.66,0.05742,0.09137,0.04828,0.02705,0.03862,6,0
695,1594.84,0.01111,0.2733,0.06612,0.0249,0.00771,1,0
1889,1254.46,0.31498,0.3984,0.27439,0.0378,0.02913,9,1
902,2061.65,0.0875,0.15244,0.07122,0.02911,0.00889,2,0
1842,1241.0,0.27055,0.26557,0.15636,0.04064,0.00318,21,1
333,366.0,0.04807,0.19111,0.09541,0.13751,0.00699,4,0
981,3594.74,0.2891,0.28633,0.24371,0.05002,0.00678,11,1
767,2159.87,0.33792,0.37185,0.1175,0.11442,0.00244,7,1
1075,1422.38,0.20738,0.21133,0.1166,0.24506,0.02443,10,1
883,872.1,0.14694,0.60581,0.07928,0.1777,0.02871,20,1
737,597.74,0.11253,0.10305,0.09951,0.00384,0.03223,18,0
298,2129.11,0.13541,0.36422,0.09151,0.04466,0.01038,21,0
1296,6036.76,0.21183,0.13543,0.05579,0.02806,0.01732,7,0
1026,2096.27,0.03201,0.1989,0.02535,0.01713,0.01447,8,0
1506,638.08,0.11355,0.06687,0.10954,0.01801,0.01734,3,0
1795,2131.07,0.20408,0.41172,0.34353,0.14689,0.03869,7,1
336,1729.41,0.10614,0.18865,0.03844,0.15086,0.0176,13,0
200,3441.2,0.19398,0.24323,0.09235,0.01284,0.0189,11,0
1356,2837.25,0.28263,0.69208,0.05843,0.11739,0.03442,9,1
907,191.75,0.01411,0.0474,0.16319,0.04856,0.02171,6,0
493,2709.38,0.17051,0.35564,0.01106,0.00528,0.01833,22,0
1425,848.04,0.01758,0.20001,0.04568,0.01617,0.00801,22,0
1080,619.71,0.04718,0.05352,0.06335,0.00146,0.0292,12,0
1948,1562.73,0.31191,0.44707,0.07675,0.17514,0.02812,9,1
1150,2449.82,0.16885,0.31898,0.25202,0.20158,0.03605,8,1
2342,525.84,0.22836,0.30441,0.13307,0.05429,0.02344,21,1
1228,3053.29,0.12685,0.47697,0.18138,0.33837,0.00712,14,1
1416,3190.86,0.20721,0.17335,0.27921,0.11345,0.03375,0,1
1528,1864.55,0.1388,0.60216,0.315,0.0623,0.00534,13,1
1668,939.01,0.26835,0.3493,0.08763,0.0755,0.01399,6,1
556,863.51,0.14098,0.17487,0.01387,0.02926,0.02461,21,0
494,3885.44,0.06959,0.20744,0.02559,0.04123,0.02179,14,0
664,579.48,0.10963,0.14646,0.06305,0.03172,0.02798,9,0
700,3999.38,0.15491,0.07173,0.13377,0.01981,0.024,19,0
392,1590.24,0.17861,0.12241,0.05741,0.03936,0.02362,2,0
1258,1675.16,0.2378,0.31978,0.3029,0.13245,0.02405,8,1
860,499.93,0.25001,0.55601,0.19263,0.28411,0.01444,14,1
884,1612.44,0.07649,0.07794,0.10644,0.0274,0.0366,9,0
670,2851.87,0.00104,0.07867,0.05275,0.01411,0.0133,10,0
754,660.66,0.03132,0.17882,0.1313,0.00531,0.01931,17,0
1687,2616.31,0.19262,0.20253,0.21031,0.0539,0.03646,2,1
1388,1924.27,0.37107,0.34329,0.40244,0.09144,0.00571,4,1
2240,1110.68,0.38182,0.24117,0.2322,0.19856,0.02163,2,1
2033,3417.1,0.18787,0.47418,0.21846,0.11131,0.00989,1,1
380,345.11,0.04317,0.3777,0.06883,0.04625,0.03123,16,0
619,2334.5,0.01307,0.14346,0.02828,0.00524,0.01849,3,0
864,6063.96,0.17886,0.59969,0.24894,0.22052,0.03669,2,1
1185,5300.2,0.15849,0.27692,0.22636,0.4099,0.01628,17,1
1081,2411.24,0.14816,0.464,0.23927,0.20166,0.03759,8,1
994,1435.52,0.18203,0.33452,0.35837,0.21889,0.01806,17,1
104,1117.32,0.10531,0.14254,0.03862,0.01888,0.03994,20,0
834,1434.18,0.09032,0.08032,0.06311,0.02208,0.01221,3,0
2117,2706.46,0.20241,0.41219,0.07904,0.15232,0.02145,3,1
601,982.51,0.04109,0.06013,0.05727,0.00687,0.02442,4,0
1848,3176.74,0.22848,0.34338,0.14648,0.0872,0.03187,4,1
715,8914.3,0.093,0.15389,0.10383,0.18894,0.00581,21,0
1738,1718.37,0.33026,0.38543,0.20359,0.14457,0.02904,15,1
485,656.71,0.07585,0.20831,0.02334,0.01834,0.0161,18,0
1007,656.54,0.00951,0.14968,0.04544,0.02505,0.01665,15,0
1979,3222.67,0.06707,0.48496,0.25722,0.08796,0.00697,10,1
181,1721.12,0.02387,0.3517,0.11551,0.05659,0.00921,0,0
1866,3474.36,0.23222,0.29795,0.23855,0.15494,0.026,13,1
1509,1206.3,0.56497,0.43304,0.15879,0.17107,0.00322,4,1
1343,3356.02,0.30491,0.38451,0.21403,0.18872,0.0022,21,1
1160,1598.49,0.12549,0.08965,0.01559,0.02471,0.03668,12,0
2047,1039.16,0.16735,0.66548,0.1082,0.25248,0.00202,5,1
120,1332.47,0.04533,0.07194,0.05149,0.05258,0.00716,13,0
1571,733.44,0.01627,0.05605,0.1031,0.01008,0.02095,6,0
1152,8002.92,0.05304,0.17879,0.03085,0.01401,0.01037,0,0
2002,1674.48,0.42002,0.41489,0.17666,0.1502,0.01739,15,1
1338,2918.8,0.2652,0.4682,0.28868,0.17859,0.02604,17,1
1135,1203.38,0.08357,0.21333,0.07024,0.00525,0.01242,9,0
838,817.78,0.14644,0.22755,0.02475,0.03406,0.00617,17,0
2086,1510.4,0.20946,0.32798,0.16739,0.16903,0.00829,7,1
1511,4111.06,0.03802,0.13432,0.15678,0.00889,0.00652,5,0
2026,1218.03,0.17066,0.24365,0.27781,0.07923,0.02129,18,1
947,936.96,0.10197,0.09831,0.12221,0.01707,0.0058,14,0
1906,2022.6,0.14085,0.53184,0.27411,0.10622,0.01689,0,1
932,2617.07,0.39772,0.61652,0.24697,0.255,0.00796,7,1
1142,6171.38,0.18759,0.59622,0.06286,0.15418,0.03968,10,1
1387,2346.91,0.04247,0.35783,0.06421,0.04261,0.03439,10,0
219,2917.66,0.12207,0.06074,0.04404,0.00988,0.03203,6,0
1302,3087.13,0.0713,0.13828,0.01546,0.01051,0.02919,1,0
107,758.07,0.29752,0.08122,0.02965,0.05247,0.03792,22,0
1078,873.97,0.00891,0.08343,0.12033,0.0153,0.01151,10,0
1496,798.41,0.17871,0.28314,0.09878,0.15374,0.03694,12,1
1576,662.77,0.3151,0.32695,0.1203,0.15721,0.01945,9,1
1153,3268.66,0.2143,0.36588,0.27543,0.04847,0.00643,19,1
1496,2237.42,0.1662,0.47267,0.42183,0.09661,0.0235,6,1
780,1910.58,0.06945,0.16511,0.01691,0.05061,0.03097,18,0
856,257.5,0.02154,0.51871,0.01599,0.1114,0.02994,16,0
1434,8409.77,0.18988,0.41499,0.4608,0.18793,0.01774,20,1
1393,920.43,0.08582,0.28924,0.05472,0.01545,0.01883,23,0
1906,8386.69,0.10587,0.39778,0.26671,0.14421,0.02748,2,1
1633,607.05,0.1952,0.27985,0.16061,0.17656,0.01562,16,1
2280,978.72,0.26481,0.53733,0.3801,0.17799,0.03319,22,1
2572,344.95,0.08805,0.34696,0.18315,0.24457,0.01745,6,1
266,2361.7,0.13639,0.13487,0.00584,0.04608,0.00998,10,0
2130,788.08,0.17156,0.58746,0.26305,0.11781,0.00495,3,1
467,804.96,0.01729,0.49077,0.00363,0.02358,0.0081,4,0
418,643.01,0.09506,0.03428,0.04057,0.01741,0.02355,4,0
1443,3224.58,0.11853,0.15039,0.04355,0.0125,0.00678,10,0
198,3069.1,0.01965,0.11726,0.00444,0.06934,0.01672,13,0
1909,7006.32,0.20413,0.29246,0.18721,0.14069,0.01904,19,1
2173,1076.28,0.14617,0.24983,0.32847,0.2091,0.00655,11,1
2606,2121.03,0.14324,0.19181,0.26645,0.30402,0.02098,13,1
1735,684.4,0.33472,0.61606,0.29403,0.0593,0.03044,2,1
1581,1400.05,0.07048,0.07651,0.14422,0.04188,0.02828,14,0
785,1219.76,0.27956,0.30013,0.3293,0.22617,0.00642,11,1
1767,2550.08,0.09211,0.47401,0.11417,0.13482,0.017,7,1
355,3859.56,0.00886,0.07889,0.05878,0.0269,0.01007,5,0
1154,3785.15,0.12969,0.31123,0.35278,0.10729,0.00291,20,1
300,956.65,0.0422,0.14173,0.01294,0.01961,0.03061,4,0
997,3806.22,0.39642,0.37902,0.15877,0.12332,0.03343,13,1
1660,1741.46,0.15289,0.39565,0.38581,0.26573,0.01227,22,1
541,1411.06,0.04716,0.10009,0.01846,0.01613,0.01124,12,0
1494,1058.02,0.01712,0.24047,0.05426,0.09464,0.01381,0,0
1828,1182.74,0.37626,0.46244,0.29623,0.12344,0.02711,19,1
1435,6649.37,0.1629,0.38971,0.20486,0.02979,0.03868,13,1
1694,2266.74,0.01285,0.02708,0.11304,0.00112,0.02515,12,0
822,2051.86,0.06294,0.17714,0.02895,0.01332,0.03981,17,0
672,1478.61,0.1294,0.38071,0.07277,0.00399,0.01652,8,0
2345,11271.42,0.28301,0.20736,0.04945,0.17648,0.00542,0,1
1038,4790.07,0.14407,0.05565,0.03677,0.04402,0.02535,23,0
1137,1048.11,0.05763,0.29486,0.10989,0.02595,0.01377,2,0
1212,1466.06,0.19655,0.60244,0.12017,0.09075,0.03102,6,1
450,1532.81,0.09965,0.22181,0.04751,0.005,0.01421,6,0
372,2008.1,0.04734,0.0614,0.03706,0.0078,0.02077,5,0
464,1063.82,0.13944,0.07085,0.1036,0.00278,0.01799,9,0
573,2501.52,0.14293,0.61002,0.23267,0.14303,0.03041,16,1
1807,5348.7,0.21665,0.58805,0.22867,0.14394,0.03552,9,1
179,672.04,0.27179,0.26144,0.06591,0.0241,0.00822,9,0
1888,772.35,0.24494,0.15987,0.0875,0.08478,0.0398,18,1
2538,1252.85,0.21087,0.61776,0.09504,0.11306,0.02664,3,1
1396,1297.18,0.0365,0.2628,0.08226,0.137,0.03191,12,0
1111,8057.76,0.12489,0.36049,0.06998,0.09454,0.00764,4,1
182,3815.49,0.01473,0.16949,0.06195,0.01789,0.01314,5,0
1649,3654.75,0.20866,0.46861,0.29769,0.15946,0.03975,13,1
85,1476.26,0.07871,0.25169,0.08096,0.01502,0.01832,16,0
1251,1452.16,0.16848,0.19818,0.0037,0.00749,0.00704,20,0
1234,605.93,0.01,0.29949,0.05624,0.01597,0.01343,12,0
410,3235.2,0.05355,0.0214,0.14763,0.06307,0.03816,23,0
1460,2601.47,0.23634,0.52684,0.26477,0.0883,0.00884,19,1
716,4722.25,0.25238,0.37013,0.26874,0.28344,0.02606,18,1
468,1536.74,0.08494,0.10124,0.01182,0.0303,0.02645,7,0
1775,1618.42,0.22505,0.50772,0.27555,0.24776,0.01695,4,1
1764,2044.84,0.04037,0.32438,0.07203,0.0165,0.02537,1,0
535,3513.84,0.15171,0.16376,0.21017,0.0262,0.02121,16,0
2499,597.58,0.32938,0.3456,0.21597,0.09057,0.0387,1,1
2452,3126.23,0.21142,0.16569,0.2304,0.16591,0.03104,4,1
1714,1772.54,0.40721,0.47706,0.19654,0.19726,0.0341,9,1
1022,813.68,0.11029,0.4711,0.24385,0.15344,0.00457,3,1
737,376.94,0.29115,0.49631,0.26571,0.11774,0.01768,5,1
1506,1624.88,0.10911,0.50535,0.25744,0.05541,0.0226,4,1
2214,5331.17,0.31402,0.35514,0.38548,0.16835,0.0201,5,1
2277,6320.51,0.35372,0.46479,0.41614,0.10067,0.01809,3,1
986,2349.77,0.17646,0.52054,0.15331,0.07084,0.03802,13,1
1305,7840.41,0.07012,0.55276,0.28807,0.10626,0.02796,1,1
1954,1742.95,0.28774,0.39512,0.16196,0.09236,0.03095,1,1
800,3679.45,0.13633,0.47898,0.24412,0.14201,0.02259,9,1
668,1283.21,0.12674,0.34926,0.07428,0.03649,0.02524,9,0
2613,1223.65,0.19201,0.58425,0.27592,0.21489,0.03641,7,1
1648,1082.91,0.13945,0.13358,0.15347,0.20347,0.0345,6,1
535,383.81,0.01423,0.25423,0.03518,0.07048,0.0083,22,0
799,4726.13,0.31489,0.44218,0.24613,0.18232,0.02641,18,1
1568,1112.45,0.26568,0.48324,0.20023,0.16119,0.02805,20,1
2228,986.8,0.28267,0.46385,0.34458,0.07184,0.0033,16,1
823,742.9,0.05915,0.07207,0.03664,0.03345,0.02496,5,0
1852,1544.22,0.13533,0.67672,0.18304,0.12023,0.03343,10,1
515,6755.83,0.03695,0.19322,0.15972,0.01507,0.01113,12,0
1888,8654.86,0.10191,0.52855,0.22603,0.16966,0.01341,6,1
1414,517.96,0.00747,0.08573,0.0116,0.01994,0.0348,12,0
1126,1379.82,0.06821,0.1785,0.01852,0.04655,0.02568,20,0
1783,828.63,0.17596,0.71947,0.1625,0.13733,0.03864,9,1
1075,3777.42,0.09161,0.18176,0.14443,0.04745,0.03693,11,0
730,2231.63,0.15304,0.49585,0.05122,0.0357,0.00324,10,0
1349,1116.68,0.10325,0.16119,0.05432,0.07121,0.01257,2,0
1516,1900.69,0.12366,0.05801,0.04638,0.01398,0.00918,1,0
2267,1258.25,0.09292,0.38579,0.06821,0.17375,0.00964,10,1
1210,6040.41,0.27876,0.33049,0.24802,0.17887,0.0296,14,1
1816,2712.87,0.12153,0.22697,0.22538,0.17915,0.02582,18,1
790,2974.73,0.25995,0.30832,0.28144,0.13138,0.02719,12,1
1206,243.56,0.17562,0.23424,0.19094,0.20024,0.03276,6,1
1369,1712.06,0.43446,0.36922,0.23127,0.14573,0.00699,11,1
1061,8586.53,0.24464,0.45181,0.05907,0.14028,0.01506,14,1
1900,4866.54,0.27129,0.53819,0.3136,0.08809,0.01575,22,1
1598,450.44,0.08706,0.06959,0.01352,0.00282,0.00659,19,0
922,1422.93,0.20169,0.49181,0.37644,0.18616,0.03374,20,1
439,730.99,0.00213,0.03619,0.06901,0.02618,0.03392,1,0
437,6495.52,0.08586,0.12064,0.05293,0.03139,0.03185,9,0
1623,2161.92,0.10382,0.23526,0.01534,0.11161,0.00729,10,0
1444,1012.01,0.33301,0.57424,0.07187,0.20415,0.0138,12,1
1598,1846.71,0.16357,0.19519,0.38346,0.15895,0.01068,10,1
1949,254.68,0.18824,0.24487,0.32022,0.07877,0.03623,9,1
2240,797.77,0.17756,0.21295,0.2078,0.08692,0.02212,13,1
233,1849.88,0.10925,0.10039,0.06741,0.01397,0.00857,13,0
321,3394.12,0.05988,0.08818,0.03037,0.08463,0.00955,4,0
759,419.71,0.05517,0.25079,0.11044,0.04703,0.01216,21,0
662,1352.45,0.19338,0.15826,0.00247,0.01382,0.0289,4,0
2234,3838.38,0.22328,0.29313,0.27517,0.1446,0.02221,13,1
998,606.04,0.26219,0.33029,0.34065,0.19659,0.0326,12,1
719,2137.58,0.05246,0.3003,0.02986,0.00201,0.02437,22,0
486,1891.31,0.00541,0.15051,0.08592,0.00656,0.01992,4,0
404,6511.51,0.02999,0.19961,0.07096,0.0434,0.0238,20,0
1013,1514.65,0.2544,0.4077,0.24525,0.20474,0.03364,7,1
416,1582.63,0.04915,0.2371,0.01412,0.003,0.02889,7,0
1387,3417.83,0.21386,0.32691,0.38291,0.08951,0.02068,12,1
1173,665.66,0.32942,0.40081,0.29305,0.16093,0.03189,11,1
828,1525.2,0.14828,0.17743,0.03735,0.06595,0.00683,7,0
904,1278.89,0.24789,0.01363,0.02781,0.03076,0.00207,10,0
1740,1621.91,0.26424,0.17663,0.11351,0.20057,0.02676,8,1
1806,3401.07,0.23535,0.4259,0.33182,0.08071,0.03667,2,1
1704,2727.56,0.29264,0.47199,0.29461,0.16055,0.0106,22,1
1996,1026.62,0.25107,0.38075,0.32163,0.12494,0.01137,6,1
1669,1994.34,0.28316,0.50373,0.26204,0.02711,0.03588,20,1
1685,5504.79,0.22654,0.4085,0.24625,0.25998,0.02521,10,1
668,964.89,0.2068,0.4128,0.36517,0.16457,0.02945,1,1
1905,2007.04,0.12805,0.30072,0.42339,0.14859,0.02049,20,1
363,1557.24,0.1586,0.14477,0.04602,0.06652,0.03832,9,0
788,1716.92,0.07663,0.0746,0.06204,0.0139,0.02555,22,0
1202,529.83,0.07304,0.05443,0.04607,0.00952,0.00474,11,0
1595,5185.46,0.2367,0.52152,0.35053,0.21241,0.00449,9,1
498,1007.05,0.08949,0.34497,0.1245,0.00907,0.02592,20,0
2158,3885.85,0.26973,0.33918,0.26137,0.18768,0.01586,1,1
203,1129.48,0.05528,0.24969,0.14731,0.00105,0.00863,1,0
502,1125.98,0.04128,0.42284,0.05421,0.0288,0.01433,21,0
2320,4471.08,0.20866,0.30426,0.1694,0.17,0.03881,3,1
1335,3793.16,0.03997,0.12947,0.11298,0.03914,0.01221,14,0
1062,2104.94,0.28432,0.64334,0.25027,0.19339,0.03329,3,1
1741,3185.63,0.29608,0.24316,0.14631,0.32454,0.01496,20,1
1747,1449.72,0.0187,0.07449,0.0289,0.02127,0.00613,21,0
248,1788.74,0.0748,0.18822,0.04069,0.02541,0.01209,2,0
1646,1095.89,0.13661,0.27893,0.5488,0.25338,0.01194,14,1
885,3546.05,0.03997,0.29913,0.00382,0.00669,0.03761,19,0
305,1070.07,0.02222,0.04311,0.09998,0.03084,0.00724,11,0
1101,5483.01,0.26392,0.60543,0.13877,0.15297,0.01261,0,1
378,1420.36,0.13629,0.2831,0.03553,0.01391,0.02192,14,0
398,1827.9,0.30682,0.2274,0.04717,0.02695,0.00974,21,0
774,3179.85,0.02293,0.3279,0.04617,0.03224,0.01685,0,0
1076,1832.51,0.30969,0.39025,0.18416,0.04231,0.00783,23,1
489,1439.59,0.0451,0.06823,0.03115,0.00967,0.02443,1,0
577,1759.92,0.02942,0.3577,0.11227,0.12194,0.01467,15,0
735,3518.91,0.32232,0.47109,0.32552,0.1333,0.02395,11,1
2318,1094.88,0.21784,0.63079,0.21429,0.16072,0.00823,12,1
444,1637.4,0.17276,0.23264,0.02457,0.01317,0.03342,20,0
2226,1813.94,0.14155,0.49168,0.18377,0.19281,0.02468,14,1
1801,3442.6,0.14477,0.41236,0.07321,0.08496,0.00614,11,1
1717,1670.13,0.09551,0.35442,0.1202,0.2184,0.01917,18,1
1287,6986.72,0.48256,0.29757,0.40367,0.18985,0.03763,1,1
537,1600.61,0.09441,0.06372,0.01664,0.00934,0.01697,19,0
1234,1506.1,0.16994,0.63947,0.26792,0.11885,0.03299,16,1
551,1583.3,0.05882,0.27447,0.01048,0.05452,0.01392,6,0
543,670.52,0.187,0.27155,0.40681,0.05142,0.00641,9,1
518,827.16,0.00725,0.10755,0.0439,3e-05,0.03391,5,0
554,1208.99,0.05799,0.5053,0.04718,0.0421,0.00335,3,0
312,4219.26,0.10783,0.21084,0.14072,0.01391,0.03769,9,0
997,1755.83,0.38266,0.39753,0.42755,0.21497,0.03599,7,1
2427,1251.45,0.25957,0.27448,0.14515,0.19387,0.03262,11,1
963,4516.28,0.12212,0.07878,0.09682,0.00141,0.00718,9,0
771,5761.34,0.05944,0.03476,0.06429,0.00287,0.03292,7,0
2533,4615.05,0.16116,0.50018,0.33445,0.15333,0.03705,10,1
466,949.3,0.0035,0.33827,0.06057,0.03089,0.00401,8,0
1504,1241.54,0.5448,0.60443,0.16325,0.22592,0.03486,5,1
1676,7015.27,0.11528,0.25949,0.23389,0.22325,0.03553,23,1
1567,2156.83,0.21846,0.40216,0.29652,0.07364,0.00563,14,1
1472,1472.65,0.32982,0.42239,0.1448,0.17705,0.0255,14,1
740,3084.99,0.19505,0.3447,0.16118,0.14588,0.03304,7,1
140,3831.52,0.01959,0.30574,0.01451,0.0736,0.00251,11,0
1086,1172.57,0.141,0.5326,0.21395,0.23227,0.01358,21,1
531,2122.02,0.15121,0.30237,0.12917,0.12305,0.0395,11,1
1625,3606.39,0.20929,0.37053,0.1807,0.29121,0.01024,7,1
1591,753.95,0.2099,0.39873,0.18007,0.24032,0.00821,10,1
1526,1816.74,0.23621,0.31338,0.069,0.06887,0.03944,11,1
1798,780.36,0.1828,0.23052,0.21674,0.14336,0.01126,0,1
1035,860.8,0.21598,0.21352,0.2521,0.10217,0.02708,4,1
442,1179.94,0.09324,0.14349,0.08696,0.03291,0.03122,3,0
1530,2574.43,0.32795,0.45456,0.2666,0.09629,0.00226,14,1
2045,1413.78,0.19536,0.50357,0.13648,0.22353,0.02225,17,1
1957,1106.8,0.1779,0.43699,0.1751,0.22739,0.00415,4,1
2241,1870.96,0.14028,0.4023,0.40118,0.12465,0.03586,20,1
506,761.52,0.0257,0.02822,0.11646,0.05234,0.00951,0,0
2137,2482.81,0.22998,0.44381,0.19161,0.10606,0.0327,11,1
204,4205.22,0.07905,0.1943,0.05347,0.03963,0.00246,6,0
471,1696.19,0.0295,0.04317,0.0653,0.01295,0.01681,22,0
1197,1546.2,0.20532,0.48881,0.32081,0.29803,0.03541,8,1
166,2381.82,0.01677,0.08259,0.1259,0.00565,0.03755,3,0
1844,393.15,0.14704,0.35809,0.10918,0.26901,0.03401,11,1
2007,2692.31,0.18385,0.6191,0.20203,0.15079,0.03587,0,1
1775,18434.08,0.20059,0.20563,0.2497,0.20112,0.01602,0,1
1204,1641.78,0.1771,0.61445,0.14724,0.15424,0.02888,13,1
250,1646.16,0.00458,0.17145,0.15274,0.04138,0.01173,23,0
1599,3143.99,0.2906,0.44866,0.15007,0.0355,0.03632,4,1
1315,6182.89,0.2218,0.326,0.0368,0.2445,0.00408,13,1
1925,3739.73,0.33495,0.46088,0.27518,0.19011,0.02631,6,1
1824,357.39,0.3825,0.24226,0.14892,0.20889,0.01468,17,1
300,2746.52,0.07221,0.00407,0.05576,0.00698,0.01494,11,0
1113,12388.07,0.17839,0.49223,0.30473,0.10114,0.02886,14,1
1747,2870.88,0.25627,0.3177,0.10844,0.03864,0.00874,4,1
353,757.17,0.05024,0.09228,0.01083,0.0043,0.01652,19,0
2547,2223.67,0.38585,0.66149,0.07822,0.11474,0.00398,2,1
262,688.85,0.03327,0.29528,0.15414,0.02568,0.03895,8,0
1332,4537.56,0.03873,0.01737,0.01146,0.01018,0.02473,1,0
2301,878.86,0.47153,0.49973,0.12887,0.19958,0.00769,18,1
838,1903.07,0.10108,0.05789,0.05365,0.02413,0.03705,11,0
177,945.97,0.08837,0.24425,0.02505,0.03341,0.01797,23,0
1960,1194.77,0.09992,0.3364,0.28816,0.19841,0.03049,21,1
402,5487.1,0.04479,0.12937,0.02817,0.04179,0.01081,11,0
1577,1945.23,0.16256,0.44068,0.18274,0.0542,0.02652,17,1
2599,1183.39,0.14087,0.49793,0.07855,0.15945,0.03766,17,1
1361,762.51,0.07441,0.13786,0.0941,0.03678,0.01068,14,0
849,442.2,0.1734,0.5962,0.08229,0.07693,0.00288,21,1
1491,704.21,0.06357,0.14009,0.0362,0.01816,0.0309,2,0
357,1957.67,0.00961,0.34593,0.05284,0.03525,0.02416,6,0
2174,3754.53,0.27515,0.62456,0.25637,0.27809,0.0276,14,1
1660,1182.37,0.19588,0.32489,0.13283,0.1143,0.02184,3,1
1445,5845.63,0.25857,0.43847,0.23065,0.09642,0.02105,15,1
808,1050.92,0.06259,0.01308,0.04964,0.10011,0.0318,18,0
282,1505.73,0.075,0.23964,0.0212,0.00326,0.01836,1,0
2667,801.0,0.0702,0.49804,0.17148,0.20501,0.02269,9,1
1095,3784.29,0.08325,0.98,0.12072,0.20119,0.01441,16,1
884,8679.12,0.23964,0.41854,0.16281,0.22511,0.03055,21,1
1256,480.19,0.2532,0.46547,0.17014,0.22385,0.02291,12,1
1551,1388.42,0.1499,0.56405,0.22614,0.22786,0.03126,9,1
1789,4647.7,0.31733,0.30817,0.08086,0.07874,0.00412,23,1
1746,608.1,0.19709,0.44183,0.36868,0.25426,0.01334,18,1
1506,2753.3,0.0834,0.50926,0.12247,0.08526,0.03123,3,1
1681,4499.16,0.11752,0.45616,0.10712,0.20441,0.01068,7,1
759,1908.77,0.07167,0.2508,0.107,0.00255,0.00867,2,0
2199,2719.6,0.17434,0.40719,0.29635,0.121,0.03694,11,1
2000,6742.72,0.22472,0.43664,0.23754,0.04691,0.02948,16,1
2398,7760.96,0.12862,0.33239,0.22768,0.05503,0.01959,23,1
1995,1718.26,0.31481,0.40304,0.10892,0.22595,0.02535,14,1
2033,1207.44,0.15138,0.4502,0.31512,0.04349,0.03467,20,1
907,902.85,0.38794,0.42903,0.1941,0.21148,0.01238,6,1
1411,3745.33,0.01191,0.07925,0.04631,0.06703,0.00995,13,0
1840,643.36,0.24306,0.58735,0.1287,0.25641,0.02421,13,1
577,1489.37,0.06239,0.20699,0.12707,0.00882,0.01141,3,0
1246,1944.11,0.06021,0.24803,0.02633,0.05031,0.01222,23,0
515,1234.34,0.04198,0.23003,0.04129,0.04071,0.03527,14,0
979,2220.32,0.05894,0.14754,0.10006,0.01517,0.00533,4,0
2150,12319.36,0.12175,0.39356,0.16405,0.32635,0.02202,21,1
1063,1643.1,0.14306,0.22317,0.39261,0.12238,0.01628,14,1
659,1298.53,0.07465,0.40627,0.08131,0.03349,0.02528,9,0
1968,3854.67,0.20528,0.4095,0.14213,0.12904,0.00826,2,1
860,2154.32,0.01177,0.44253,0.1682,0.00512,0.02422,22,0
2563,5297.78,0.19803,0.2672,0.2125,0.19283,0.03007,19,1
93,2036.64,0.00883,0.12825,0.0317,0.02597,0.01709,18,0
1321,1494.02,0.12383,0.15388,0.08002,0.01283,0.01051,12,0
2330,472.36,0.23782,0.25838,0.16082,0.19919,0.02545,11,1
1847,534.18,0.26362,0.3485,0.30192,0.1103,0.03831,3,1
349,454.3,0.1377,0.42282,0.00787,0.06312,0.03998,19,0
1772,2392.39,0.10399,0.15027,0.05896,0.0412,0.00662,7,0
754,647.98,0.08512,0.15338,0.06329,0.03593,0.00253,9,0
1205,4615.73,0.34585,0.46981,0.34232,0.03889,0.02423,19,1
691,1841.3,0.0101,0.21922,0.05276,0.03258,0.01324,13,0
1407,1498.77,0.30904,0.58899,0.20184,0.17031,0.03188,10,1
1978,955.9,0.23145,0.43073,0.38313,0.07844,0.03426,10,1
1486,2870.48,0.26547,0.37351,0.16395,0.25838,0.01498,22,1
202,984.53,0.19192,0.15202,0.0739,0.01913,0.03875,20,0
1777,859.64,0.07923,0.1133,0.06021,0.04971,0.01401,12,0
1156,4388.77,0.23994,0.32189,0.31162,0.05682,0.0073,10,1
241,2348.44,0.01913,0.19556,0.11074,0.00239,0.01575,12,0
1733,1509.21,0.05553,0.31711,0.19549,0.17026,0.03203,5,1
1415,2912.06,0.24487,0.20287,0.34325,0.1028,0.03653,4,1
1835,1812.1,0.24417,0.18664,0.09694,0.12303,0.03249,0,1
1980,2398.99,0.2637,0.44361,0.27822,0.16736,0.03543,21,1
247,975.46,0.08157,0.38732,0.13984,0.01543,0.01453,12,0
568,8504.42,0.04225,0.14879,0.038,0.00864,0.03463,18,0
968,1165.41,0.07071,0.29908,0.07263,0.09204,0.03367,14,0
1719,5782.28,0.21852,0.68909,0.18261,0.13934,0.02866,2,1
1113,1562.26,0.06963,0.16677,0.16653,0.01736,0.03595,11,0
738,3297.32,0.06477,0.21425,0.00939,0.05931,0.01426,3,0
1795,3121.94,0.15666,0.28471,0.18303,0.21034,0.01891,4,1
1765,4254.28,0.09265,0.06127,0.04476,0.0929,0.01128,12,0
905,958.22,0.10268,0.13896,0.06486,0.03289,0.02322,17,0
1831,4033.01,0.16694,0.45012,0.15056,0.06904,0.00407,18,1
2232,7189.46,0.26667,0.44606,0.19256,0.16561,0.00309,0,1
805,1482.55,0.22184,0.58091,0.3057,0.15041,0.00526,17,1
509,1847.47,0.04082,0.16848,0.0338,0.02387,0.01076,12,0
1404,1215.56,0.05804,0.21884,0.00669,0.00193,0.00818,1,0
436,1388.13,0.07839,0.30235,0.01361,0.07998,0.03476,8,0
942,6497.09,0.21705,0.31431,0.27758,0.27433,0.03555,16,1
484,847.56,0.08167,0.21141,0.03072,0.07486,0.0233,9,0
1787,887.98,0.20611,0.35299,0.20662,0.18394,0.01417,23,1
585,6025.27,0.01341,0.07044,0.08125,0.01699,0.01178,13,0
1915,2875.42,0.29995,0.27044,0.36585,0.14117,0.01955,14,1
2510,8829.2,0.29186,0.36697,0.30557,0.07977,0.0371,12,1
1783,1283.97,0.27888,0.47465,0.38468,0.1926,0.02701,13,1
1993,1978.81,0.13808,0.42773,0.38037,0.02979,0.03595,15,1
122,1096.67,0.15122,0.27839,0.09197,0.09709,0.02618,15,0
1614,2004.24,0.18001,0.52871,0.30499,0.06624,0.01049,2,1
458,475.79,0.07062,0.27792,0.1158,0.04897,0.00942,13,0
2443,3008.68,0.26788,0.19388,0.37702,0.20838,0.02766,15,1
1752,2294.22,0.20619,0.29068,0.29211,0.23859,0.02345,5,1
1520,1723.95,0.26122,0.23372,0.28666,0.18049,0.01498,4,1
1682,1343.14,0.31004,0.25797,0.29691,0.1642,0.01225,13,1
1121,920.09,0.04905,0.14466,0.01431,0.00453,0.03587,15,0
1085,3106.73,0.31172,0.37066,0.34302,0.11812,0.02498,17,1
1162,747.87,0.26623,0.59953,0.32991,0.0645,0.03924,2,1
174,2642.46,0.01979,0.13516,0.07359,0.03065,0.02102,14,0
1298,8530.31,0.23865,0.73524,0.23104,0.25591,0.02198,7,1
679,5484.51,0.0693,0.09511,0.05126,0.03247,0.02722,11,0
2076,582.13,0.11051,0.75819,0.38919,0.09651,0.03069,17,1
1954,1203.5,0.29674,0.48498,0.2341,0.18124,0.03789,16,1
2022,2469.15,0.41392,0.33782,0.12708,0.1862,0.00228,8,1
680,1707.58,0.25857,0.57476,0.0582,0.10753,0.00989,20,1
1526,630.17,0.05565,0.4454,0.06617,0.04188,0.01643,17,0
1411,2403.13,0.16022,0.71252,0.25761,0.06373,0.02498,0,1
796,1786.53,0.1319,0.0662,0.01387,0.01056,0.00261,1,0
2425,7564.99,0.27303,0.26754,0.22686,0.08862,0.03487,21,1
1571,1488.64,0.10756,0.21784,0.03989,0.07831,0.0275,10,0
167,4322.31,0.04232,0.24635,0.22002,0.00592,0.02691,12,0
698,695.91,0.06667,0.30133,0.19388,0.01489,0.03047,16,0
1369,832.58,0.1108,0.03255,0.13026,0.08481,0.01503,9,0
1656,3092.66,0.18166,0.23064,0.28694,0.07482,0.02932,11,1
523,4057.57,0.07489,0.07749,0.01129,0.00185,0.01121,16,0
1246,877.87,0.19247,0.27708,0.07139,0.13066,0.01088,5,1
1570,1832.8,0.14698,0.03537,0.02267,0.00443,0.0348,23,0
1312,638.65,0.40053,0.26048,0.25684,0.1184,0.0096,11,1
2081,1571.25,0.20375,0.35743,0.31491,0.14521,0.03431,7,1
1668,3371.91,0.27283,0.33571,0.268,0.06257,0.02065,4,1
1757,1298.96,0.11866,0.43024,0.15246,0.20519,0.00489,19,1
592,1493.33,0.04635,0.03822,0.0498,0.04023,0.00757,21,0
451,771.39,0.08813,0.35445,0.08478,0.03377,0.01329,21,0
1021,1106.85,0.04424,0.37184,0.05361,0.01234,0.02599,21,0
1788,6728.62,0.26138,0.29299,0.1656,0.14231,0.02219,4,1
1674,1901.19,0.13368,0.63759,0.32869,0.0423,0.03965,2,1
1792,848.79,0.20705,0.63313,0.23339,0.08798,0.03958,20,1
1928,1421.49,0.39848,0.40258,0.30358,0.25529,0.01355,22,1
853,543.2,0.18152,0.36538,0.26025,0.04309,0.01644,22,1
2316,841.28,0.22944,0.72686,0.18445,0.15558,0.0026,20,1
476,4993.02,0.01863,0.2595,0.06937,0.03645,0.0227,14,0
1369,1617.57,0.18938,0.52317,0.24495,0.21575,0.00777,15,1
802,7432.29,0.11265,0.35767,0.18529,0.17651,0.01727,4,1
1465,1675.78,0.34667,0.3846,0.37559,0.08892,0.01289,21,1
1728,1752.08,0.12249,0.14701,0.02181,0.01264,0.02476,2,0
841,2910.89,0.01318,0.1449,0.01449,0.08077,0.01116,19,0
1301,242.52,0.06291,0.01753,0.07263,0.00531,0.01858,14,0
265,2099.06,0.08205,0.09584,0.1634,0.03075,0.02044,8,0
1434,1735.07,0.19733,0.32599,0.36771,0.17759,0.01948,4,1
719,5486.64,0.0699,0.10493,0.03615,0.15193,0.01921,23,0
1823,3710.98,0.31695,0.37926,0.27992,0.2552,0.01544,4,1
2506,769.14,0.26088,0.51755,0.15294,0.05161,0.01453,3,1
994,4569.44,0.09797,0.09995,0.035,0.06213,0.01352,11,0
256,1478.53,0.09438,0.37294,0.03369,0.01589,0.02486,17,0
898,913.43,0.08175,0.39484,0.01603,0.00686,0.01911,9,0
291,2086.76,0.01263,0.09525,0.20057,0.01781,0.02361,16,0
1297,1546.06,0.23055,0.49738,0.39899,0.10839,0.03344,6,1
185,5706.67,0.08363,0.25844,0.03778,0.04628,0.01563,6,0
1181,2323.91,0.05604,0.11951,0.03855,0.0054,0.00433,17,0
613,2100.2,0.2582,0.2022,0.06891,0.02419,0.02979,3,0
426,3536.98,0.13605,0.36381,0.10387,0.00151,0.01556,10,0
109,4085.48,0.02485,0.15343,0.01448,0.00712,0.01805,1,0
2152,3239.73,0.32417,0.4648,0.12042,0.16327,0.00367,12,1
1964,5219.41,0.31103,0.53827,0.19411,0.13939,0.00333,11,1
2292,2841.4,0.10671,0.7021,0.42305,0.08406,0.01017,3,1
179,2041.17,0.07038,0.12082,0.09163,0.04957,0.01428,4,0
1554,4559.28,0.33807,0.33066,0.20641,0.07736,0.02898,21,1
2394,1681.38,0.20023,0.35021,0.27953,0.20683,0.00539,9,1
1341,1845.45,0.25109,0.47453,0.25478,0.04913,0.01615,1,1
301,6546.75,0.20574,0.16601,0.15462,0.00601,0.0252,8,0
1027,6075.29,0.24582,0.64038,0.31101,0.14531,0.03435,19,1
532,1789.0,0.04478,0.35609,0.09242,0.04604,0.01554,9,0
2600,1280.98,0.13191,0.81196,0.23904,0.25448,0.01029,3,1
791,5393.35,0.38022,0.40569,0.31798,0.23136,0.03992,18,1
1632,3280.84,0.00769,0.39962,0.09395,0.01712,0.03009,16,0
1246,2280.68,0.18539,0.08125,0.01784,0.04859,0.01575,18,0
2074,1413.94,0.13352,0.35431,0.23629,0.207,0.02298,1,1
1500,2308.41,0.13946,0.29762,0.06145,0.02353,0.03304,19,0
1186,1770.93,0.27622,0.4013,0.25579,0.07884,0.01481,0,1
1736,1093.66,0.30666,0.52454,0.21616,0.11137,0.01245,1,1
1093,1982.92,0.10409,0.29483,0.37775,0.14621,0.00289,4,1
1223,2196.48,0.32091,0.57067,0.31699,0.0829,0.01271,4,1
444,1358.31,0.18108,0.16676,0.10621,0.02361,0.03427,14,0
309,3545.42,0.02116,0.25485,0.09971,0.06061,0.03609,21,0
806,4732.3,0.30985,0.47436,0.31895,0.17152,0.01328,0,1
402,3725.53,0.07026,0.10514,0.08389,0.04377,0.03911,12,0
1174,1463.16,0.26899,0.24512,0.17436,0.12397,0.03977,6,1
734,3172.92,0.10387,0.0803,0.02099,0.04251,0.01382,4,0
202,1908.39,0.07855,0.0843,0.02925,0.09106,0.00288,22,0
185,712.47,0.06761,0.05569,0.07273,0.00718,0.0299,23,0
2314,2981.22,0.17088,0.49545,0.14283,0.13081,0.00468,13,1
1098,2008.49,0.28788,0.55264,0.28252,0.05533,0.00394,8,1
830,12590.56,0.23203,0.49601,0.27645,0.1884,0.02605,9,1
131,5369.53,0.11282,0.07698,0.03748,0.03248,0.03594,6,0
307,3068.38,0.07358,0.30065,0.02477,0.02574,0.00366,1,0
988,2169.86,0.01092,0.34412,0.07903,0.05812,0.02946,1,0
1779,2035.17,0.20646,0.47714,0.21476,0.21086,0.03034,1,1
1344,847.91,0.11097,0.2661,0.03249,0.00355,0.01071,12,0
1078,488.48,0.04852,0.21093,0.02192,0.04447,0.00888,13,0
226,935.54,0.09614,0.14611,0.03572,0.01063,0.03921,10,0
1411,1736.72,0.30851,0.21977,0.04377,0.01366,0.00907,23,0
144,371.07,0.01905,0.07373,0.31533,0.11297,0.01375,10,0
1752,1196.67,0.16246,0.30825,0.15227,0.16183,0.01066,3,1
1159,1494.93,0.12536,0.51335,0.31694,0.16619,0.01265,4,1
2246,1531.45,0.16934,0.42715,0.23986,0.1844,0.02005,5,1
608,1095.81,0.03569,0.30021,0.07265,0.0089,0.01283,6,0
1742,1393.27,0.14871,0.37797,0.29614,0.19633,0.01023,23,1
997,6558.14,0.32851,0.53087,0.2013,0.17729,0.03527,1,1
1630,2957.65,0.13298,0.61446,0.20404,0.13107,0.01707,23,1
2218,1182.42,0.13255,0.44606,0.28174,0.22698,0.01744,11,1
1686,1710.06,0.13545,0.34612,0.07112,0.17538,0.01402,12,1
1238,1762.18,0.26426,0.48689,0.16704,0.06728,0.00301,19,1
1268,1011.89,0.30484,0.43854,0.30416,0.12209,0.01763,13,1
1860,1011.0,0.17883,0.1619,0.3015,0.09166,0.02489,15,1
675,3840.8,0.13303,0.16044,0.03945,0.04554,0.00847,14,0
590,1313.83,0.27209,0.22515,0.35376,0.21177,0.03955,5,1
1701,791.97,0.19669,0.21627,0.27004,0.11336,0.03931,2,1
197,1742.69,0.1525,0.16844,0.0384,0.02892,0.03138,11,0
371,1966.58,0.0138,0.14406,0.1728,0.00925,0.02587,8,0
803,409.94,0.12523,0.18982,0.02607,0.00185,0.00855,0,0
1450,1745.82,0.14131,0.08067,0.06389,0.01032,0.02213,0,0
1864,3451.37,0.1576,0.44754,0.259,0.16894,0.02053,15,1
528,2524.92,0.00706,0.12602,0.01844,0.0482,0.00957,6,0
1049,9584.36,0.22311,0.67405,0.29229,0.07636,0.03112,15,1
685,4600.29,0.19413,0.45013,0.2301,0.08859,0.01052,11,1
1650,5336.06,0.47199,0.44541,0.22551,0.19707,0.00619,0,1
662,14700.05,0.38572,0.73313,0.23541,0.18994,0.03604,0,1
2143,3178.48,0.33792,0.37292,0.16687,0.20158,0.0347,12,1
2385,2034.17,0.1779,0.60597,0.10121,0.12115,0.02788,7,1
2087,3736.29,0.23654,0.43022,0.21788,0.07929,0.00748,13,1
647,1183.36,0.15126,0.03675,0.1301,0.08168,0.0031,6,0
2312,1951.41,0.22528,0.21982,0.16667,0.06292,0.00725,18,1
1417,1107.37,0.35736,0.6188,0.15772,0.22432,0.02796,21,1
1919,2426.08,0.24076,0.24409,0.11382,0.08471,0.00661,20,1
1553,1103.91,0.14938,0.08972,0.08936,0.00433,0.01982,2,0
1869,1075.29,0.17562,0.57686,0.06823,0.16813,0.01282,3,1
213,2454.42,0.32459,0.05575,0.11817,0.01798,0.00417,7,0
1779,1623.37,0.24784,0.45272,0.15264,0.11884,0.02988,2,1
1934,424.07,0.0863,0.38686,0.44684,0.1388,0.03678,20,1
724,604.18,0.42543,0.34092,0.50442,0.08662,0.01559,4,1
609,761.35,0.14999,0.15356,0.07038,0.15979,0.02663,12,0
1602,928.26,0.11726,0.50595,0.24451,0.26349,0.00433,2,1
452,2456.17,0.14669,0.05865,0.01853,0.01186,0.00853,6,0
858,2121.22,0.18448,0.07552,0.20142,0.00881,0.00266,6,0
1649,4001.81,0.16294,0.32268,0.24111,0.20719,0.03566,16,1
1198,3165.74,0.06546,0.26696,0.0367,0.0119,0.00568,3,0
1876,4021.74,0.50997,0.31729,0.2952,0.32564,0.02875,11,1
1034,2840.79,0.2821,0.27208,0.29803,0.16424,0.00492,16,1
1027,2106.54,0.36037,0.65041,0.10396,0.08792,0.03198,0,1
1900,4105.39,0.18908,0.57508,0.19221,0.13517,0.03966,9,1
1759,3587.11,0.16618,0.50062,0.24844,0.21458,0.02897,13,1
507,2386.57,0.06853,0.20311,0.09379,0.01413,0.00594,7,0
844,4669.68,0.19256,0.39472,0.11931,0.13293,0.01912,1,1
663,309.88,0.12642,0.20854,0.05664,0.00012,0.01505,18,0
1432,1447.65,0.114,0.25598,0.1648,0.10027,0.02105,2,1
1250,1431.1,0.27797,0.54574,0.27155,0.20509,0.00471,15,1
1149,4272.93,0.09742,0.07856,0.02771,0.00484,0.03692,17,0
845,5849.36,0.14253,0.05604,0.03783,0.00427,0.01121,3,0
1129,606.62,0.17721,0.107,0.05917,0.06341,0.02867,17,0
594,5187.03,0.09597,0.31454,0.14568,0.09891,0.0201,4,1
1767,747.67,0.1803,0.47795,0.1388,0.10311,0.03491,9,1
1854,764.81,0.22357,0.58792,0.24378,0.02733,0.0293,1,1
312,1509.94,0.07156,0.2325,0.15066,0.04265,0.0397,5,0
643,1417.84,0.05929,0.09371,0.18195,0.09292,0.03417,15,0
1609,559.32,0.16258,0.4348,0.19626,0.05023,0.01214,0,1
1668,2930.56,0.1801,0.50618,0.07043,0.10946,0.00214,15,1
1240,2996.18,0.08241,0.43509,0.02586,0.04958,0.0187,17,0
1433,3968.22,0.22986,0.27031,0.16953,0.13012,0.0147,13,1
1809,1300.43,0.11153,0.41302,0.41144,0.11622,0.0045,16,1
1128,1747.35,0.06724,0.26361,0.00577,0.01642,0.02548,7,0
207,1759.39,0.28818,0.04882,0.02937,0.00128,0.03962,18,0
1499,6383.93,0.21097,0.39506,0.20532,0.13773,0.01581,12,1
848,214.83,0.09237,0.11685,0.04953,0.02728,0.00785,2,0
168,878.16,0.03557,0.23079,0.11895,0.07203,0.02014,13,0
783,1807.5,0.1167,0.14346,0.17782,0.01723,0.02527,1,0
1720,797.41,0.25698,0.24129,0.35371,0.21132,0.03775,17,1
229,1482.97,0.07109,0.31238,0.0365,0.02196,0.00557,4,0
2289,1637.6,0.14005,0.64343,0.44703,0.12301,0.00505,11,1
462,1099.13,0.04238,0.12074,0.02356,0.01113,0.03311,19,0
915,1889.17,0.39467,0.3732,0.384,0.13725,0.03496,7,1
1421,2883.19,0.18376,0.42029,0.49543,0.09875,0.02716,3,1
1511,1507.7,0.00754,0.2083,0.08159,0.04067,0.03272,0,0
1842,1281.32,0.23974,0.67244,0.07975,0.11774,0.00316,14,1
2205,1589.57,0.2289,0.34858,0.31893,0.07003,0.03702,22,1
826,1789.99,0.25037,0.47314,0.10072,0.17093,0.02712,15,1
1534,487.99,0.33287,0.20925,0.01101,0.04632,0.0369,3,0
1675,2544.55,0.23368,0.37379,0.0678,0.20445,0.02007,18,1
877,1283.43,0.00307,0.05701,0.10002,0.07622,0.03367,22,0
1511,4636.4,0.3417,0.46214,0.07937,0.14705,0.03653,0,1
143,2804.08,0.03952,0.52418,0.06956,0.00181,0.00753,17,0
1841,4329.0,0.13071,0.25237,0.28509,0.04823,0.0021,15,1
2586,843.27,0.16638,0.3513,0.36581,0.19758,0.01491,20,1
892,1362.4,0.08445,0.14443,0.00543,0.02228,0.01239,22,0
1009,708.89,0.04273,0.11785,0.06365,0.04452,0.00316,12,0
938,1060.66,0.22978,0.3516,0.00854,0.00471,0.03886,10,0
222,4603.72,0.19753,0.2025,0.05296,0.0039,0.0294,6,0
1145,5492.62,0.08956,0.16231,0.09445,0.09795,0.00912,17,0
1469,760.85,0.28982,0.41889,0.06453,0.13051,0.03927,6,1
1873,1276.44,0.28169,0.32531,0.35899,0.11842,0.01031,9,1
2520,1700.02,0.22257,0.6236,0.11404,0.1238,0.03336,23,1
1091,2792.65,0.24242,0.33265,0.34263,0.16123,0.01329,3,1
2331,480.91,0.1827,0.66567,0.22899,0.09566,0.01921,0,1
989,540.93,0.06663,0.10474,0.0182,0.05247,0.01817,8,0
1359,2598.69,0.23114,0.15114,0.28899,0.10949,0.01961,20,1
1115,417.28,0.02997,0.24966,0.02763,0.06756,0.02231,16,0
2302,1287.48,0.1317,0.26828,0.24644,0.13082,0.00297,16,1
1702,2032.68,0.11475,0.38024,0.28014,0.16929,0.03843,2,1
286,2458.46,0.00521,0.03591,0.07745,0.03205,0.02331,17,0
203,1618.5,0.10635,0.25937,0.03433,0.02259,0.02055,10,0
784,1368.16,0.0839,0.18294,0.04087,0.06099,0.00965,0,0
1626,3391.31,0.26659,0.51225,0.35904,0.19142,0.01237,1,1
1230,2229.31,0.06457,0.47627,0.07435,0.00618,0.03866,19,0
1463,1107.96,0.0911,0.53739,0.18663,0.16385,0.00463,20,1
965,1851.65,0.07847,0.31681,0.01628,0.03802,0.0314,10,0
1861,2399.27,0.18192,0.31849,0.3999,0.28713,0.0391,21,1
1431,6530.38,0.20008,0.36351,0.28749,0.18176,0.02391,6,1
928,3246.34,0.0842,0.2235,0.09217,0.06736,0.02549,10,0
1038,4475.89,0.06321,0.18342,0.05784,0.01856,0.02322,1,0
1678,1138.64,0.17736,0.40125,0.1928,0.09241,0.0193,8,1
2072,1214.89,0.16238,0.52999,0.11593,0.21843,0.01696,1,1
2374,1508.71,0.20756,0.47688,0.43952,0.35892,0.01496,19,1
1673,1616.25,0.29601,0.65331,0.22253,0.26313,0.00224,20,1
1625,845.16,0.3008,0.26573,0.39344,0.15397,0.00629,21,1
1652,4651.72,0.23355,0.56998,0.25689,0.13771,0.03187,21,1
391,3491.39,0.04587,0.08571,0.06595,0.01697,0.03181,15,0
812,1431.22,0.13646,0.10989,0.10415,0.03788,0.01029,12,0
453,2912.67,0.02804,0.21331,0.13141,0.00843,0.02742,21,0
327,2127.53,0.05636,0.35096,0.08601,0.00649,0.0325,16,0
243,3088.41,0.20745,0.12596,0.05667,0.08419,0.01322,12,0
1944,656.76,0.18499,0.55859,0.23754,0.10703,0.03428,0,1
80,1613.72,0.25841,0.24521,0.0955,0.01201,0.00971,3,0
1742,1723.33,0.29415,0.50725,0.069,0.21384,0.02153,16,1
822,2873.46,0.1264,0.17436,0.02489,0.0415,0.00891,23,0
710,1123.51,0.03034,0.08246,0.00761,0.02814,0.00495,9,0
1516,276.05,0.29069,0.40051,0.06416,0.17203,0.00276,21,1
1006,799.72,0.01727,0.09496,0.30129,1e-05,0.01109,5,0
1718,1719.44,0.37981,0.50695,0.24443,0.12417,0.02092,19,1
1496,1888.34,0.37665,0.18579,0.20168,0.04446,0.0318,20,1
135,6363.62,0.15353,0.39473,0.08168,0.01493,0.00719,21,0
450,2786.67,0.04928,0.63007,0.08232,0.01973,0.0302,10,0
1060,1913.5,0.04223,0.1138,0.07012,0.02557,0.00627,0,0
2574,1756.8,0.19096,0.24015,0.12506,0.17523,0.01364,17,1
694,4120.29,0.16873,0.32913,0.08628,0.2414,0.02421,23,1
1073,1156.28,0.30303,0.35349,0.27108,0.21185,0.01464,18,1
2069,1620.24,0.15471,0.42153,0.22256,0.32465,0.01558,10,1
1935,795.2,0.37793,0.30598,0.31299,0.04779,0.03754,0,1
1224,5217.23,0.2373,0.47742,0.33358,0.15329,0.01857,0,1
770,2416.11,0.08802,0.21425,0.23847,0.0137,0.02165,5,0
1157,1058.81,0.04239,0.06665,0.06872,0.00845,0.02938,15,0
415,1651.93,0.2108,0.07019,0.01963,0.02203,0.01178,8,0
990,2638.01,0.23911,0.53567,0.12259,0.21958,0.03991,2,1
759,1491.45,0.19735,0.08552,0.05741,0.00896,0.00339,19,0
1183,1205.55,0.12669,0.25979,0.08831,0.03423,0.00244,6,0
609,1101.95,0.05278,0.27195,0.02227,0.00787,0.01113,5,0
1562,2321.02,0.11706,0.74836,0.20896,0.11877,0.03014,7,1
895,1376.09,0.37276,0.32633,0.31368,0.12775,0.02765,1,1
2196,1280.78,0.22128,0.76709,0.15366,0.07074,0.00951,21,1
343,660.83,0.09638,0.30918,0.10002,0.01199,0.02086,17,0
476,1907.93,0.01782,0.11509,0.06775,0.01256,0.01412,16,0
1347,1571.25,0.18026,0.36893,0.26872,0.07362,0.01677,22,1
1908,1414.18,0.21999,0.46216,0.1292,0.24747,0.0225,23,1
1946,2089.37,0.14782,0.51546,0.36669,0.24492,0.02678,6,1
1574,3154.37,0.30382,0.29148,0.24964,0.2565,0.01678,0,1
1073,3046.4,0.34279,0.58422,0.1235,0.09327,0.03226,6,1
1380,2724.63,0.04369,0.02551,0.05617,0.04392,0.00463,20,0
926,1502.73,0.03662,0.09356,0.10669,0.09062,0.02924,13,0
1686,1176.49,0.26057,0.57446,0.18309,0.13936,0.02413,4,1
699,822.71,0.03031,0.16546,0.08244,0.00569,0.02879,9,0
1973,1153.64,0.2126,0.3449,0.06538,0.11102,0.03528,7,1
1468,1826.72,0.00935,0.1739,0.12517,0.07516,0.0267,21,0
465,998.07,0.0859,0.09242,0.01673,0.08851,0.01345,20,0
2094,1934.46,0.17679,0.60635,0.44506,0.21014,0.01174,1,1
573,872.58,0.09565,0.04336,0.15498,0.04159,0.01433,1,0
986,517.91,0.23426,0.33655,0.30062,0.17044,0.00659,15,1
768,3327.9,0.12292,0.31574,0.17014,0.2433,0.03383,23,1
1253,1261.09,0.04891,0.47843,0.03722,0.00977,0.00776,20,0
532,960.8,0.01934,0.1163,0.13321,0.02584,0.00717,15,0
1562,792.47,0.26297,0.35437,0.3889,0.06669,0.00611,17,1
1720,2472.09,0.07612,0.1871,0.21049,0.1015,0.01927,11,1
1738,5047.88,0.20667,0.37609,0.17359,0.23138,0.03652,6,1
2277,1330.4,0.22101,0.44978,0.1669,0.21923,0.00454,23,1
95,1531.3,0.03315,0.25767,0.0522,0.04794,0.03975,14,0
2539,4020.92,0.27044,0.52912,0.3288,0.2416,0.03551,14,1
268,462.99,0.01178,0.17963,0.04421,0.05272,0.0209,18,0
1399,7869.06,0.26321,0.36147,0.09406,0.07842,0.02832,5,1
1050,11255.56,0.32455,0.61281,0.32676,0.12103,0.00694,1,1
1518,236.46,0.0933,0.36408,0.32276,0.15876,0.02933,15,1
1321,1673.07,0.04219,0.00453,0.12931,0.0364,0.03399,11,0
2284,1049.78,0.26884,0.55829,0.31895,0.13082,0.00279,1,1
1526,1475.81,0.54794,0.43751,0.24569,0.17925,0.02665,20,1
1684,1315.21,0.00624,0.12849,0.0245,0.03705,0.00555,21,0
634,3308.87,0.00471,0.17939,0.04792,0.10596,0.00666,5,0
430,1654.27,0.19079,0.14712,0.06135,0.00658,0.00926,15,0
732,909.01,0.08019,0.09072,0.10254,0.0004,0.00705,23,0
989,1581.93,0.02334,0.10341,0.20156,0.07419,0.03306,15,0
1831,2648.19,0.09996,0.51314,0.26401,0.15708,0.00292,12,1
2304,740.82,0.22002,0.47621,0.27236,0.1671,0.00371,10,1
466,523.67,0.01915,0.22885,0.03633,0.04326,0.02965,3,0
778,8023.25,0.16733,0.56707,0.31812,0.1886,0.00952,19,1
2523,1111.78,0.21162,0.63955,0.17081,0.06445,0.03765,15,1
1631,1623.8,0.06409,0.3149,0.23896,0.19256,0.0145,18,1
495,1335.68,0.02784,0.1871,0.00963,0.02023,0.03616,22,0
1880,2715.16,0.20324,0.50285,0.22237,0.20273,0.01681,13,1
1705,6803.1,0.13868,0.5031,0.23716,0.05078,0.0032,21,1
1882,2780.8,0.19836,0.45058,0.22139,0.11168,0.03951,11,1
2351,576.38,0.34269,0.40559,0.23897,0.14539,0.03706,9,1
1638,637.43,0.07721,0.07792,0.07231,0.0158,0.01619,10,0
1080,1334.51,0.10337,0.02487,0.04255,0.00446,0.00876,11,0
1676,1471.98,0.29967,0.26757,0.21771,0.07518,0.02272,20,1
1732,494.76,0.03854,0.20505,0.03488,0.08242,0.0325,22,0
542,3327.74,0.25757,0.03759,0.00037,0.00458,0.01517,22,0
144,796.96,0.07996,0.15232,0.02365,0.15256,0.0208,9,0
1084,5516.61,0.18553,0.34884,0.24649,0.19277,0.01574,16,1
1175,7051.65,0.05419,0.38425,0.00567,0.01157,0.01978,19,0
1389,1494.21,0.38902,0.34436,0.43995,0.19357,0.03484,23,1
218,2501.81,0.06666,0.22586,0.03807,0.0084,0.00393,14,0
1486,714.5,0.21957,0.39515,0.19623,0.05662,0.00319,23,1
584,2873.54,0.19158,0.34207,0.2314,0.13278,0.02759,12,1
949,1238.8,0.1118,0.28752,0.0441,0.01519,0.02877,14,0
1070,796.41,0.05421,0.20208,0.00347,0.00264,0.014,15,0
1175,1448.87,0.0067,0.28511,0.09249,0.00354,0.02161,11,0
927,1269.31,0.18223,0.3497,0.45215,0.21599,0.01453,14,1
1528,1410.46,0.42111,0.54417,0.10517,0.17776,0.00337,12,1
1769,3669.47,0.11618,0.42184,0.15361,0.15791,0.03723,15,1
1854,998.81,0.10383,0.45861,0.13813,0.09908,0.01058,10,1
2239,6613.11,0.18619,0.32064,0.27979,0.2434,0.02526,4,1
653,666.3,0.10193,0.36805,0.03102,0.03688,0.0098,20,0
1317,6045.77,0.422,0.68733,0.10442,0.14283,0.00299,0,1
648,839.8,0.02792,0.2941,0.17586,0.00566,0.03428,17,0
987,1798.63,0.03439,0.04587,0.06571,0.01471,0.01154,17,0
298,1246.25,0.06147,0.1363,0.06627,0.00487,0.03649,14,0
819,1390.95,0.00767,0.45297,0.01652,0.00533,0.01447,16,0
404,3283.15,0.00971,0.37718,0.02475,0.00129,0.00367,19,0
995,5543.67,0.05136,0.05568,0.11463,0.00363,0.03561,5,0
2002,4395.93,0.27847,0.41219,0.12812,0.23534,0.02158,14,1
1774,1328.62,0.05247,0.27379,0.01155,0.09831,0.02652,7,0
1143,2066.75,0.35678,0.41762,0.21299,0.16182,0.03264,21,1
176,1001.23,0.09363,0.40203,0.00147,0.08316,0.02055,19,0
471,855.67,0.12814,0.1091,0.0103,0.04078,0.01228,0,0
260,761.9,0.00028,0.15258,0.09468,0.06062,0.0333,20,0
1386,1296.42,0.01831,0.11239,0.03241,0.00264,0.02453,12,0
2034,2170.57,0.30338,0.30116,0.29224,0.08604,0.02828,2,1
1032,429.1,0.08206,0.2604,0.05243,0.00308,0.0125,18,0
384,1738.5,0.10511,0.40549,0.03729,0.032,0.03518,10,0
116,5611.43,0.09264,0.15549,0.06103,0.01163,0.0209,19,0
2306,4175.44,0.19419,0.5949,0.15945,0.20437,0.02793,6,1
624,1160.56,0.15753,0.07151,0.10632,0.00502,0.02234,11,0
272,631.37,0.0903,0.03709,0.13,0.02408,0.00467,13,0
384,2541.26,0.02665,0.06107,0.15262,0.03608,0.01894,6,0
519,316.55,0.01341,0.08868,0.02011,0.01108,0.03192,20,0
1208,4138.78,0.01316,0.14682,0.05986,0.01555,0.03527,5,0
1908,1533.57,0.32378,0.13259,0.22402,0.2027,0.03633,2,1
774,7108.29,0.34292,0.47555,0.0924,0.07589,0.01578,8,1
1262,492.91,0.12028,0.17042,0.06279,0.04233,0.01077,10,0
191,3583.7,0.02136,0.06122,0.07327,0.00643,0.00589,21,0
97,1669.3,0.14139,0.47717,0.01927,0.01774,0.03936,19,0
706,1404.24,0.36811,0.60234,0.14904,0.08594,0.02601,13,1
2324,644.3,0.37085,0.37484,0.22166,0.12139,0.01964,19,1
1080,2813.97,0.02904,0.35261,0.15909,0.00511,0.02922,17,0
1762,2988.85,0.17353,0.33369,0.27479,0.11364,0.00849,0,1
117,6866.35,0.04088,0.04466,0.2023,0.02541,0.02475,10,0
118,3833.68,0.01917,0.25893,0.30277,0.06128,0.02738,18,0
1539,1153.0,0.07095,0.3434,0.02843,0.04266,0.01073,16,0
256,847.8,0.05671,0.04667,0.1267,0.0634,0.01526,19,0
347,644.95,0.03875,0.11471,0.02345,0.01823,0.00254,23,0
1368,5434.16,0.59227,0.2634,0.12133,0.21378,0.03528,20,1
1123,1004.16,0.09986,0.32048,0.06708,0.02416,0.01643,13,0
1306,5462.79,0.41559,0.09508,0.11571,0.22121,0.01594,16,1
1517,2668.7,0.07746,0.56918,0.36574,0.15358,0.01667,22,1
1240,2305.31,0.09204,0.05936,0.02606,0.04138,0.03997,6,0
841,1429.94,0.15091,0.1546,0.02734,0.03091,0.02207,19,0
1292,2954.39,0.25511,0.71412,0.33704,0.05874,0.02195,9,1
203,1779.24,0.03741,0.2607,0.1102,0.06145,0.02159,5,0
857,1364.62,0.02736,0.09746,0.0424,0.00553,0.00675,8,0
2294,3033.72,0.08173,0.67381,0.08707,0.16214,0.02159,5,1
2014,1615.76,0.26297,0.77883,0.13994,0.11129,0.00869,4,1
2319,989.1,0.19817,0.41711,0.331,0.08482,0.02101,21,1
297,2822.6,0.25221,0.1648,0.01007,0.01161,0.02694,6,0
98,1715.66,0.06869,0.26773,0.1824,0.01612,0.02874,5,0
1832,2597.29,0.18943,0.62043,0.23652,0.09727,0.01224,1,1
387,1280.68,0.04455,0.12608,0.03542,0.08579,0.00351,5,0
1518,726.84,0.21191,0.22861,0.27599,0.13892,0.01889,10,1
2036,6613.36,0.11753,0.37344,0.24519,0.1423,0.00687,9,1
1051,5741.64,0.17149,0.50134,0.07302,0.26686,0.00825,1,1
1025,3492.53,0.13574,0.07766,0.13188,0.02231,0.03785,16,0
2118,1345.72,0.34832,0.36095,0.21289,0.12509,0.02954,13,1
338,1436.99,0.03163,0.36434,0.0132,0.03322,0.00411,6,0
2308,5076.04,0.29572,0.28057,0.27253,0.09072,0.01583,7,1
428,1380.46,0.19966,0.12762,0.04882,0.05522,0.00436,17,0
1470,1120.05,0.01472,0.1454,0.03452,0.01485,0.02993,1,0
1215,7329.91,0.015,0.24131,0.01001,0.0053,0.03672,4,0
322,1736.77,0.0374,0.10902,0.01857,0.07245,0.03921,4,0
1961,6780.87,0.12866,0.54853,0.20905,0.11149,0.00751,21,1
1074,630.65,0.17307,0.35814,0.28481,0.14534,0.02972,3,1
1111,2654.95,0.02551,0.17035,0.04018,0.00714,0.00567,5,0
2013,8508.78,0.27287,0.60562,0.26052,0.0983,0.03638,16,1
2455,1840.61,0.12921,0.55689,0.24491,0.15897,0.0068,5,1
1578,1476.66,0.16198,0.23901,0.08795,0.03583,0.00254,7,0
1696,749.74,0.1709,0.50729,0.41635,0.20432,0.00943,6,1
1613,4053.35,0.15441,0.55241,0.24128,0.08395,0.00701,20,1
1309,1010.24,0.39705,0.46338,0.2012,0.13969,0.00702,20,1
1825,1676.45,0.19878,0.83573,0.31589,0.17565,0.03097,6,1
1269,713.13,0.35383,0.3573,0.42857,0.1502,0.02655,2,1
1407,5786.09,0.02229,0.09342,0.01293,0.00676,0.003,15,0
698,4279.99,0.01996,0.09336,0.09563,0.0426,0.01677,10,0
1526,1757.86,0.2953,0.42524,0.10528,0.1303,0.02081,9,1
773,757.43,0.13214,0.45419,0.16611,0.21062,0.01714,18,1
1678,5695.73,0.24013,0.68692,0.25433,0.17778,0.00824,13,1
159,1367.98,0.03191,0.45537,0.19306,0.0346,0.03073,0,0
638,785.75,0.22978,0.4855,0.25537,0.27714,0.01632,15,1
685,480.08,0.0374,0.27059,0.06624,0.01001,0.00386,12,0
1112,1108.84,0.28177,0.49071,0.32115,0.07507,0.03632,2,1
1686,604.6,0.26781,0.55647,0.1785,0.20075,0.01883,0,1
697,1128.25,0.01677,0.04499,0.13307,0.08518,0.01682,2,0
111,3145.88,0.09654,0.37769,0.02698,0.0229,0.02557,12,0
639,1358.3,0.10159,0.12187,0.19305,0.00511,0.01109,23,0
1172,2350.33,0.21813,0.45136,0.22035,0.1287,0.01839,18,1
1612,1046.33,0.20775,0.38333,0.21895,0.07294,0.02201,19,1
1806,1890.16,0.27901,0.38729,0.09604,0.09932,0.01467,16,1
1026,7602.39,0.45948,0.24432,0.26493,0.14918,0.03098,22,1
1563,1386.0,0.17791,0.60976,0.2389,0.16839,0.00367,1,1
1166,2401.54,0.03055,0.0895,0.04957,0.00808,0.01936,0,0
1627,556.35,0.29485,0.54351,0.25463,0.0417,0.01545,4,1
1226,5628.63,0.30049,0.25131,0.14573,0.08971,0.03995,19,1
2345,1258.45,0.36848,0.47871,0.33481,0.15488,0.03395,2,1
977,3957.79,0.2826,0.23078,0.1125,0.041,0.03456,1,1
1937,1641.16,0.25583,0.27789,0.17433,0.13285,0.01754,10,1
158,2847.58,0.0965,0.05472,0.03949,0.03735,0.00777,9,0
256,2977.39,0.11109,0.08397,0.29344,0.0689,0.0337,12,0
1917,1282.04,0.32004,0.30818,0.22978,0.19168,0.02442,11,1
897,4082.53,0.02463,0.14369,0.01136,0.03833,0.02323,7,0
1509,1018.72,0.13392,0.55323,0.36711,0.18879,0.0392,14,1
1579,3225.98,0.14909,0.50628,0.07779,0.11788,0.01074,15,1
1720,1343.3,0.19136,0.37486,0.34974,0.06493,0.03199,5,1
621,2339.54,0.24611,0.53783,0.32563,0.16676,0.00231,0,1
386,1272.89,0.0603,0.04292,0.03912,0.11243,0.00455,0,0
537,1868.75,0.27828,0.48968,0.29418,0.10375,0.03611,2,1
1783,803.94,0.22032,0.22964,0.19402,0.12542,0.02249,10,1
601,2167.24,0.22214,0.44763,0.23037,0.10225,0.02042,2,1
1864,1860.65,0.20164,0.41924,0.21216,0.11367,0.02838,1,1
1456,1200.42,0.15212,0.28541,0.10833,0.18917,0.03979,14,1
359,1727.22,0.1778,0.16812,0.09242,0.00517,0.02269,19,0
1610,1990.31,0.4145,0.44235,0.34881,0.16263,0.01199,0,1
223,1133.74,0.18657,0.19328,0.08295,0.00246,0.01998,0,0
383,1634.31,0.02233,0.15672,0.03118,0.00857,0.00836,5,0
320,846.73,0.12466,0.15535,0.10516,0.08548,0.01532,18,0
1598,10455.06,0.25204,0.42655,0.27978,0.131,0.01291,23,1
1691,3983.36,0.21225,0.33769,0.2364,0.19222,0.02543,10,1
1672,2209.15,0.02907,0.27992,0.12414,0.02068,0.02524,7,0
1025,4335.65,0.21653,0.47645,0.08696,0.12184,0.03181,1,1
426,407.93,0.04007,0.38734,0.01288,0.02452,0.0284,5,0
1126,264.35,0.08712,0.07648,0.06608,0.04061,0.03477,8,0
2506,1334.18,0.19816,0.41057,0.29358,0.11369,0.00289,13,1
1213,640.1,0.19796,0.40952,0.39362,0.17912,0.01923,0,1
110,1507.32,0.02443,0.04281,0.01084,0.03531,0.00569,0,0
1129,2100.19,0.29631,0.29005,0.28653,0.21516,0.00928,1,1
1670,3589.8,0.00499,0.30112,0.06107,0.00842,0.0253,3,0
971,766.51,0.16294,0.17759,0.03146,0.04243,0.03376,12,0
1870,2429.07,0.32348,0.15984,0.22826,0.20314,0.01343,19,1
955,1819.53,0.16252,0.12908,0.06124,0.0094,0.00337,8,0
754,2335.95,0.26538,0.42879,0.17217,0.18261,0.01292,5,1
2047,1218.91,0.18813,0.46382,0.17358,0.18876,0.00964,22,1
2223,5079.12,0.29471,0.35527,0.13142,0.10559,0.01912,3,1
1677,1665.55,0.17415,0.59014,0.28109,0.04896,0.00309,13,1
1912,6810.21,0.25183,0.41212,0.13031,0.1763,0.00996,2,1
664,995.01,0.25618,0.33307,0.27807,0.2339,0.01556,15,1
2488,3142.15,0.33145,0.16841,0.33729,0.25536,0.02769,10,1
480,1721.22,0.26831,0.15775,0.10949,0.07744,0.00415,16,0
2612,1407.73,0.06618,0.55158,0.2113,0.10289,0.0048,21,1
1169,2892.22,0.11245,0.49154,0.24181,0.18093,0.0049,21,1
1194,1438.22,0.52762,0.39547,0.09351,0.19992,0.01303,6,1
1437,244.46,0.03281,0.1914,0.19676,0.08568,0.00263,0,0
214,180.98,0.0043,0.16518,0.12987,0.00187,0.03997,12,0
574,4674.41,0.26737,0.5651,0.34957,0.05405,0.01345,4,1
1755,4528.91,0.17437,0.36584,0.35443,0.05383,0.0132,18,1
1079,7413.42,0.18924,0.58477,0.43312,0.12349,0.0233,19,1
1309,1776.49,0.17037,0.43824,0.11926,0.22634,0.02083,2,1
2523,682.71,0.22697,0.42836,0.32435,0.2236,0.02902,0,1
1137,1314.03,0.10726,0.24703,0.15284,0.02604,0.01928,15,0
907,1815.49,0.00725,0.03637,0.03181,0.02096,0.00714,1,0
1235,845.78,0.41574,0.30034,0.05993,0.08061,0.02282,1,1
1904,6197.94,0.15758,0.30751,0.2672,0.24154,0.03622,20,1
1904,9654.4,0.21062,0.32258,0.06782,0.09609,0.00216,6,1
1814,2576.67,0.25499,0.32018,0.41199,0.12019,0.00474,18,1
344,1785.39,0.09067,0.07261,0.02772,0.06896,0.03863,18,0
1540,681.51,0.23376,0.21976,0.23349,0.19259,0.02768,12,1
1352,5740.88,0.08954,0.30131,0.12963,0.03276,0.02741,4,0
1299,1906.02,0.08449,0.0657,0.06956,0.00702,0.00228,0,0
333,1449.06,0.16259,0.67697,0.29529,0.04978,0.01487,23,1
1928,2582.27,0.20164,0.5014,0.22338,0.19187,0.02276,12,1
1335,1160.1,0.08615,0.31619,0.04847,0.05865,0.00853,10,0
395,2009.61,0.10077,0.22345,0.01748,0.00242,0.00597,16,0
2325,610.14,0.27176,0.52846,0.27587,0.13731,0.02971,7,1
1657,4067.8,0.22195,0.37482,0.16149,0.15036,0.00894,0,1
1113,1664.42,0.33015,0.25929,0.20741,0.25946,0.03581,10,1
1323,4292.58,0.0039,0.08237,0.05742,0.09326,0.02148,9,0
1818,1547.95,0.24553,0.58216,0.31204,0.04402,0.0064,1,1
1212,1625.21,0.31489,0.2858,0.3931,0.09816,0.02338,9,1
617,725.1,0.06282,0.10435,0.00832,0.01839,0.01586,2,0
1910,3182.3,0.07287,0.56314,0.27167,0.06637,0.03337,17,1
1901,933.24,0.08435,0.64872,0.27434,0.19156,0.03498,9,1
304,1249.78,0.06206,0.06939,0.12763,0.00361,0.00848,4,0
1773,1801.41,0.16109,0.32259,0.25456,0.20754,0.01632,18,1
120,1971.32,0.03504,0.21807,0.08269,0.05006,0.00641,7,0
714,500.68,0.05213,0.05918,0.00864,0.03105,0.02271,0,0
2236,1513.89,0.13873,0.59986,0.12917,0.09749,0.03045,7,1
380,3268.1,0.06996,0.03534,0.09445,0.122,0.03794,3,0
728,1355.31,0.05002,0.33712,0.04574,0.00398,0.03423,16,0
457,1520.8,0.19575,0.27531,0.06222,0.03951,0.01727,2,0
2115,2033.16,0.19209,0.23567,0.24455,0.16588,0.03066,4,1
1661,1637.74,0.22872,0.39696,0.12214,0.20174,0.03328,10,1
1100,831.02,0.06201,0.10782,0.03183,0.00097,0.02384,14,0
1701,1751.6,0.00279,0.06598,0.06128,0.00727,0.019,10,0
976,3793.7,0.06601,0.28444,0.01885,0.05238,0.02777,21,0
1563,818.24,0.18482,0.31261,0.1446,0.23268,0.00901,14,1
248,1359.24,0.05626,0.19437,0.04096,0.04134,0.01327,23,0
450,638.63,0.13243,0.0758,0.01076,0.06965,0.00324,7,0
2434,3646.7,0.2552,0.48285,0.16474,0.13752,0.03872,12,1
2306,1679.54,0.36967,0.4473,0.17379,0.20911,0.01499,4,1
1952,951.36,0.15728,0.40238,0.22228,0.15057,0.01201,23,1
1137,1928.97,0.33229,0.32348,0.13992,0.14312,0.03114,15,1
423,729.85,0.07921,0.1116,0.00198,0.00835,0.00249,14,0
1759,829.17,0.18639,0.38223,0.17462,0.07238,0.00762,16,1
1828,602.11,0.10443,0.3779,0.23572,0.12928,0.00624,22,1
789,808.72,0.35455,0.40712,0.35684,0.11371,0.026,13,1
1094,4981.79,0.17956,0.14663,0.06049,0.00619,0.02245,18,0
1144,1038.68,0.0543,0.10552,0.018,0.00375,0.03948,15,0
1318,2553.48,0.13663,0.43033,0.32802,0.17386,0.00409,10,1
2418,961.33,0.34083,0.43599,0.25765,0.13793,0.03637,9,1
739,3181.77,0.12839,0.38822,0.3541,0.22301,0.01522,17,1
828,833.79,0.35385,0.31889,0.29886,0.13944,0.01869,3,1
243,1853.74,0.08239,0.1196,0.12487,0.06136,0.01374,4,0
1271,1872.78,0.09229,0.19829,0.04849,0.02733,0.03532,22,0
1317,10315.43,0.12545,0.59494,0.2793,0.19355,0.02389,2,1
2158,2888.12,0.32925,0.37278,0.29978,0.06069,0.00998,2,1
1012,1153.86,0.14041,0.01024,0.05255,0.01568,0.00818,21,0
462,3008.9,0.2034,0.20427,0.21606,0.17926,0.03486,19,1
1019,8947.89,0.17294,0.74399,0.27521,0.13578,0.02708,21,1
232,530.23,0.24771,0.16295,0.02179,0.00894,0.02055,11,0
1981,956.88,0.38246,0.33797,0.26524,0.22713,0.02321,17,1
1239,1506.99,0.06302,0.15605,0.01676,0.04964,0.03466,12,0
1711,1316.49,0.20012,0.39874,0.37305,0.18164,0.01191,21,1
664,1402.45,0.04547,0.02711,0.08714,0.03027,0.01341,6,0
613,676.79,0.01796,0.07776,0.05945,0.02718,0.01216,20,0
202,5159.06,0.08205,0.32266,0.04419,0.01488,0.01863,19,0
1282,619.3,0.31109,0.67348,0.38445,0.23844,0.03867,21,1
1453,1549.03,0.30764,0.30332,0.12888,0.11636,0.03985,19,1
1377,3943.86,0.05408,0.11747,0.00559,0.0026,0.02184,3,0
1376,1759.71,0.04355,0.15606,0.04911,0.10872,0.0335,16,0
1105,863.5,0.14463,0.25445,0.29682,0.2025,0.02151,18,1
839,654.61,0.30388,0.40086,0.12519,0.18009,0.00649,7,1
959,1514.81,0.10539,0.4433,0.10646,0.02738,0.00703,11,0
656,1020.22,0.08163,0.2172,0.05177,0.02082,0.01783,7,0
123,2099.52,0.0553,0.2625,0.07246,0.02287,0.01681,4,0
1917,629.2,0.25417,0.62746,0.32594,0.15944,0.00533,16,1
2084,3312.04,0.38254,0.24203,0.23773,0.10851,0.01096,18,1
1392,1962.95,0.46255,0.56357,0.20583,0.05083,0.02109,0,1
626,2075.42,0.06407,0.12098,0.20798,0.06235,0.01243,8,0
1900,5304.71,0.18796,0.53846,0.23676,0.18387,0.00419,23,1
140,1296.2,0.05456,0.08141,0.03675,0.09043,0.01335,1,0
847,1044.38,0.19183,0.31844,0.08637,0.00352,0.00383,1,0
2340,1193.59,0.19975,0.19818,0.25954,0.18896,0.02126,10,1
1719,1557.98,0.02036,0.14641,0.17821,0.01448,0.02643,11,0
512,1681.29,0.11678,0.24619,0.15591,0.01855,0.00575,8,0
1484,965.38,0.29413,0.41805,0.15096,0.17062,0.02951,20,1
406,394.74,0.11377,0.03606,0.06663,0.00573,0.03257,8,0
279,1181.86,0.02854,0.36012,0.20413,0.00335,0.01251,14,0
970,2357.63,0.1788,0.40301,0.36016,0.07927,0.01442,2,1
1602,1993.68,0.05312,0.21778,0.19548,0.00074,0.03737,10,0
1844,4425.81,0.14478,0.48366,0.20442,0.1131,0.03389,2,1
1815,7802.17,0.19373,0.49205,0.18312,0.2214,0.02537,8,1
566,3181.29,0.005,0.22691,0.03697,0.06695,0.00763,7,0
323,5076.78,0.07759,0.14113,0.0928,0.01198,0.0159,5,0
545,3199.09,0.05247,0.0935,0.1429,0.00727,0.00404,15,0
824,6489.67,0.20127,0.70477,0.24269,0.23241,0.0166,18,1
401,7213.3,0.11024,0.09941,0.01848,0.02242,0.00389,15,0
1262,3673.56,0.14726,0.14337,0.15305,0.00732,0.03407,16,0
308,3057.42,0.00826,0.11933,0.03722,0.06748,0.01874,17,0
161,1543.21,0.02038,0.13296,0.0399,0.09492,0.03212,19,0
1012,1745.05,0.0391,0.14498,0.01904,0.00731,0.00807,3,0
572,1397.11,0.16377,0.12899,0.19373,0.01841,0.02048,18,0
862,2868.32,0.17066,0.04121,0.03502,0.05383,0.0256,3,0
422,1048.67,0.27002,0.56571,0.35124,0.08298,0.0346,2,1
441,1559.64,0.07854,0.1368,0.06461,0.03111,0.00541,15,0
838,307.71,0.00576,0.16013,0.00261,0.06364,0.00942,0,0
1859,6554.19,0.19246,0.15327,0.2423,0.23142,0.02706,5,1
1367,1525.67,0.19287,0.29135,0.33538,0.14177,0.02268,4,1
1347,2533.17,0.11747,0.36164,0.31138,0.04429,0.02828,23,1
977,5371.6,0.04733,0.02408,0.00826,0.02706,0.01371,0,0
837,2254.68,0.14031,0.66505,0.38597,0.21966,0.02467,13,1
560,5317.72,0.11469,0.32143,0.21933,0.00313,0.0054,21,0
812,709.27,0.05032,0.21917,0.05633,0.00796,0.01649,22,0
727,10867.96,0.25489,0.64111,0.24445,0.08965,0.02617,8,1
1686,4067.87,0.31164,0.4118,0.30817,0.031,0.00658,2,1
1648,2105.79,0.15479,0.29377,0.26853,0.09495,0.01498,22,1
1242,5241.44,0.17295,0.18196,0.29552,0.11298,0.003,6,1
722,749.24,0.00907,0.05246,0.17985,0.02246,0.02238,3,0
645,1449.65,0.06655,0.16427,0.06819,0.02517,0.03078,5,0
1200,5317.35,0.16479,0.11571,0.13387,0.05433,0.02146,15,0
1707,443.74,0.23375,0.34588,0.26621,0.15093,0.02546,7,1
266,2740.47,0.04626,0.19204,0.02743,0.08247,0.01783,2,0
1587,2682.95,0.12601,0.14188,0.18899,0.29225,0.00959,18,1
592,7882.98,0.2315,0.45789,0.26682,0.20928,0.03142,16,1
857,549.12,0.03417,0.11079,0.04593,0.07635,0.01568,9,0
756,6019.53,0.43179,0.30471,0.21707,0.25027,0.01237,0,1
657,1183.15,0.07789,0.10994,0.0277,0.02956,0.0204,15,0
1104,1287.28,0.28295,0.4247,0.16356,0.14114,0.01769,2,1
1359,719.85,0.31155,0.5825,0.28962,0.18297,0.00803,3,1
757,796.04,0.0334,0.1754,0.04992,0.06025,0.02535,6,0
1395,2436.17,0.06269,0.18219,0.00323,0.03462,0.01294,2,0
1922,781.56,0.13027,0.31333,0.2741,0.10227,0.00445,13,1
463,3136.16,0.22543,0.61241,0.26787,0.21818,0.03949,22,1
729,1094.79,0.04511,0.24449,0.10457,0.02918,0.03581,12,0
2032,724.71,0.31632,0.46415,0.1835,0.3179,0.03591,8,1
992,1211.59,0.00535,0.10267,0.0297,0.03354,0.01828,15,0
780,2317.1,0.15283,0.20321,0.12977,0.21386,0.02069,8,1
1535,1461.95,0.06583,0.35272,0.20702,0.12541,0.01284,19,1
329,1846.78,0.1082,0.0881,0.0623,0.03189,0.02987,0,0
117,3034.18,0.04529,0.14029,0.09795,0.00304,0.01299,1,0
1986,4053.59,0.07721,0.46441,0.17791,0.04074,0.01579,9,1
1694,1426.49,0.19931,0.26607,0.3165,0.05887,0.03447,12,1
1381,822.52,0.01359,0.17061,0.05378,0.00819,0.00717,11,0
673,1905.72,0.22694,0.07009,0.01479,0.00521,0.00561,6,0
1549,2561.96,0.0742,0.18725,0.15658,0.009,0.01655,18,0
804,601.84,0.04634,0.06282,0.08061,0.01418,0.0223,11,0
1349,922.96,0.00673,0.45873,0.02727,0.05432,0.02014,23,0
252,1049.59,0.05704,0.00608,0.06304,0.03563,0.01168,1,0
247,1540.21,0.01673,0.2891,0.04447,0.02866,0.0092,16,0
1802,1017.16,0.33164,0.46212,0.19825,0.22789,0.01596,10,1
1805,3058.94,0.22264,0.35856,0.27062,0.08841,0.00675,6,1
1993,540.07,0.38369,0.33355,0.30301,0.13094,0.02248,8,1
638,550.46,0.02173,0.31417,0.04934,0.01642,0.03006,16,0
118,1401.26,0.04457,0.24678,0.00685,0.00379,0.0043,22,0
2266,1577.82,0.39186,0.23924,0.26166,0.11088,0.03402,19,1
1114,604.6,0.02822,0.10263,0.14308,0.01492,0.01212,2,0
1015,1141.94,0.16426,0.46675,0.20283,0.19267,0.03155,9,1
1627,1332.43,0.10039,0.52361,0.2137,0.20191,0.00858,2,1
1634,1340.19,0.08473,0.09539,0.03489,0.0481,0.00437,7,0
569,2017.17,0.11442,0.21198,0.02431,0.01792,0.01083,10,0
1769,1095.93,0.21164,0.35755,0.07388,0.15068,0.03501,9,1
2054,5452.99,0.15886,0.32741,0.23466,0.15316,0.02227,22,1
942,2595.92,0.09105,0.18477,0.03357,0.045,0.03268,23,0
1742,982.6,0.11243,0.20974,0.32865,0.08444,0.02354,18,1
762,1932.22,0.06643,0.57234,0.39006,0.15494,0.03767,0,1
1952,1975.45,0.32866,0.48963,0.18343,0.20678,0.01159,7,1
1924,4476.44,0.25509,0.28341,0.30422,0.15829,0.00467,1,1
2045,1147.4,0.39285,0.29961,0.53396,0.20615,0.01369,17,1
1516,3200.45,0.30278,0.48952,0.37726,0.08354,0.01889,6,1
152,1857.4,0.02657,0.19758,0.0411,0.00805,0.01461,1,0
1592,5509.43,0.18976,0.58786,0.3085,0.15185,0.02287,10,1
845,4739.61,0.00914,0.43977,0.01138,0.09841,0.02348,23,0
1993,2086.57,0.41834,0.38485,0.18656,0.14053,0.01411,5,1
1732,1478.57,0.28927,0.43597,0.25087,0.05974,0.03659,4,1
1330,2631.99,0.12884,0.28098,0.34553,0.19748,0.01615,16,1
332,1572.16,0.00777,0.0883,0.10057,0.00638,0.02166,3,0
2004,6347.22,0.19223,0.18244,0.41296,0.19774,0.0214,8,1
1287,1909.11,0.39238,0.4412,0.1214,0.19227,0.03523,0,1
238,1327.84,0.08053,0.19912,0.08562,0.00872,0.02954,16,0
2521,1275.16,0.33385,0.64318,0.27624,0.14399,0.01221,7,1
406,724.71,0.00448,0.20625,0.05126,0.03127,0.02839,17,0
833,2732.47,0.32822,0.31916,0.30191,0.12664,0.00972,1,1
213,973.15,0.11407,0.10608,0.106,0.0348,0.03941,12,0
858,4101.68,0.02586,0.0143,0.01256,0.06834,0.03197,22,0
256,682.55,0.0184,0.2842,0.03972,0.02646,0.00538,17,0
1767,1980.24,0.20735,0.45303,0.19271,0.09435,0.03442,8,1
1205,4265.05,0.22618,0.53378,0.18924,0.18602,0.02397,15,1
637,358.29,0.044,0.22443,0.04624,0.00243,0.00945,12,0
85,8178.31,0.07068,0.12851,0.06044,0.00652,0.0042,0,0
1572,1308.42,0.19822,0.56802,0.25103,0.18327,0.01617,6,1
340,2000.92,0.08196,0.25009,0.13984,0.01943,0.02452,4,0
2340,2763.16,0.09742,0.18662,0.21111,0.1025,0.03579,3,1
1122,3103.04,0.41683,0.43015,0.13382,0.12464,0.03842,5,1
1043,2210.46,0.25538,0.58729,0.2541,0.09611,0.01469,1,1
964,3803.13,0.28296,0.77892,0.17253,0.22501,0.00388,13,1
305,2656.71,0.01102,0.18895,0.01935,0.00389,0.03792,11,0
436,6742.61,0.00967,0.17324,0.1059,0.03806,0.02825,20,0
168,2663.21,0.16078,0.30263,0.06184,0.00496,0.01377,8,0
1926,7855.89,0.2483,0.75816,0.31827,0.09017,0.03663,2,1
2152,3538.12,0.33851,0.51789,0.25545,0.1095,0.03714,13,1
1982,464.62,0.16566,0.4012,0.22976,0.24031,0.01679,21,1
1101,12757.43,0.2391,0.60287,0.15072,0.08091,0.00247,21,1
1582,1170.03,0.10827,0.59001,0.11608,0.2188,0.00843,20,1
946,5525.89,0.09196,0.09427,0.11515,0.02424,0.03654,23,0
158,1836.54,0.13514,0.11781,0.06758,0.0337,0.00304,18,0
236,3989.25,0.38701,0.21762,0.0212,0.09898,0.03415,22,0
1022,1074.04,0.06022,0.07173,0.1116,0.01758,0.01373,7,0
808,2878.0,0.06388,0.27386,0.29068,0.03114,0.00921,7,0
94,1488.69,0.0061,0.2877,0.00659,0.01722,0.03666,17,0
2123,5882.84,0.12988,0.40554,0.15097,0.19426,0.02893,1,1
1336,2501.24,0.01247,0.25584,0.06878,0.02392,0.00353,7,0
1464,3631.86,0.20957,0.50983,0.29777,0.09656,0.03393,12,1
2117,355.13,0.26922,0.50392,0.08883,0.20561,0.03512,7,1
1750,1688.11,0.01125,0.28607,0.24317,0.00618,0.0047,15,0
2595,2449.05,0.29958,0.2406,0.32132,0.21503,0.01243,9,1
1257,2128.67,0.18628,0.61001,0.2585,0.21717,0.03974,2,1
2362,3701.19,0.53289,0.35169,0.09727,0.11205,0.02008,16,1
1630,1368.01,0.16787,0.47574,0.27223,0.2169,0.01139,17,1
1328,1867.08,0.06567,0.1656,0.05804,0.02825,0.00479,3,0
2083,4365.39,0.11887,0.38591,0.07162,0.13373,0.00254,1,1
360,325.88,0.12829,0.05669,0.02013,0.00599,0.01256,15,0
850,2800.5,0.03207,0.19847,0.09613,0.02036,0.02402,5,0
301,1401.26,0.12073,0.28052,0.1262,0.0085,0.02258,9,0
1334,908.05,0.06145,0.48924,0.29342,0.08039,0.01175,22,1
791,2316.82,0.0504,0.06592,0.06466,0.03384,0.00497,8,0
1881,4519.38,0.25976,0.40687,0.37073,0.10656,0.00999,18,1
2218,3924.13,0.1944,0.57574,0.29238,0.15357,0.02355,23,1
896,1626.53,0.19352,0.32325,0.20965,0.18194,0.00275,18,1
646,3471.52,0.01506,0.25551,0.10256,0.00966,0.00722,21,0
1357,3451.6,0.1866,0.40269,0.25885,0.12432,0.03137,21,1
1648,1685.83,0.09682,0.2051,0.094,0.02565,0.00294,20,0
1759,1070.34,0.13569,0.01626,0.04965,0.05315,0.02315,7,0
470,1117.8,0.05942,0.3931,0.03367,0.01463,0.03354,3,0
1273,3374.26,0.19253,0.43079,0.06402,0.18538,0.02617,14,1
2017,1743.99,0.14189,0.22696,0.23353,0.26396,0.02831,1,1
598,821.31,0.10767,0.14753,0.0353,0.02176,0.00702,16,0
423,508.72,0.09736,0.09737,0.09008,0.00155,0.00389,9,0
133,3359.06,0.05244,0.26097,0.03516,0.01799,0.02284,15,0
773,1194.47,0.18834,0.1956,0.08908,0.01887,0.03211,7,0
753,2306.15,0.02567,0.35341,0.0106,0.03108,0.03182,4,0
1048,4561.11,0.00594,0.34497,0.04881,0.02055,0.00437,5,0
1130,674.42,0.30501,0.31641,0.4097,0.16761,0.00238,1,1
2202,1740.08,0.26819,0.32772,0.21813,0.19522,0.0062,16,1
1418,1583.7,0.09823,0.43412,0.33063,0.13479,0.03916,8,1
875,2393.11,0.07721,0.16746,0.07368,0.02005,0.00812,21,0
391,4559.24,0.2657,0.03668,0.08242,0.03607,0.00515,21,0
951,664.11,0.04723,0.03228,0.0469,0.01868,0.02224,6,0
1893,2759.74,0.10622,0.3746,0.20658,0.20199,0.03805,15,1
1607,3901.77,0.17635,0.30667,0.15464,0.04677,0.01475,0,1
533,1565.18,0.03244,0.08578,0.08083,0.07919,0.01474,8,0
1223,1623.69,0.15444,0.54834,0.3234,0.16904,0.03797,8,1
1000,2463.6,0.19993,0.28739,0.26032,0.16132,0.02757,8,1
768,2331.24,0.14901,0.14768,0.08958,0.00084,0.00418,3,0
1231,2785.84,0.60243,0.33472,0.281,0.19404,0.02275,14,1
1081,2742.16,0.16855,0.54076,0.25014,0.20514,0.00598,0,1
1312,861.83,0.01086,0.31235,0.03306,0.02137,0.03333,22,0
1464,3782.88,0.43011,0.47395,0.17806,0.30677,0.02811,21,1
1528,4318.35,0.49799,0.51227,0.19141,0.16402,0.02249,7,1
1532,2069.59,0.2952,0.1673,0.28111,0.26473,0.03304,1,1
701,586.94,0.11805,0.07171,0.10531,0.01018,0.00986,10,0
253,1651.57,0.01941,0.26991,0.15682,0.01979,0.02458,8,0
1546,2082.55,0.12896,0.09515,0.05427,0.01214,0.01187,23,0
175,762.87,0.0243,0.00359,0.05282,0.03153,0.00838,23,0
1063,1373.94,0.08478,0.07022,0.05006,0.03557,0.00438,13,0
537,625.48,0.03383,0.06677,0.00625,0.02963,0.0396,17,0
1206,2838.44,0.22054,0.68266,0.16364,0.04007,0.00648,11,1
152,2038.58,0.13128,0.31605,0.05817,0.04317,0.03149,4,0
1947,523.85,0.20136,0.30867,0.49373,0.06765,0.02837,15,1
1234,2342.89,0.28399,0.32346,0.21735,0.06675,0.02912,12,1
669,1725.31,0.0206,0.0975,0.22398,0.04881,0.01725,18,0
2098,2651.43,0.27568,0.42116,0.47039,0.11019,0.01775,4,1
147,1341.97,0.07484,0.10106,0.05748,0.01852,0.01568,9,0
1051,986.77,0.05244,0.08816,0.0686,0.04113,0.00553,1,0
1226,1009.7,0.10413,0.97614,0.14939,0.21409,0.00331,20,1
1766,1202.21,0.19,0.47033,0.12661,0.09556,0.01791,9,1
962,1825.59,0.38358,0.31679,0.27948,0.14212,0.02038,5,1
2127,2011.25,0.11824,0.29344,0.25076,0.05881,0.00744,22,1
490,1560.1,0.07859,0.09823,0.01354,0.0377,0.02254,1,0
1246,1310.35,0.04407,0.26813,0.06775,0.00667,0.00686,11,0
1660,1382.97,0.59321,0.39885,0.25493,0.18575,0.01384,13,1
885,11805.67,0.15595,0.40919,0.18507,0.17738,0.01199,11,1
304,1009.79,0.07317,0.21013,0.02751,0.09097,0.02281,14,0
590,1184.48,0.14956,0.03947,0.05724,0.00431,0.02888,15,0
2069,21288.72,0.20326,0.60147,0.32732,0.19341,0.01142,7,1
2072,2468.34,0.1788,0.57103,0.17513,0.27357,0.00868,18,1
1934,639.42,0.11774,0.43419,0.16471,0.22278,0.00271,6,1
741,3386.52,0.27144,0.47448,0.26648,0.12259,0.00855,12,1
1498,909.61,0.28201,0.39855,0.15305,0.20089,0.03239,11,1
516,3559.37,0.30794,0.42748,0.35651,0.08063,0.03444,5,1
1817,1536.59,0.21758,0.292,0.09495,0.17639,0.03415,11,1
998,1294.26,0.16307,0.83058,0.19357,0.11995,0.02161,22,1
2008,6017.43,0.21042,0.57324,0.31259,0.17662,0.02605,18,1
1509,2752.71,0.31831,0.39815,0.11837,0.20762,0.01651,3,1
2466,3734.18,0.24901,0.42982,0.24797,0.15554,0.02863,15,1
1650,2494.22,0.25389,0.6365,0.23393,0.10789,0.03927,6,1
1506,1289.76,0.24157,0.26743,0.24224,0.20552,0.01334,20,1
986,2847.1,0.08826,0.16662,0.15856,0.01833,0.00715,16,0
360,4457.99,0.0517,0.13233,0.03543,0.01697,0.02243,16,0
853,1991.4,0.09629,0.49674,0.21658,0.09495,0.00785,21,1
1332,6951.93,0.27892,0.3056,0.46785,0.21517,0.03904,5,1
1499,3406.39,0.11241,0.1073,0.06718,0.0073,0.0306,18,0
997,2110.18,0.02706,0.11745,0.04005,0.00684,0.02145,19,0
1806,2173.64,0.164,0.61503,0.40002,0.06381,0.02778,23,1
386,1995.14,0.06527,0.10453,0.05712,0.01787,0.01471,5,0
852,704.24,0.03339,0.08191,0.03939,0.03301,0.02924,13,0
1302,1682.42,0.26629,0.27644,0.53539,0.12473,0.01495,13,1
678,2124.8,0.02183,0.29042,0.1232,0.0395,0.0327,9,0
104,1317.48,0.04328,0.03744,0.00687,0.10539,0.00531,5,0
391,2318.79,0.14386,0.52272,0.36645,0.07597,0.02547,11,1
1817,1829.0,0.16203,0.47895,0.26329,0.17069,0.02453,12,1
1224,3215.73,0.26561,0.38214,0.40164,0.10065,0.00341,6,1
1018,2959.8,0.24337,0.34429,0.28412,0.25004,0.0117,9,1
525,2040.41,0.08956,0.08265,0.0282,0.00818,0.02212,15,0
148,645.57,0.13484,0.17837,0.06929,0.02567,0.00769,12,0
2444,6895.22,0.19218,0.56708,0.19731,0.1362,0.01407,22,1
266,1618.29,0.03467,0.21795,0.20841,0.0022,0.01327,11,0
1386,1694.05,0.05058,0.15603,0.06656,0.07924,0.00637,16,0
493,1392.22,0.03415,0.00667,0.05618,0.07542,0.01369,10,0
657,1247.92,0.15352,0.21029,0.05895,0.05438,0.00897,9,0
551,5730.66,0.17125,0.37762,0.04365,0.00266,0.03253,18,0
2212,5090.21,0.13066,0.33147,0.38692,0.28313,0.01393,3,1
136,2512.01,0.23955,0.25027,0.04668,0.00938,0.0349,18,0
1498,1660.57,0.25965,0.39918,0.3242,0.07489,0.02865,18,1
560,2863.73,0.07141,0.29111,0.0085,0.01816,0.03941,10,0
863,1902.43,0.09037,0.22958,0.14458,0.08115,0.03742,13,1
411,1560.68,0.05519,0.05577,0.04918,0.01231,0.03216,20,0
1850,2319.53,0.19721,0.56464,0.15144,0.05447,0.03077,21,1
731,1292.94,0.02761,0.4599,0.08006,0.03769,0.02679,8,0
799,2174.9,0.10161,0.17173,0.19902,0.09901,0.00661,23,0
1054,2097.93,0.10328,0.65681,0.32366,0.1078,0.03887,13,1
1765,2829.18,0.03765,0.21535,0.04953,0.08912,0.0071,3,0
818,1131.38,0.30284,0.55777,0.38048,0.08201,0.02749,2,1
667,3066.05,0.07869,0.2303,0.12051,0.01416,0.00744,3,0
1100,912.15,0.16652,0.36217,0.19406,0.11564,0.00659,20,1
642,1171.59,0.11904,0.04121,0.02496,0.0289,0.02852,16,0
234,1210.57,0.20772,0.1377,0.10975,0.00121,0.02157,4,0
1119,805.53,0.1599,0.10246,0.1919,0.02167,0.02744,6,0
123,3855.63,0.06388,0.45086,0.06338,0.05165,0.03278,15,0
1146,870.23,0.20445,0.47506,0.25226,0.18091,0.00534,9,1
427,1065.67,0.16934,0.26215,0.12836,0.00801,0.03463,22,0
581,4615.14,0.05674,0.27397,0.0487,0.00082,0.00504,9,0
1381,1173.33,0.04195,0.50395,0.03786,0.02203,0.03622,8,0
1798,1563.11,0.32102,0.36306,0.13546,0.16848,0.02707,2,1
2454,842.62,0.36026,0.41862,0.30536,0.06888,0.02041,5,1
1310,3361.88,0.1829,0.25024,0.09832,0.15824,0.01961,11,1
2364,3396.82,0.24759,0.14735,0.28446,0.24114,0.00278,13,1
157,3133.02,0.15272,0.10829,0.02979,0.03983,0.01648,15,0
1144,2693.75,0.26029,0.42741,0.18415,0.17133,0.00622,20,1
1454,1902.14,0.07033,0.14164,0.01089,0.02486,0.02566,6,0
994,1214.71,0.03703,0.00523,0.10221,0.03218,0.02895,21,0
2225,976.83,0.09264,0.50301,0.1221,0.09532,0.03799,13,1
621,4736.11,0.22553,0.14711,0.05169,0.02097,0.03105,5,0
137,3194.37,0.01046,0.19179,0.05396,0.03617,0.03889,20,0
1996,1070.16,0.26486,0.42554,0.2183,0.09653,0.01065,23,1
196,1854.58,0.06458,0.01428,0.15719,0.02537,0.02818,15,0
2263,1437.21,0.14066,0.53108,0.24856,0.1523,0.01179,14,1
1341,772.31,0.07218,0.2172,0.01668,0.00807,0.00839,10,0
2352,2056.54,0.19527,0.37828,0.27251,0.0853,0.02134,15,1
1206,1318.07,0.41128,0.43409,0.17867,0.25677,0.02123,21,1
2147,881.07,0.42593,0.47447,0.19162,0.30629,0.03774,5,1
372,593.59,0.0675,0.23697,0.01001,0.06605,0.02553,16,0
827,557.07,0.07387,0.07497,0.14172,0.0544,0.01706,8,0
289,1362.36,0.02943,0.26069,0.05198,0.03058,0.02629,23,0
2064,1688.71,0.26488,0.40786,0.21111,0.13076,0.00568,2,1
1308,933.62,0.05651,0.35519,0.05134,0.06283,0.03662,1,0
2079,2932.46,0.2743,0.48582,0.3702,0.16666,0.01327,17,1
1854,1713.65,0.3176,0.36784,0.19543,0.24834,0.01002,5,1
836,2774.44,0.19738,0.60027,0.14192,0.07572,0.01919,8,1
197,1569.26,0.02406,0.01785,0.12144,0.04233,0.0224,5,0
2403,997.45,0.31416,0.21496,0.27372,0.11737,0.02659,14,1
927,1960.84,0.06038,0.48728,0.0991,0.02111,0.02797,10,0
242,698.22,0.04675,0.32411,0.07723,0.01949,0.01467,18,0
2079,2697.61,0.28735,0.37826,0.20551,0.08073,0.02598,18,1
1949,891.3,0.26166,0.21501,0.23039,0.20023,0.01075,14,1
1141,3583.93,0.18619,0.60731,0.17957,0.10716,0.03121,8,1
2266,1396.47,0.24205,0.44007,0.24116,0.1905,0.02063,3,1
142,3993.57,0.01427,0.32007,0.0239,0.05228,0.00871,21,0
240,775.55,0.07712,0.28106,0.22399,0.02252,0.01021,3,0
555,1082.7,0.13095,0.23879,0.03193,0.00756,0.03456,23,0
1318,2395.25,0.16454,0.69989,0.08582,0.15151,0.03899,10,1
715,4330.4,0.2498,0.42247,0.27222,0.06012,0.03436,3,1
263,6282.35,0.12237,0.44833,0.32001,0.13952,0.02424,10,1
1341,1856.72,0.24599,0.31763,0.27686,0.14796,0.00289,2,1
2058,7142.74,0.34505,0.64743,0.21611,0.22823,0.00349,7,1
1351,1448.51,0.10137,0.27058,0.05558,0.02086,0.0209,23,0
2347,4103.59,0.26688,0.43714,0.21683,0.14612,0.02056,1,1
1460,887.94,0.06396,0.22344,0.01257,0.15566,0.03667,18,0
1246,2466.84,0.48254,0.27916,0.17483,0.04291,0.01442,4,1
1515,310.84,0.27276,0.42259,0.32722,0.20833,0.01508,21,1
2174,776.15,0.29453,0.55128,0.26563,0.14781,0.01673,12,1
1562,2554.34,0.27089,0.34724,0.30256,0.02667,0.02238,2,1
248,672.64,0.04667,0.25022,0.22817,0.00327,0.01906,22,0
1815,2479.36,0.14706,0.76098,0.14374,0.11999,0.03233,8,1
871,3552.42,0.20673,0.33536,0.28948,0.15382,0.01705,5,1
1763,1235.9,0.06039,0.08171,0.03298,0.00952,0.03809,15,0
1015,870.29,0.17138,0.33834,0.0923,0.09923,0.01169,0,1
1982,1261.3,0.10686,0.46839,0.17642,0.2135,0.02224,22,1
153,872.34,0.09243,0.36566,0.19331,0.05822,0.01836,3,0
1213,1668.42,0.10001,0.16369,0.05796,0.00353,0.00734,2,0
1463,1943.24,0.23301,0.41225,0.2538,0.08719,0.03926,14,1
875,1430.86,0.07788,0.14955,0.05924,0.08349,0.02889,22,0
536,6318.97,0.05076,0.15811,0.04891,0.07387,0.01953,4,0
1864,1049.42,0.25431,0.43976,0.33531,0.09176,0.00833,11,1
1517,5110.83,0.34439,0.66262,0.16738,0.20647,0.0353,3,1
2294,824.36,0.16946,0.43978,0.14647,0.15536,0.01566,14,1
811,1900.98,0.07357,0.28593,0.03829,0.01762,0.01387,20,0
461,4371.54,0.36299,0.52659,0.21623,0.11209,0.00263,12,1
1990,4205.13,0.1101,0.30948,0.26805,0.1233,0.0359,13,1
984,1313.37,0.39128,0.50858,0.29089,0.11088,0.01912,11,1
544,2729.42,0.06519,0.15257,0.01012,0.02181,0.02738,22,0
2128,2468.65,0.28551,0.54513,0.24567,0.1448,0.01704,7,1
1617,1200.61,0.05962,0.1704,0.07059,0.07455,0.03912,18,0
2334,2856.93,0.16016,0.47205,0.40258,0.13909,0.0088,19,1
812,7276.54,0.11606,0.08567,0.01881,0.00999,0.03503,7,0
1381,2563.98,0.09056,0.18525,0.07989,0.01164,0.02578,7,0
643,2752.62,0.09955,0.31386,0.10928,0.07993,0.03289,13,0
2144,2979.94,0.13302,0.46441,0.307,0.27717,0.01869,15,1
1080,601.73,0.25448,0.4626,0.22141,0.08384,0.00709,7,1
169,2542.01,0.11686,0.17012,0.10969,0.03985,0.02174,2,0
798,839.64,0.05446,0.21963,0.07766,0.02688,0.0305,0,0
1456,1156.47,0.207,0.52976,0.16502,0.11032,0.01788,8,1
522,9108.82,0.07106,0.03296,0.03158,0.01382,0.03266,10,0
724,1488.61,0.04016,0.31622,0.0522,0.02402,0.03448,5,0
944,1033.2,0.08955,0.03818,0.00731,0.00711,0.03283,23,0
165,4272.6,0.02975,0.11385,0.10641,0.00212,0.01908,8,0
341,884.29,0.09827,0.10567,0.02396,0.00237,0.01616,19,0
1962,1286.88,0.20771,0.47646,0.14107,0.16653,0.02011,18,1
685,4593.19,0.00546,0.09785,0.01368,0.03321,0.01527,0,0
1126,1858.67,0.10013,0.05852,0.0415,0.02963,0.00968,0,0
1229,557.99,0.15841,0.34935,0.40199,0.08513,0.0141,8,1
1028,2706.83,0.04559,0.46299,0.06799,0.04784,0.0207,7,0
1530,1337.01,0.15099,0.44501,0.30702,0.21251,0.02443,16,1
1247,5712.61,0.21472,0.60778,0.24583,0.17083,0.0394,5,1
2245,1142.42,0.10244,0.23449,0.10453,0.08223,0.02791,16,1
2377,3959.85,0.31901,0.54924,0.42245,0.14436,0.0158,4,1
987,6817.96,0.12196,0.19971,0.1763,0.12272,0.00741,5,1
1536,950.83,0.24071,0.51164,0.09511,0.05488,0.03448,16,1
2460,1557.18,0.24915,0.56534,0.23075,0.05935,0.01425,9,1
93,2409.11,0.08239,0.10857,0.14598,0.05017,0.0378,22,0
2028,946.27,0.12117,0.28078,0.23723,0.09719,0.00937,17,1
934,2204.52,0.06717,0.12131,0.1904,0.02802,0.02199,5,0
2132,1520.59,0.0961,0.46595,0.28792,0.26114,0.02886,22,1
1526,1497.78,0.33166,0.23334,0.0698,0.15347,0.00876,22,1
1521,1867.29,0.10012,0.07778,0.0503,0.07469,0.00661,7,0
365,1898.82,0.01387,0.01827,0.02252,0.02216,0.01431,21,0
324,2035.41,0.01389,0.07147,0.15485,0.02286,0.03932,2,0
2037,1148.74,0.18973,0.4471,0.2149,0.14024,0.01785,21,1
1390,1186.97,0.09729,0.37024,0.3069,0.0695,0.01463,15,1
1485,1646.82,0.22609,0.3104,0.27656,0.045,0.01603,14,1
1046,1740.58,0.23344,0.35486,0.30358,0.15101,0.03983,10,1
469,1295.18,0.12003,0.02474,0.05112,0.01833,0.00546,22,0
2149,2295.02,0.41896,0.4263,0.11383,0.04843,0.00264,13,1
601,461.49,0.04571,0.02395,0.0358,0.04849,0.02289,10,0
1804,1040.75,0.37502,0.43427,0.15166,0.21886,0.02818,7,1
624,1459.13,0.07663,0.12671,0.07486,0.03849,0.00639,4,0
533,947.15,0.05193,0.24306,0.09355,0.01863,0.00575,14,0
537,6108.52,0.12018,0.4035,0.12352,0.1806,0.02506,4,1
1906,1825.64,0.33405,0.41159,0.28236,0.29018,0.03537,3,1
2176,2055.18,0.44526,0.50949,0.42013,0.14333,0.01449,16,1
1043,1252.78,0.12704,0.75024,0.35616,0.15384,0.01788,1,1
1331,1778.82,0.17717,0.49477,0.38773,0.15788,0.00471,10,1
1049,723.5,0.08222,0.06604,0.0629,0.03295,0.03518,20,0
739,1584.75,0.06491,0.05318,0.08341,0.09309,0.00601,15,0
2123,891.39,0.27476,0.33336,0.2823,0.08056,0.01576,0,1
527,1461.9,0.06731,0.29856,0.12821,0.07922,0.00842,0,0
181,263.91,0.11617,0.09673,0.00876,0.0026,0.01626,9,0
659,772.43,0.054,0.1769,0.06155,0.01037,0.03747,14,0
1625,5396.4,0.37754,0.44449,0.14673,0.14599,0.0277,9,1
390,3355.45,0.02652,0.34198,0.18029,0.03173,0.01128,11,0
1770,4840.73,0.31454,0.28901,0.33633,0.26736,0.03651,11,1
101,5096.62,0.03566,0.16084,0.05235,0.00931,0.02354,15,0
196,2981.8,0.00938,0.64926,0.01969,0.00395,0.02398,22,0
1505,1281.63,0.18938,0.54126,0.2874,0.15682,0.01551,17,1
1627,826.83,0.20169,0.29346,0.24237,0.22477,0.00952,9,1
587,4253.94,0.01255,0.15878,0.01929,0.03905,0.03251,23,0
524,1889.31,0.06527,0.12106,0.09147,0.06267,0.03569,15,0
455,11684.97,0.17365,0.51854,0.29915,0.06585,0.00951,20,1
1220,1368.84,0.06192,0.1378,0.0843,0.03338,0.00338,11,0
731,7904.71,0.01198,0.11573,0.16322,0.0644,0.02292,9,0
284,1600.3,0.00362,0.23626,0.02149,0.01879,0.03751,15,0
767,4902.88,0.01687,0.14469,0.15386,0.01222,0.01474,9,0
2076,6425.7,0.08043,0.6321,0.093,0.21056,0.02579,23,1
529,835.75,0.13668,0.29225,0.05734,0.00651,0.00765,1,0
1618,1251.12,0.09505,0.12775,0.18244,0.05586,0.03257,21,0
525,829.49,0.00948,0.06597,0.0482,0.00074,0.02384,15,0
399,715.57,0.16766,0.1575,0.0109,0.0025,0.02346,22,0
528,2968.59,0.04593,0.11676,0.01145,0.02277,0.02053,20,0
636,1553.2,0.01256,0.10065,0.03398,0.00717,0.02825,19,0
401,1872.1,0.39112,0.50703,0.2546,0.12652,0.01189,7,1
1090,2731.81,0.00984,0.16727,0.12869,0.01324,0.03515,15,0
1474,446.97,0.22442,0.20433,0.19051,0.13072,0.02743,21,1
1315,4724.97,0.04494,0.17935,0.13684,0.02026,0.02238,14,0
924,1385.37,0.09491,0.04291,0.05387,0.01709,0.03842,4,0
1147,2683.41,0.17616,0.53907,0.20986,0.10614,0.02501,14,1
1635,2867.16,0.25037,0.2175,0.18429,0.2564,0.03771,17,1
878,5032.33,0.44073,0.33976,0.16308,0.11344,0.00853,5,1
2086,1663.87,0.20317,0.39665,0.23584,0.10232,0.00703,12,1
259,366.07,0.07543,0.24813,0.0606,0.02472,0.00902,19,0
1321,1878.8,0.14636,0.18302,0.08374,0.00213,0.03387,12,0
2422,2092.41,0.30765,0.65767,0.16192,0.05461,0.02495,16,1
1585,828.69,0.12977,0.61023,0.18532,0.23788,0.03978,2,1
1013,2010.54,0.37164,0.21422,0.29766,0.05256,0.00837,16,1
620,1373.03,0.06331,0.09124,0.10081,0.01225,0.02337,7,0
1580,657.52,0.07383,0.08887,0.04643,0.01824,0.00652,16,0
1320,2978.44,0.16172,0.27946,0.15981,0.24926,0.03524,7,1
909,1179.38,0.01476,0.19109,0.04133,0.00756,0.03417,17,0
1883,1327.11,0.26366,0.28415,0.30045,0.13065,0.03218,17,1
1666,1272.33,0.01992,0.19107,0.01699,0.01962,0.01099,3,0
1959,4546.67,0.18919,0.50314,0.3763,0.18188,0.01897,20,1
742,1745.6,0.12551,0.38868,0.24617,0.09135,0.03484,21,1
2417,1910.02,0.33528,0.25657,0.09723,0.14856,0.02614,5,1
276,1293.45,0.05702,0.14349,0.14993,0.02738,0.00555,4,0
1704,2547.05,0.33869,0.32879,0.15164,0.1715,0.03267,19,1
2151,4951.92,0.44891,0.52509,0.34879,0.14616,0.01652,15,1
1206,2926.13,0.13322,0.23872,0.04693,0.05708,0.00618,10,0
1709,3013.0,0.01308,0.22538,0.03499,0.03391,0.01911,11,0
672,2836.18,0.18996,0.09532,0.02306,0.11621,0.0041,10,0
1066,639.29,0.26249,0.37308,0.12207,0.25725,0.00469,5,1
641,933.04,0.04036,0.07186,0.27629,0.0523,0.01672,13,0
1462,1543.49,0.30481,0.26192,0.08274,0.08462,0.03316,21,1
2064,1044.34,0.35893,0.40392,0.08735,0.14431,0.00448,9,1
858,810.08,0.00019,0.12319,0.08231,0.04285,0.01807,9,0
2099,442.04,0.22848,0.38362,0.13765,0.12686,0.02381,4,1
795,655.66,0.06753,0.08186,0.12842,0.0042,0.03533,19,0
952,1484.97,0.24099,0.72845,0.31435,0.12615,0.024,3,1
406,1708.67,0.11571,0.20233,0.01851,0.04905,0.02202,9,0
1163,993.02,0.22127,0.56545,0.23409,0.137,0.01917,14,1
2322,1909.77,0.08919,0.58818,0.27861,0.0813,0.02276,22,1
2110,1300.06,0.37398,0.41433,0.30471,0.1576,0.02428,14,1
515,4078.45,0.16869,0.05173,0.03441,0.04014,0.03877,0,0
1258,1594.51,0.18172,0.28611,0.07668,0.20576,0.01982,6,1
1887,3034.46,0.24222,0.34231,0.17261,0.11579,0.00855,21,1
1277,2096.35,0.20232,0.31884,0.16748,0.15341,0.01765,3,1
195,628.91,0.04685,0.09582,0.04099,0.02071,0.02669,22,0
1096,1681.68,0.00549,0.212,0.10549,0.09123,0.01341,2,0
146,712.53,0.1889,0.05329,0.02482,0.06555,0.03183,20,0
280,1659.8,0.03207,0.20716,0.07456,0.01617,0.03593,1,0
1580,1029.36,0.27469,0.4282,0.15488,0.09308,0.0248,13,1
256,2397.1,0.02023,0.26863,0.00794,0.1051,0.03771,11,0
663,657.72,0.09916,0.25708,0.11195,0.00407,0.00601,23,0
1868,1819.96,0.36048,0.35845,0.26746,0.21239,0.01659,10,1
2049,2765.16,0.18637,0.51885,0.16211,0.06753,0.00531,7,1
846,3555.46,0.09372,0.22442,0.05244,0.00362,0.02427,9,0
241,1014.77,0.01612,0.25394,0.00773,0.01672,0.02931,16,0
2311,1824.12,0.28763,0.55904,0.16411,0.04927,0.00729,4,1
1874,2066.58,0.26687,0.48239,0.20068,0.13477,0.00345,13,1
1990,5743.86,0.20772,0.32226,0.27918,0.08581,0.0387,7,1
1367,592.61,0.09586,0.37758,0.00878,0.00971,0.03451,4,0
1571,908.88,0.1465,0.46861,0.48767,0.16686,0.0092,4,1
2209,14748.38,0.25701,0.31464,0.32428,0.12521,0.01788,14,1
919,1466.62,0.06678,0.19429,0.1359,0.0152,0.00415,16,0
777,435.85,0.11355,0.44563,0.21744,0.11529,0.01361,9,1
1737,1162.85,0.2322,0.40762,0.34633,0.19133,0.01027,17,1
906,225.63,0.14259,0.3527,0.15149,0.13199,0.01924,3,1
2223,2156.48,0.19559,0.44212,0.13158,0.27553,0.00779,16,1
713,3303.97,0.02628,0.37053,0.05927,0.01863,0.03971,7,0
1575,908.5,0.06681,0.20055,0.03308,0.01992,0.00623,15,0
1676,1264.58,0.26313,0.39878,0.20448,0.08938,0.02961,0,1
883,3598.54,0.04822,0.25773,0.03951,0.00976,0.01375,17,0
1165,484.39,0.22775,0.36137,0.30625,0.10277,0.03572,23,1
2041,668.05,0.17224,0.33273,0.05903,0.13893,0.00408,12,1
813,1516.95,0.23472,0.35979,0.35166,0.15129,0.03324,0,1
1106,1023.81,0.31703,0.14853,0.25784,0.08011,0.0114,18,1
714,1443.96,0.16164,0.3099,0.02181,0.01273,0.0349,11,0
1014,697.66,0.01096,0.21165,0.04669,0.0026,0.02238,8,0
517,2113.87,0.08073,0.06928,0.13273,0.00734,0.00434,0,0
1624,1609.4,0.12059,0.28101,0.25484,0.29885,0.00707,20,1
743,2717.41,0.05104,0.0747,0.04564,0.04041,0.02988,10,0
403,2091.93,0.17853,0.33497,0.02641,0.09504,0.02095,5,0
418,2101.82,0.0204,0.09775,0.02901,0.0154,0.03566,16,0
1647,608.39,0.32453,0.47154,0.12427,0.16349,0.01762,22,1
530,2604.47,0.0227,0.24191,0.02284,0.01007,0.03803,14,0
608,1404.44,0.10933,0.08737,0.12026,0.07016,0.0121,1,0
1489,1588.58,0.22319,0.67306,0.21102,0.03594,0.01414,12,1
647,3951.06,0.06817,0.15791,0.02277,0.00066,0.02128,15,0
1099,1049.39,0.18703,0.68974,0.19388,0.19853,0.01099,3,1
887,4958.86,0.14878,0.26105,0.23846,0.13566,0.01417,19,1
1175,5318.24,0.29641,0.47869,0.35329,0.04589,0.01293,11,1
1832,3165.7,0.25497,0.33264,0.2694,0.20619,0.03882,10,1
1363,862.71,0.13898,0.53958,0.13555,0.03777,0.03091,4,1
2484,349.26,0.14128,0.31951,0.10501,0.18834,0.00623,9,1
1779,4042.7,0.15466,0.51061,0.23589,0.16902,0.00667,12,1
108,1956.83,0.24299,0.29379,0.05219,0.01799,0.03266,20,0
1045,1029.31,0.30672,0.31781,0.29759,0.11136,0.02329,7,1
578,4340.36,0.31523,0.29101,0.04751,0.06305,0.00978,14,0
1090,943.29,0.10392,0.34323,0.08098,0.00664,0.01957,11,0
659,1309.53,0.24743,0.42532,0.28286,0.16266,0.03857,18,1
1974,2668.33,0.19379,0.26251,0.25466,0.11977,0.03039,4,1
594,780.82,0.15223,0.08881,0.01189,0.01352,0.0266,22,0
977,1658.11,0.00924,0.06495,0.011,0.0849,0.03092,6,0
291,4074.06,0.20441,0.0694,0.05013,0.03502,0.03804,12,0
2447,2108.8,0.16657,0.39284,0.1647,0.18836,0.02448,14,1
2209,4587.6,0.28469,0.31344,0.18265,0.10255,0.02977,8,1
1594,4212.21,0.1315,0.6096,0.27459,0.17317,0.02013,5,1
1468,1810.48,0.28158,0.43305,0.14085,0.13275,0.032,23,1
180,311.99,0.16769,0.27789,0.17227,0.05774,0.02684,12,0
1302,785.42,0.00083,0.147,0.07593,0.07229,0.01879,4,0
1274,3190.85,0.27166,0.27039,0.22807,0.24782,0.03812,21,1
2030,562.76,0.1872,0.43621,0.28479,0.13471,0.01352,18,1
1281,1408.84,0.02719,0.197,0.11595,0.01869,0.03702,0,0
1006,2320.19,0.14072,0.16526,0.08709,0.08242,0.00959,23,0
2455,5419.29,0.15896,0.20364,0.26882,0.19491,0.03264,17,1
1715,1169.44,0.13668,0.38638,0.29493,0.10907,0.02239,20,1
868,1110.9,0.01826,0.17917,0.05183,0.00989,0.02405,14,0
112,1730.57,0.08025,0.1102,0.06672,0.04189,0.01116,20,0
239,2341.92,0.0123,0.1174,0.01044,0.01178,0.01966,23,0
1197,1603.36,0.21054,0.60798,0.30846,0.2343,0.01888,12,1
1737,3954.04,0.33454,0.3613,0.24688,0.15122,0.03408,23,1
131,988.5,0.02136,0.23903,0.0297,0.03586,0.02972,0,0
297,1969.75,0.03994,0.0675,0.06133,0.01048,0.02192,19,0
1291,2513.55,0.08921,0.09209,0.06394,0.02378,0.03384,7,0
1372,1333.24,0.01384,0.27958,0.07153,0.00819,0.02901,20,0
131,3378.96,0.01789,0.1245,0.02854,0.06435,0.03928,13,0
953,2012.76,0.01211,0.19433,0.12246,0.04121,0.01003,14,0
219,3252.49,0.02699,0.00281,0.07153,0.00955,0.01557,21,0
2082,2082.07,0.21389,0.41999,0.18607,0.09986,0.0257,9,1
2136,2387.13,0.18969,0.3704,0.11177,0.04354,0.0365,19,1
2347,1120.18,0.35046,0.34559,0.43211,0.13172,0.02856,16,1
1108,1121.55,0.09065,0.04549,0.04861,0.00661,0.02357,8,0
2048,4509.04,0.14776,0.29714,0.11645,0.16506,0.01309,3,1
2119,2899.16,0.20654,0.37909,0.2421,0.09064,0.02872,3,1
1133,835.74,0.13375,0.10598,0.03705,0.10688,0.02791,16,0
1003,2061.5,0.17888,0.36932,0.21283,0.38782,0.03454,4,1
1377,303.45,0.0517,0.08354,0.08095,0.01845,0.01889,14,0
1663,1170.38,0.24922,0.27708,0.30046,0.09994,0.00661,5,1
1980,3700.83,0.1575,0.69284,0.27062,0.09378,0.00708,4,1
1779,1638.74,0.30411,0.46251,0.12478,0.15051,0.03269,3,1
1841,1966.43,0.24971,0.52015,0.16677,0.17741,0.00623,7,1
157,187.4,0.0272,0.16016,0.27093,0.02425,0.02324,16,0
142,1341.24,0.02863,0.21723,0.07368,0.05737,0.01837,4,0
1099,2319.82,0.22028,0.28589,0.22386,0.1088,0.01367,8,1
1036,2551.69,0.05052,0.53261,0.04931,0.0039,0.03326,3,0
1907,3704.52,0.20691,0.40222,0.29515,0.27132,0.00561,14,1
451,1537.4,0.2076,0.17614,0.04065,0.00779,0.02365,9,0
347,1589.7,0.05032,0.179,0.13441,0.02799,0.01623,19,0
2340,662.79,0.21817,0.27986,0.22971,0.09551,0.00523,22,1
1950,1544.03,0.1926,0.6132,0.1266,0.17418,0.03084,0,1
1348,698.8,0.23338,0.14138,0.39119,0.1661,0.01685,4,1
1054,450.18,0.1465,0.59905,0.24988,0.09606,0.01219,11,1
802,797.64,0.02834,0.26469,0.03142,0.00502,0.03134,2,0
115,5580.62,0.17598,0.16538,0.04828,0.02293,0.00839,23,0
403,1469.42,0.09887,0.21698,0.02069,0.01453,0.03758,23,0
1960,2122.71,0.13946,0.47178,0.34713,0.20456,0.01123,3,1
663,1224.66,0.08925,0.07861,0.097,0.00567,0.01991,10,0
1291,469.95,0.00828,0.28609,0.14232,0.05748,0.01372,8,0
1428,3632.32,0.21843,0.43036,0.28627,0.1875,0.02574,7,1
612,352.97,0.03796,0.14365,0.21619,0.04674,0.03661,8,0
431,1187.31,0.07305,0.23349,0.21449,0.01191,0.01339,14,0
1513,1727.76,0.16219,0.40835,0.20902,0.05499,0.01193,12,1
240,2139.67,0.00282,0.21769,0.03769,0.05653,0.02278,21,0
931,1043.87,0.11708,0.33726,0.03279,0.04311,0.01069,11,0
2163,453.53,0.20608,0.20474,0.05539,0.157,0.00296,19,1
1303,987.05,0.04676,0.14704,0.09651,0.00067,0.03196,3,0
1394,1026.56,0.09417,0.34668,0.05123,0.01955,0.03,5,0
223,1008.0,0.02641,0.14188,0.20527,0.04203,0.02973,8,0
423,3725.98,0.04758,0.10691,0.10585,0.01182,0.02629,14,0
553,724.4,0.08005,0.11107,0.0259,0.03942,0.0357,11,0
1449,2255.84,0.16126,0.55732,0.33488,0.18492,0.02417,10,1
413,2026.9,0.09546,0.17718,0.02631,0.10507,0.0252,12,0
2186,3699.24,0.18465,0.2496,0.15826,0.0438,0.03247,15,1
363,1628.95,0.08488,0.04461,0.04711,0.01525,0.03485,2,0
1671,3258.07,0.30161,0.46728,0.3411,0.05915,0.03383,2,1
1211,1581.89,0.15685,0.4754,0.18432,0.10452,0.02765,19,1
1130,2493.23,0.07433,0.07895,0.04061,0.01153,0.00695,20,0
449,583.09,0.06542,0.29051,0.02399,0.08905,0.01751,14,0
1082,248.85,0.27247,0.47784,0.33847,0.20148,0.01911,19,1
1123,2389.17,0.11549,0.03796,0.10497,0.1104,0.0269,9,0
594,2487.24,0.02783,0.10058,0.0373,0.0058,0.02893,14,0
1733,2571.3,0.19296,0.74646,0.29567,0.20163,0.02346,15,1
147,1214.2,0.0357,0.17019,0.09646,0.01261,0.00458,2,0
205,5501.82,0.00905,0.05485,0.16134,0.03137,0.00767,12,0
1555,1274.91,0.14911,0.26263,0.30406,0.09705,0.00374,21,1
1825,2468.09,0.10239,0.54183,0.19118,0.13655,0.03668,13,1
154,2811.63,0.00908,0.47408,0.16547,0.00961,0.00681,16,0
1980,6532.84,0.23705,0.41703,0.24407,0.0705,0.01802,12,1
88,1419.09,0.07781,0.03736,0.03682,0.00743,0.00688,7,0
2453,1102.84,0.18515,0.40232,0.22961,0.07538,0.01803,8,1
1817,585.19,0.18672,0.20248,0.1716,0.192,0.00283,15,1
2019,5766.48,0.21282,0.43082,0.23551,0.15598,0.02258,17,1
2038,2469.08,0.34225,0.39102,0.26548,0.16024,0.02557,11,1
618,2528.39,0.07287,0.05103,0.08017,0.03653,0.03005,11,0
1503,18640.09,0.27117,0.40928,0.26858,0.21503,0.00218,15,1
442,2296.92,0.02617,0.14108,0.00664,0.01895,0.03774,20,0
1688,677.77,0.28645,0.30708,0.34199,0.1866,0.01435,13,1
492,1554.04,0.02552,0.13391,0.07651,0.01058,0.00235,11,0
915,866.49,0.16207,0.22036,0.06428,0.01608,0.02777,5,0
1921,1337.61,0.3507,0.43758,0.24942,0.22157,0.03268,16,1
830,1330.89,0.01443,0.27249,0.06193,0.00376,0.01961,11,0
238,1158.95,0.14941,0.25589,0.11492,0.00671,0.03228,22,0
857,633.07,0.20617,0.51468,0.24826,0.18074,0.00299,12,1
2189,5942.7,0.13282,0.41784,0.30849,0.18159,0.00934,3,1
977,2252.23,0.01667,0.05285,0.02168,0.04438,0.01944,11,0
1043,1519.96,0.11229,0.49229,0.02934,0.01113,0.01952,6,0
821,3177.25,0.00632,0.15103,0.01263,0.0301,0.0283,13,0
1419,2562.77,0.15077,0.36782,0.13777,0.08757,0.01969,20,1
1108,2213.46,0.0872,0.09359,0.06018,0.09132,0.03912,1,0
1168,3008.78,0.00371,0.06964,0.04866,0.02585,0.01485,17,0
2017,1990.21,0.25448,0.39985,0.29014,0.10135,0.00403,21,1
1970,2975.62,0.28262,0.32259,0.07317,0.1678,0.03137,22,1
1791,3166.48,0.07047,0.26565,0.04815,0.13499,0.02139,9,0
1872,2033.64,0.2616,0.54404,0.38031,0.07484,0.01556,22,1
215,1525.76,0.02143,0.24703,0.1662,0.09796,0.03043,15,0
1125,5672.25,0.24851,0.5759,0.31932,0.03761,0.00342,17,1
741,1257.8,0.06865,0.2465,0.02633,0.00411,0.03247,14,0
85,2413.97,0.03672,0.16669,0.02633,0.03833,0.00509,7,0
390,2455.22,0.00644,0.09085,0.07915,0.00661,0.01187,21,0
1509,1139.53,0.15725,0.36814,0.198,0.1255,0.02283,0,1
685,982.08,0.11233,0.22884,0.05816,0.0809,0.00454,20,0
1092,1380.43,0.28371,0.49702,0.12419,0.05761,0.02301,15,1
574,1244.36,0.03523,0.05059,0.05177,0.00341,0.0044,18,0
1166,603.02,0.19588,0.43935,0.15974,0.21363,0.00543,14,1
380,1104.25,0.11221,0.15623,0.05849,0.07041,0.00255,13,0
254,2197.79,0.06891,0.22162,0.01369,0.04268,0.00988,13,0
2225,4651.75,0.16179,0.3812,0.32579,0.1828,0.02805,12,1
2303,2728.03,0.24919,0.49526,0.13701,0.06497,0.00836,2,1
933,256.18,0.05515,0.19325,0.02741,0.00488,0.00502,8,0
1970,2911.78,0.25965,0.49231,0.33326,0.24195,0.03936,7,1
1995,1184.32,0.28107,0.50082,0.1774,0.09403,0.03868,8,1
2036,2528.43,0.16354,0.70674,0.28528,0.07914,0.01099,4,1
445,1781.02,0.32749,0.57349,0.23336,0.17134,0.00622,3,1
2161,1557.79,0.25793,0.44689,0.15924,0.16061,0.03405,18,1
195,1667.14,0.03838,0.29022,0.0338,0.00447,0.02603,8,0
125,1769.98,0.04466,0.34307,0.03222,0.0275,0.00275,0,0
1665,4933.71,0.45896,0.3939,0.09897,0.12225,0.03145,18,1
1832,1773.65,0.2555,0.32553,0.3836,0.09247,0.03224,8,1
218,4063.07,0.0477,0.14801,0.0819,0.0475,0.00213,13,0
583,3642.67,0.08646,0.20316,0.12129,0.0495,0.01522,21,0
531,2968.54,0.01299,0.18525,0.0726,0.07279,0.01585,11,0
1069,471.34,0.26028,0.85496,0.31013,0.11055,0.00483,23,1
2141,4158.94,0.25022,0.22772,0.32462,0.0605,0.02067,19,1
1102,1276.8,0.29055,0.53956,0.37624,0.17403,0.00772,14,1
439,3078.93,0.07372,0.14994,0.06838,0.03349,0.00255,15,0
290,867.96,0.1603,0.19126,0.01095,0.0125,0.00327,13,0
420,740.06,0.31584,0.11763,0.03217,0.00368,0.02666,10,0
815,7925.44,0.19963,0.4434,0.37778,0.05403,0.03341,22,1
1066,878.14,0.05831,0.06516,0.06141,0.0224,0.00672,3,0
1490,4251.9,0.33234,0.46663,0.1591,0.13726,0.0087,23,1
936,1967.18,0.04777,0.12029,0.04905,0.0647,0.0235,23,0
2263,1313.5,0.29069,0.64618,0.28284,0.156,0.01655,6,1
1078,1740.49,0.02042,0.07809,0.01369,0.03091,0.01521,5,0
346,678.39,0.05991,0.12646,0.01352,0.03396,0.01932,7,0
727,1781.53,0.05126,0.17491,0.06374,0.02561,0.02214,17,0
617,799.1,0.09727,0.51179,0.04711,0.00568,0.03235,19,0
1502,1338.04,0.12206,0.23256,0.05044,0.01111,0.03252,0,0
608,3602.98,0.09185,0.40369,0.01015,0.00114,0.02581,23,0
318,2178.05,0.0404,0.29014,0.01034,0.03896,0.00848,18,0
1702,592.24,0.06948,0.32063,0.26902,0.19242,0.00811,2,1
1466,3408.94,0.28711,0.29225,0.05047,0.16056,0.02473,17,1
244,1790.44,0.02802,0.1588,0.05278,0.01331,0.02244,5,0
1266,1198.59,0.01222,0.22523,0.10647,0.08635,0.01211,15,0
1087,3151.23,0.24258,0.39421,0.21574,0.0774,0.02627,0,1
2398,1587.85,0.23985,0.4146,0.27724,0.14113,0.02012,5,1
2339,750.92,0.19587,0.50179,0.24919,0.06155,0.01409,7,1
974,7196.85,0.17286,0.27992,0.25746,0.08286,0.03018,21,1
1035,1776.81,0.06017,0.10498,0.0744,0.01211,0.0279,23,0
1056,1693.42,0.04445,0.12128,0.10759,0.06812,0.02251,8,0
1203,1328.38,0.07312,0.2318,0.00684,0.00271,0.03814,8,0
198,4361.26,0.07887,0.03578,0.03731,0.0114,0.02701,6,0
1460,1214.25,0.23033,0.42993,0.25796,0.20479,0.03916,20,1
372,564.99,0.03497,0.03581,0.0156,0.08722,0.02179,3,0
1813,1081.96,0.07193,0.63079,0.10913,0.12421,0.02276,23,1
198,4868.9,0.14995,0.08649,0.09267,0.01023,0.0162,13,0
1829,3359.81,0.12751,0.63954,0.24526,0.16038,0.0043,9,1
1431,1486.65,0.22743,0.35026,0.37025,0.03566,0.03873,18,1
2416,5041.62,0.12829,0.20633,0.28809,0.17641,0.02394,11,1
878,3154.23,0.10308,0.4691,0.31135,0.0501,0.01414,4,1
950,1473.8,0.21224,0.45027,0.20695,0.08079,0.0046,19,1
1476,1589.4,0.15792,0.73985,0.29316,0.1353,0.00731,11,1
82,2304.3,0.09141,0.12244,0.02348,0.03381,0.03891,18,0
194,964.52,0.08386,0.13763,0.05252,0.00415,0.01609,21,0
2372,1806.09,0.233,0.52582,0.25454,0.15958,0.03332,2,1
1563,2268.62,0.02044,0.03614,0.11878,0.07602,0.00999,17,0
1487,507.92,0.36111,0.54828,0.17124,0.17706,0.00552,18,1
2411,1561.73,0.44137,0.39714,0.27635,0.20382,0.03332,5,1
957,1434.04,0.25031,0.5019,0.26165,0.13605,0.02797,1,1
232,3891.67,0.18625,0.21894,0.02096,0.05549,0.03761,9,0
597,451.32,0.15455,0.06552,0.02506,0.10829,0.03194,7,0
120,1352.1,0.00798,0.30418,0.02539,0.00613,0.02174,2,0
2132,1254.17,0.24186,0.36635,0.30228,0.33752,0.02739,2,1
176,3698.18,0.01888,0.18721,0.05173,0.09175,0.03321,1,0
1015,1742.16,0.07637,0.07629,0.07712,0.01402,0.03848,21,0
2022,6923.06,0.10365,0.47878,0.2094,0.18517,0.01528,16,1
2028,2957.8,0.09322,0.33926,0.13858,0.18117,0.03347,0,1
483,1323.29,0.09574,0.4713,0.05449,0.04246,0.01308,2,0
888,2154.44,0.09032,0.04107,0.01308,0.02527,0.02421,16,0
1023,1380.21,0.08934,0.19759,0.00342,0.06334,0.02557,15,0
1400,3429.22,0.15399,0.17507,0.05266,0.01274,0.00208,8,0
1379,662.75,0.08669,0.49982,0.1785,0.23334,0.02707,21,1
1426,970.46,0.24655,0.48718,0.29026,0.20624,0.0211,8,1
1940,2533.38,0.19714,0.32541,0.114,0.17924,0.01557,2,1
1604,4513.64,0.18914,0.13826,0.0339,0.03349,0.02936,10,0
1547,345.18,0.43048,0.34179,0.23605,0.10745,0.02741,5,1
804,5046.22,0.31489,0.67302,0.15429,0.20393,0.02637,3,1
1149,1620.42,0.23125,0.66909,0.14313,0.11646,0.01862,1,1
1609,438.18,0.12632,0.1403,0.01434,0.0749,0.00833,20,0
2156,189.47,0.22329,0.3738,0.31674,0.1151,0.02848,14,1
957,571.64,0.24822,0.8229,0.22762,0.20311,0.03857,8,1
338,1773.59,0.00981,0.29353,0.10273,0.03382,0.03143,6,0
1174,1713.2,0.19731,0.4078,0.12033,0.2209,0.0128,2,1
1893,2894.14,0.16651,0.45932,0.20075,0.22789,0.01633,14,1
2336,1192.05,0.09903,0.61541,0.34833,0.07906,0.02238,17,1
169,784.08,0.11493,0.25857,0.19083,0.03357,0.03685,18,0
579,1320.45,0.06614,0.15679,0.08661,0.01385,0.03429,15,0
1175,1845.95,0.21315,0.36241,0.40944,0.15523,0.01165,8,1
248,2140.13,0.05471,0.45967,0.0531,0.05823,0.01265,12,0
2098,995.92,0.14839,0.15077,0.30711,0.22227,0.03464,3,1
272,3539.1,0.13188,0.10837,0.14378,0.05524,0.02846,2,0
1224,1129.46,0.04755,0.30225,0.07547,0.02586,0.03264,1,0
2383,937.53,0.29029,0.59741,0.27921,0.22243,0.00394,0,1
1495,1198.41,0.22293,0.42372,0.21186,0.18324,0.02797,14,1
1392,4030.61,0.05331,0.01217,0.04592,0.02816,0.03592,3,0
985,1629.36,0.18993,0.59455,0.18065,0.14845,0.02265,1,1
1857,1069.19,0.28035,0.19017,0.26118,0.20862,0.03077,18,1
799,3605.16,0.18075,0.30183,0.03905,0.03619,0.00624,16,0
917,8978.64,0.25794,0.28268,0.4003,0.24193,0.03314,13,1
710,2106.54,0.0299,0.42275,0.02312,0.01971,0.00401,1,0
1387,4541.1,0.41472,0.30787,0.25772,0.11117,0.0218,21,1
976,3915.12,0.00289,0.02208,0.07839,0.00158,0.00958,6,0
535,1142.89,0.04734,0.24047,0.01162,0.0176,0.03996,9,0
875,1836.32,0.04121,0.12445,0.08174,0.01792,0.02603,19,0
1041,687.89,0.07321,0.35764,0.54964,0.26685,0.03988,0,1
1136,1543.54,0.19042,0.38956,0.21568,0.16676,0.03051,19,1
1973,1125.41,0.14536,0.31735,0.24641,0.1948,0.02049,4,1
605,1330.59,0.10622,0.04955,0.14322,0.03391,0.0366,6,0
1397,1025.69,0.0567,0.08344,0.0933,0.09018,0.0119,22,0
1159,1451.31,0.11579,0.52688,0.24778,0.15696,0.03908,11,1
1567,2683.07,0.08245,0.16156,0.03068,0.01545,0.00769,13,0
707,1645.7,0.12163,0.40574,0.21067,0.02187,0.02138,14,0
149,444.64,0.15812,0.14063,0.09797,0.01429,0.03519,17,0
337,1028.6,0.01179,0.14173,0.11743,0.06675,0.0255,13,0
1466,575.93,0.00253,0.1172,0.03774,0.09574,0.03275,21,0
1995,2161.56,0.18626,0.33796,0.30814,0.19448,0.02434,21,1
444,2625.51,0.02743,0.2261,0.13676,0.00984,0.02042,17,0
1115,2181.9,0.03287,0.04286,0.01776,0.02602,0.03242,12,0
1588,997.24,0.13508,0.6413,0.22062,0.1327,0.01614,9,1
310,2166.1,0.19262,0.38809,0.05189,0.03597,0.02845,14,0
857,1265.16,0.09984,0.07096,0.03009,0.00288,0.00422,16,0
1273,766.53,0.04174,0.08034,0.09231,0.00605,0.01256,16,0
1743,3140.04,0.06934,0.16857,0.05574,0.02261,0.03795,18,0
1537,3324.46,0.05007,0.05632,0.08116,0.01263,0.01867,9,0
864,3667.31,0.092,0.53806,0.16376,0.23128,0.02647,23,1
488,1140.57,0.00225,0.10567,0.04772,0.03527,0.00712,20,0
831,4359.29,0.02583,0.12582,0.00026,0.04413,0.00306,21,0
339,1243.09,0.07084,0.07696,0.19317,0.06816,0.01703,3,0
1377,2938.54,0.24648,0.37103,0.17163,0.20007,0.00905,21,1
94,1227.04,0.08087,0.12825,0.08229,0.00868,0.01799,17,0
603,1521.66,0.35085,0.19355,0.33368,0.19035,0.01645,18,1
161,292.85,0.27773,0.02292,0.0125,0.10121,0.02449,3,0
588,1435.27,0.07593,0.2989,0.02527,0.00212,0.03027,19,0
1729,1927.27,0.14344,0.43139,0.36974,0.08733,0.01658,5,1
384,1323.46,0.01478,0.11177,0.04161,0.10645,0.02534,16,0
2124,6718.92,0.10799,0.27285,0.04559,0.20646,0.00527,19,1
1088,752.72,0.22509,0.55603,0.42664,0.22419,0.01101,0,1
157,1179.51,0.05401,0.17705,0.07135,0.03416,0.03321,15,0
657,913.14,0.119,0.31805,0.07962,0.03783,0.03252,19,0
1759,1179.34,0.25423,0.5379,0.14235,0.17624,0.01214,15,1
896,3901.44,0.20453,0.46988,0.05253,0.26266,0.03828,23,1
203,5453.79,0.03965,0.18392,0.15117,0.03796,0.03708,8,0
2438,1064.17,0.24072,0.31386,0.36828,0.09863,0.03271,16,1
1678,1046.58,0.38819,0.44604,0.43457,0.15876,0.01286,22,1
670,755.74,0.13841,0.23087,0.02791,0.01431,0.01326,7,0
2181,4794.65,0.26436,0.78707,0.35789,0.20871,0.02286,7,1
2106,4172.6,0.17924,0.63821,0.2529,0.20514,0.01139,15,1
888,1662.46,0.11819,0.51236,0.20846,0.22397,0.02505,3,1
1851,631.73,0.19981,0.64608,0.31056,0.04884,0.01843,22,1
98,675.56,0.11981,0.27343,0.03443,0.07092,0.01664,8,0
785,2045.74,0.20899,0.28777,0.08429,0.0733,0.02955,1,1
1833,2717.71,0.28844,0.2138,0.28313,0.10254,0.02292,3,1
419,382.2,0.0223,0.02494,0.17977,0.02921,0.0095,19,0
2354,1414.54,0.24015,0.66285,0.33852,0.12423,0.01261,23,1
1900,6058.78,0.3102,0.39681,0.3467,0.15466,0.02684,8,1
523,1529.06,0.03529,0.16219,0.05104,0.01864,0.00277,22,0
1271,5501.47,0.15098,0.32844,0.13547,0.14911,0.03907,13,1
405,2928.74,0.08787,0.15248,0.05203,0.03549,0.01919,18,0
946,798.18,0.11432,0.22203,0.02755,0.03804,0.03499,12,0
293,1445.25,0.17001,0.17899,0.10561,0.041,0.034,17,0
752,1634.38,0.10101,0.1545,0.11259,0.02511,0.0284,20,0
1035,881.09,0.0207,0.20867,0.00598,0.01483,0.03439,2,0
1606,869.69,0.11694,0.27992,0.15252,0.27964,0.00903,4,1
1526,5572.61,0.11095,0.3139,0.27099,0.07044,0.03004,9,1
460,864.82,0.06326,0.14002,0.01286,0.05092,0.01811,1,0
1924,4041.49,0.1035,0.2263,0.16214,0.08372,0.0311,7,1
1269,1297.48,0.13078,0.11804,0.0133,0.02657,0.03535,19,0
1937,1765.72,0.15468,0.28551,0.09752,0.09854,0.01451,2,1
1251,2743.32,0.15301,0.30535,0.25608,0.11407,0.01593,17,1
1615,1148.97,0.03988,0.17376,0.0296,0.03743,0.02543,20,0
750,2755.82,0.03544,0.26447,0.05714,0.02149,0.01334,21,0
1913,387.89,0.17278,0.51954,0.17484,0.19744,0.02772,22,1
582,2503.19,0.19778,0.63805,0.23172,0.19418,0.01282,14,1
505,282.63,0.03516,0.17385,0.24047,0.04577,0.02021,16,0
986,1518.39,0.01828,0.08617,0.0601,0.03592,0.03945,12,0
1036,3416.0,0.21374,0.06549,0.10042,0.00511,0.02369,4,0
2254,2870.56,0.42444,0.39459,0.13851,0.23191,0.02263,21,1
591,679.76,0.11451,0.19733,0.09741,0.02617,0.02293,20,0
1580,748.67,0.10588,0.27248,0.04597,0.02636,0.02496,15,0
1506,1073.88,0.20013,0.31269,0.38688,0.08274,0.02272,17,1
1267,2069.79,0.14296,0.5035,0.25702,0.13086,0.01327,15,1
2523,392.13,0.06113,0.27314,0.15793,0.19365,0.0132,2,1
1579,1782.24,0.26078,0.52033,0.5406,0.12703,0.03596,5,1
1479,2273.59,0.20993,0.21299,0.30141,0.14177,0.01143,16,1
2081,1455.73,0.24356,0.58531,0.09627,0.19941,0.0109,4,1
1863,2669.2,0.31487,0.37891,0.3324,0.09823,0.00623,2,1
938,2128.85,0.03616,0.40352,0.06908,0.01645,0.03162,11,0
797,1199.07,0.02175,0.4311,0.13525,0.02624,0.02433,8,0
418,421.32,0.13778,0.2368,0.03543,0.18759,0.00696,11,0
1326,1989.43,0.30616,0.44037,0.2792,0.05649,0.02615,0,1
2440,880.72,0.18042,0.27674,0.16918,0.12096,0.02057,15,1
917,1166.53,0.02433,0.27501,0.08815,0.0615,0.01995,18,0
1313,2578.3,0.42261,0.20396,0.10839,0.20401,0.01737,5,1
264,5211.08,0.21771,0.09847,0.00949,0.0186,0.03755,13,0
1422,1749.35,0.43123,0.44776,0.16612,0.10893,0.00597,3,1
487,2727.36,0.10933,0.30404,0.02736,0.07274,0.01019,10,0
2223,609.22,0.20861,0.44164,0.07993,0.14535,0.0033,23,1
1706,2163.94,0.24201,0.2783,0.22081,0.08386,0.03781,19,1
315,1720.92,0.03896,0.06696,0.09452,0.11105,0.01129,2,0
195,4525.41,0.16656,0.14878,0.04311,0.01255,0.0042,19,0
2345,1200.15,0.32755,0.49278,0.09639,0.15007,0.03625,15,1
2243,1501.64,0.11589,0.16648,0.13604,0.18827,0.03843,14,1
2130,3982.45,0.23726,0.47753,0.11616,0.20457,0.03115,23,1
838,1679.95,0.51056,0.40021,0.2938,0.19276,0.02635,0,1
249,783.61,0.04857,0.21584,0.14366,0.00278,0.01195,3,0
619,12200.92,0.18966,0.68458,0.31173,0.11062,0.01269,23,1
1475,801.59,0.20098,0.36675,0.27615,0.10174,0.01719,11,1
1545,1714.74,0.19037,0.5403,0.29938,0.18119,0.02338,21,1
2200,2334.51,0.20568,0.33164,0.13747,0.2307,0.01947,1,1
246,2200.09,0.06118,0.18104,0.03532,0.04571,0.03363,11,0
343,1561.24,0.06599,0.14236,0.16859,0.00561,0.02056,22,0
1628,1567.08,0.02119,0.45698,0.09736,0.01576,0.02845,20,0
1875,1509.21,0.16318,0.32937,0.2754,0.05645,0.01512,22,1
1328,779.45,0.15022,0.17259,0.02383,0.0347,0.01605,8,0
262,9029.09,0.06906,0.05121,0.07777,0.05715,0.03276,13,0
198,1526.22,0.06887,0.31943,0.16796,0.05533,0.02447,4,0
175,2816.47,0.04788,0.13802,0.09277,0.10328,0.01986,1,0
1935,1400.45,0.24998,0.41477,0.2369,0.19533,0.00468,8,1
2221,1379.49,0.05321,0.77155,0.19553,0.09978,0.03699,17,1
1166,1279.16,0.00234,0.16088,0.13388,0.03847,0.02394,19,0
1306,562.93,0.276,0.38589,0.07031,0.19374,0.0243,4,1
2271,1595.71,0.13672,0.63069,0.26667,0.16524,0.01597,1,1
849,1326.48,0.45778,0.22707,0.3773,0.21377,0.02937,22,1
2389,4333.74,0.14417,0.35654,0.26363,0.15431,0.01834,21,1
2084,733.64,0.10679,0.29325,0.18784,0.20977,0.0113,2,1
1603,1167.57,0.45425,0.35466,0.11786,0.20813,0.02626,21,1
1750,917.55,0.32133,0.32231,0.44107,0.10398,0.02541,20,1
1647,5310.49,0.18516,0.34427,0.27589,0.18703,0.00776,2,1
885,937.75,0.01082,0.27755,0.0786,0.07197,0.02312,14,0
634,2744.26,0.03452,0.1997,0.05758,0.01766,0.03665,9,0
2171,3726.27,0.23353,0.62328,0.20211,0.19096,0.01732,9,1
1279,1613.16,0.00996,0.24401,0.1295,0.04993,0.02198,19,0
407,640.94,0.08318,0.07663,0.11605,0.03802,0.00907,9,0
2451,647.05,0.10601,0.27742,0.275,0.17853,0.02925,23,1
181,3430.17,0.00526,0.20084,0.01741,0.02243,0.00988,2,0
1090,699.31,0.01575,0.21598,0.05893,0.01954,0.0257,19,0
407,2415.26,0.16662,0.19938,0.1638,0.03007,0.03454,12,0
1839,1961.18,0.16689,0.24784,0.3374,0.05171,0.01973,3,1
789,2388.43,0.05159,0.19779,0.00581,0.05645,0.01306,0,0
831,2563.76,0.01645,0.08147,0.1368,0.03999,0.03456,7,0
1235,893.63,0.0439,0.25428,0.11981,0.02833,0.00831,18,0
1380,866.01,0.02139,0.17216,0.0287,0.04449,0.01444,8,0
1329,3077.08,0.33785,0.41203,0.29829,0.12261,0.00381,10,1
1795,1122.75,0.06777,0.07949,0.00038,0.01215,0.01854,6,0
1046,228.82,0.21605,0.42873,0.27063,0.2686,0.00481,5,1
355,2928.1,0.13825,0.3092,0.03884,0.03135,0.01515,11,0
91,827.45,0.10992,0.17471,0.01072,0.06799,0.02634,18,0
993,2555.22,0.2957,0.40244,0.1532,0.19071,0.02714,13,1
2022,5116.15,0.23158,0.21957,0.2136,0.11049,0.03572,2,1
1007,1822.77,0.01846,0.22025,0.03032,0.02105,0.0353,15,0
881,3798.52,0.28054,0.85156,0.23161,0.0989,0.03152,14,1
907,2020.08,0.11576,0.23094,0.0199,0.14699,0.01516,3,0
2154,5920.13,0.13438,0.53881,0.31298,0.08126,0.00323,15,1
1063,811.56,0.04245,0.05877,0.07086,0.06626,0.01828,2,0
179,1788.94,0.06728,0.17945,0.11397,0.05535,0.01819,17,0
164,2982.19,0.04254,0.07272,0.08536,0.09112,0.0053,17,0
1315,1560.46,0.2062,0.36144,0.14097,0.19809,0.00247,3,1
1542,4271.44,0.35187,0.38727,0.15538,0.08151,0.01953,23,1
1966,1301.81,0.31226,0.47434,0.0764,0.19684,0.03641,5,1
1938,8497.87,0.1675,0.3818,0.10169,0.22015,0.02269,11,1
2030,8841.31,0.22581,0.26206,0.29112,0.09749,0.01376,9,1
1086,2224.07,0.15965,0.15446,0.01413,0.01067,0.01556,19,0
673,2724.37,0.1443,0.18205,0.04656,0.01455,0.0385,6,0
1210,4399.72,0.03893,0.12858,0.05769,0.11179,0.03983,2,0
1148,738.89,0.00997,0.18259,0.04157,0.03695,0.03843,18,0
2067,672.86,0.19638,0.5902,0.31488,0.25038,0.0381,5,1
405,4618.64,0.12736,0.28857,0.10687,0.00499,0.02548,13,0
1985,2210.63,0.13838,0.35722,0.27737,0.18613,0.01617,22,1
981,1518.78,0.16617,0.70158,0.22943,0.14713,0.00973,2,1
1439,1815.08,0.05287,0.1785,0.02455,0.06875,0.03635,20,0
1664,300.67,0.25409,0.32367,0.28352,0.2145,0.02199,5,1
1302,1560.28,0.19818,0.65841,0.18067,0.19386,0.02917,10,1
1809,1023.27,0.33544,0.6228,0.39038,0.21725,0.01896,11,1
1171,3583.5,0.2789,0.57899,0.11434,0.20283,0.00344,23,1
786,3796.42,0.41934,0.53662,0.28186,0.23638,0.02988,10,1
1725,2774.02,0.21353,0.55528,0.1783,0.0583,0.03021,19,1
1893,2421.48,0.21286,0.36549,0.06321,0.19611,0.03484,0,1
254,585.54,0.06259,0.07415,0.07267,0.03393,0.03567,11,0
259,2803.22,0.04862,0.15455,0.0766,0.01194,0.00871,11,0
1218,2885.9,0.33512,0.64774,0.3382,0.18849,0.03695,5,1
2041,4579.92,0.18726,0.64173,0.36141,0.22872,0.03624,21,1
1704,8814.9,0.31342,0.33171,0.15514,0.1688,0.02507,9,1
1759,505.79,0.04853,0.36966,0.06383,0.02041,0.00409,15,0
1958,1345.05,0.20852,0.25553,0.20265,0.07445,0.03844,13,1
1034,1031.57,0.09187,0.11091,0.03909,0.02005,0.0291,11,0
1247,2048.62,0.04508,0.1725,0.03346,0.04195,0.00651,4,0
649,1818.18,0.16646,0.34817,0.02189,0.03156,0.03169,12,0
235,1510.17,0.01277,0.18439,0.08103,0.00114,0.02137,5,0
765,3890.31,0.01767,0.29113,0.02508,0.07374,0.0356,19,0
1974,787.99,0.37127,0.25013,0.31929,0.21483,0.00785,9,1
1058,824.44,0.20125,0.26001,0.26837,0.2346,0.02151,5,1
1143,834.95,0.23033,0.32904,0.20456,0.26688,0.03542,6,1
105,1373.75,0.02317,0.01423,0.16552,0.02289,0.02634,8,0
1342,716.3,0.02165,0.29587,0.06794,0.10983,0.017,8,0
1627,1735.61,0.04764,0.09209,0.04124,0.04659,0.01178,13,0
1503,1589.9,0.02326,0.08731,0.06212,0.02037,0.02972,21,0
733,997.9,0.02352,0.47923,0.02059,0.06621,0.01693,5,0
1475,3466.38,0.28865,0.40686,0.3215,0.24668,0.02714,15,1
2629,1721.44,0.36503,0.25824,0.10678,0.15361,0.01723,23,1
1283,3993.92,0.15271,0.41132,0.21564,0.04171,0.02035,15,1
588,1555.04,0.02217,0.30295,0.10894,0.07398,0.00594,7,0
662,1767.63,0.08478,0.09143,0.00097,0.0738,0.03498,19,0
1330,1180.22,0.08534,0.22476,0.01892,0.0263,0.03142,11,0
1286,1790.51,0.27169,0.49978,0.21519,0.26388,0.03894,13,1
2028,3070.87,0.16277,0.54413,0.23087,0.23027,0.02282,16,1
1841,1322.19,0.25286,0.51164,0.11043,0.23486,0.03002,11,1
141,2655.4,0.13038,0.17255,0.0847,0.05637,0.00587,23,0
2212,978.46,0.14962,0.25489,0.26893,0.13978,0.01513,5,1
716,3180.62,0.00912,0.07656,0.04356,0.09926,0.00955,13,0
973,1165.16,0.19074,0.2119,0.07279,0.01663,0.01114,23,0
535,3409.43,0.11327,0.12636,0.00308,0.05808,0.0085,4,0
1224,1884.23,0.14902,0.73749,0.20244,0.15642,0.01688,17,1
648,5632.21,0.05119,0.23761,0.0271,0.01399,0.01301,3,0
842,757.48,0.27797,0.5183,0.09515,0.24792,0.02049,16,1
1574,594.91,0.08738,0.33043,0.36331,0.30397,0.03535,18,1
325,1133.86,0.07702,0.20256,0.0779,0.01931,0.00686,8,0
726,637.2,0.14725,0.13612,0.06874,0.05341,0.01075,4,0
412,638.1,0.06993,0.4786,0.01126,0.02172,0.02828,4,0
356,2868.96,0.063,0.19106,0.25943,0.05383,0.00802,20,0
722,1794.37,0.03159,0.08832,0.10973,0.0546,0.01412,16,0
1872,1256.12,0.23198,0.40227,0.17471,0.23359,0.01384,23,1
2251,1346.58,0.24134,0.42185,0.22283,0.10986,0.03892,10,1
736,1150.11,0.00664,0.06498,0.02531,0.05086,0.01645,8,0
948,6206.29,0.12969,0.33416,0.05655,0.05063,0.03734,14,0
2472,1036.82,0.24603,0.47592,0.20383,0.32735,0.01243,22,1
483,667.77,0.20647,0.26167,0.00998,0.00326,0.00714,2,0
2137,3270.11,0.21878,0.46545,0.31367,0.10841,0.02433,11,1
556,1531.07,0.21036,0.29315,0.20939,0.06191,0.03258,20,1
832,8305.08,0.36465,0.42654,0.15693,0.1779,0.02502,3,1
1312,1213.04,0.25812,0.67656,0.30621,0.25058,0.01331,18,1
143,3394.9,0.04418,0.41786,0.04568,0.01797,0.03307,12,0
1707,4052.91,0.33399,0.44063,0.28718,0.15514,0.03411,18,1
2407,1217.48,0.19127,0.3103,0.33079,0.12346,0.01988,14,1
1188,1031.07,0.24716,0.55945,0.34506,0.34313,0.03689,18,1
1753,3138.71,0.09387,0.56643,0.12112,0.12976,0.03706,12,1
1408,2770.3,0.04234,0.13417,0.03002,0.03959,0.0265,5,0
1458,624.9,0.0201,0.12899,0.04916,0.02333,0.01136,18,0
2182,772.18,0.18586,0.65788,0.16276,0.18525,0.03172,0,1
1333,268.6,0.28777,0.48176,0.06734,0.20603,0.03543,16,1
270,2813.21,0.155,0.15142,0.02385,0.01463,0.01431,14,0
2138,1479.07,0.18891,0.37541,0.22433,0.25861,0.00709,18,1
1126,1593.88,0.01174,0.21888,0.0367,0.03429,0.01885,12,0
1630,506.21,0.05892,0.08714,0.08499,0.03338,0.02381,0,0
2370,789.95,0.30586,0.29141,0.19935,0.05983,0.02054,12,1
401,1257.74,0.10963,0.14352,0.0577,0.00725,0.03973,16,0
771,1087.13,0.026,0.13081,0.02656,0.01619,0.03301,10,0
735,1966.32,0.07133,0.38068,0.29948,0.32002,0.03877,20,1
167,2788.18,0.01684,0.23654,0.23744,0.01509,0.00894,14,0
2132,9874.9,0.28649,0.4406,0.07118,0.13358,0.01101,3,1
1668,1773.18,0.04864,0.11031,0.01608,0.03838,0.00268,12,0
1682,4155.11,0.03442,0.03318,0.14467,0.03508,0.031,15,0
2411,965.9,0.17249,0.69056,0.3595,0.0409,0.02875,18,1
1860,512.52,0.25173,0.71965,0.33251,0.05262,0.01655,6,1
1550,1382.04,0.12863,0.40022,0.11245,0.15257,0.01784,20,1
1975,543.08,0.51886,0.70197,0.18231,0.15517,0.01739,19,1
1702,1819.92,0.14983,0.41242,0.16665,0.03863,0.00722,4,1
1184,1002.45,0.23608,0.02249,0.03244,0.0552,0.01963,23,0
444,415.65,0.03968,0.22022,0.01353,0.00328,0.03251,13,0
1610,6618.08,0.14849,0.46829,0.26001,0.1876,0.01831,22,1
1489,1202.76,0.12555,0.11637,0.1196,0.01405,0.01298,12,0
1378,527.07,0.23202,0.45133,0.21736,0.17547,0.02268,6,1
937,3530.42,0.01687,0.10631,0.11619,0.00645,0.01126,14,0
420,1042.19,0.11102,0.20901,0.06295,0.00695,0.00792,11,0
138,4077.2,0.09565,0.06647,0.00543,0.02005,0.02229,4,0
1947,1038.46,0.14203,0.36954,0.17283,0.22447,0.02548,23,1
1892,1199.75,0.30723,0.50686,0.28971,0.17411,0.00545,4,1
1408,2331.26,0.04393,0.30107,0.12501,0.03529,0.01635,7,0
1928,2808.64,0.2005,0.27281,0.23575,0.20132,0.03067,7,1
935,3203.2,0.02843,0.07036,0.07617,0.02726,0.03302,4,0
1898,1682.84,0.24962,0.86066,0.31323,0.2194,0.01334,11,1
1312,2675.8,0.0373,0.1119,0.07796,0.05213,0.02839,0,0
556,3148.76,0.07431,0.17633,0.12642,0.03112,0.03316,7,0
2196,2092.19,0.25156,0.24352,0.36393,0.1886,0.02376,12,1
171,1617.36,0.0104,0.13585,0.02504,0.14924,0.03078,9,0
1801,608.85,0.1693,0.48374,0.40138,0.06262,0.00737,8,1
1697,2821.21,0.11576,0.15106,0.10271,0.05743,0.03,2,0
1549,1857.84,0.1546,0.62076,0.38623,0.20255,0.03046,6,1
2275,1319.92,0.26809,0.40667,0.12142,0.14002,0.02621,12,1
719,4693.18,0.24675,0.35176,0.14156,0.13418,0.01442,21,1
995,616.88,0.04562,0.2294,0.05545,0.02152,0.02275,4,0
1941,6176.88,0.30896,0.59809,0.09484,0.06751,0.009,17,1
2073,1770.18,0.33676,0.53991,0.17088,0.16429,0.02232,19,1
1798,2283.99,0.23833,0.37157,0.3082,0.07607,0.03357,10,1
875,1338.44,0.08526,0.0757,0.04445,0.03431,0.02426,12,0
1800,515.55,0.19684,0.11459,0.30161,0.20174,0.01231,14,1
801,1621.06,0.03032,0.04936,0.15973,0.10142,0.01815,7,0
2219,2313.69,0.19913,0.43399,0.29118,0.09371,0.02316,19,1
285,2989.05,0.04208,0.10365,0.05042,0.1258,0.02498,7,0
517,1551.56,0.06726,0.09995,0.03269,0.01233,0.02301,12,0
451,347.63,0.15722,0.3616,0.24178,0.15591,0.03381,5,1
1397,566.4,0.06935,0.33743,0.24862,0.16918,0.00427,6,1
480,8387.99,0.069,0.14484,0.04678,0.00355,0.02505,9,0
625,793.25,0.07385,0.17898,0.07486,0.00777,0.01947,21,0
1849,5249.19,0.27172,0.33778,0.30018,0.18912,0.00771,20,1
1143,893.35,0.17627,0.54643,0.20028,0.04659,0.0041,1,1
330,1569.79,0.04525,0.25256,0.04832,0.01929,0.0339,11,0
116,2876.84,0.0667,0.06492,0.25618,0.00094,0.0373,19,0
469,973.01,0.03941,0.25641,0.12786,0.00403,0.02405,15,0
2236,5941.42,0.13429,0.49228,0.28283,0.11398,0.03982,16,1
1628,1905.19,0.24666,0.45851,0.26337,0.11095,0.0117,20,1
1984,2543.2,0.25684,0.43844,0.30327,0.2419,0.00481,5,1
735,1472.68,0.18602,0.19347,0.40796,0.14277,0.0339,15,1
1509,2950.06,0.20532,0.33279,0.10657,0.34649,0.01224,16,1
360,5881.91,0.00871,0.15512,0.09025,0.04706,0.02302,1,0
765,1631.21,0.02528,0.18004,0.11825,0.00509,0.0141,18,0
1163,6586.82,0.12595,0.54272,0.39364,0.02565,0.01495,9,1
1469,1137.79,0.02375,0.3877,0.07134,0.05601,0.03593,9,0
713,3192.67,0.3073,0.25851,0.0799,0.05145,0.02076,4,0
1764,2597.69,0.33151,0.51732,0.34429,0.22256,0.00421,17,1
1156,807.63,0.02331,0.1816,0.02347,0.00503,0.02574,8,0
581,2113.07,0.06421,0.24353,0.08503,0.02113,0.03902,15,0
1648,1809.97,0.07243,0.10447,0.09759,0.06847,0.01087,14,0
1134,949.23,0.20434,0.46423,0.33113,0.06446,0.02824,21,1
663,2354.41,0.16415,0.21424,0.2517,0.17063,0.01834,3,1
2134,2008.73,0.18916,0.38053,0.20248,0.07407,0.01269,3,1
1805,1704.63,0.08159,0.37771,0.4864,0.08987,0.03689,9,1
165,1709.76,0.00034,0.04034,0.07419,0.02899,0.00352,6,0
2144,1682.5,0.21414,0.26978,0.07799,0.12778,0.03751,15,1
1709,1366.17,0.08331,0.11316,0.13631,0.00162,0.0052,3,0
1506,1999.03,0.08185,0.21988,0.0095,0.02631,0.02891,11,0
518,1110.55,0.02942,0.24283,0.02612,0.04058,0.00206,10,0
1816,13202.34,0.21959,0.29965,0.39064,0.12234,0.03542,15,1
1431,625.49,0.19774,0.51982,0.21801,0.14328,0.02994,5,1
1146,1160.95,0.01343,0.17809,0.06614,0.00566,0.00361,23,0
1140,1231.8,0.05226,0.32875,0.03785,0.03345,0.02868,6,0
1586,8315.8,0.16172,0.54185,0.21513,0.1193,0.02812,7,1
1607,668.77,0.21829,0.49355,0.29006,0.18415,0.01942,8,1
1267,2477.45,0.0294,0.37439,0.03877,0.02572,0.03622,20,0
1645,2168.6,0.31093,0.44237,0.21013,0.24606,0.03674,11,1
108,2311.71,0.11445,0.10821,0.14263,0.02062,0.02067,9,0
140,4549.62,0.04432,0.07816,0.16642,0.02731,0.00202,14,0
2276,4480.16,0.20433,0.32867,0.26205,0.24429,0.02917,22,1
2197,1283.47,0.26206,0.51304,0.2609,0.08576,0.0248,5,1
1373,2081.94,0.19756,0.67396,0.26212,0.09699,0.02242,20,1
1148,444.73,0.20101,0.50181,0.30917,0.23015,0.01999,14,1
1548,1938.87,0.19913,0.50855,0.32172,0.19523,0.01766,17,1
496,992.32,0.31245,0.66951,0.39644,0.16915,0.01842,7,1
1151,1565.18,0.25413,0.25467,0.26068,0.08146,0.00537,14,1
647,508.52,0.0362,0.18092,0.0533,0.01114,0.00549,18,0
101,2438.64,0.02207,0.09604,0.06091,0.01615,0.00488,9,0
1468,504.27,0.01783,0.12049,0.09518,0.01156,0.0111,10,0
1091,2011.74,0.35052,0.37894,0.18973,0.10301,0.00391,9,1
623,717.42,0.00677,0.04601,0.02679,0.02647,0.03981,15,0
952,951.76,0.06025,0.44515,0.06135,0.03031,0.02925,18,0
80,4279.5,0.01021,0.03848,0.0324,0.03884,0.02116,14,0
831,2797.5,0.00781,0.21396,0.15074,0.02349,0.01341,8,0
973,4261.79,0.00071,0.30328,0.12067,0.00349,0.03573,23,0
1012,5798.4,0.19756,0.35701,0.28428,0.15235,0.01381,22,1
2204,1008.19,0.06873,0.42066,0.20054,0.10094,0.0391,9,1
887,5540.12,0.16447,0.33253,0.12693,0.16167,0.02443,0,1
317,599.69,0.1101,0.04022,0.06678,0.00297,0.01355,4,0
987,3149.87,0.08992,0.10888,0.03671,0.01496,0.00532,19,0
1606,1243.32,0.12032,0.10765,0.12299,0.00955,0.02875,17,0
725,895.89,0.04808,0.29174,0.06619,0.01132,0.00736,18,0
160,2853.76,0.10962,0.10697,0.10733,0.01306,0.01509,22,0
2516,3656.48,0.28378,0.46614,0.12363,0.2017,0.03946,12,1
844,3575.98,0.13484,0.18672,0.06909,0.04,0.0042,6,0
377,2114.74,0.12252,0.18479,0.11123,0.08423,0.00715,21,0
1636,1987.26,0.09312,0.44607,0.28796,0.18002,0.01841,16,1
1177,2672.29,0.14266,0.29051,0.37897,0.19473,0.00473,1,1
2401,2260.55,0.17935,0.48029,0.23144,0.14289,0.02577,2,1
1207,2701.49,0.10963,0.57733,0.32319,0.12,0.03403,11,1
1170,2097.58,0.20203,0.30861,0.15155,0.31136,0.01992,0,1
1014,3386.76,0.08904,0.01578,0.00337,0.1248,0.02328,0,0
1302,531.2,0.08801,0.78811,0.23693,0.21606,0.02178,3,1
1784,1631.23,0.30846,0.46326,0.31441,0.18796,0.01707,5,1
267,637.57,0.05686,0.095,0.12143,0.00682,0.03738,0,0
1942,2215.13,0.27307,0.11784,0.15033,0.0621,0.00476,18,1
2175,6167.13,0.08767,0.6038,0.30614,0.1951,0.03272,3,1
2383,1261.4,0.34282,0.35402,0.31294,0.222,0.03099,9,1
1333,1980.26,0.36858,0.46225,0.28945,0.20333,0.0202,15,1
570,3174.5,0.25631,0.08327,0.09936,0.00749,0.03248,9,0
1023,381.74,0.04454,0.16036,0.09298,0.02096,0.00318,2,0
1670,1216.77,0.26259,0.39426,0.10924,0.10241,0.01403,10,1
2000,2365.94,0.30164,0.60517,0.18572,0.22046,0.03687,14,1
123,204.96,0.08262,0.48704,0.06268,0.08097,0.03327,16,0
489,865.18,0.04564,0.1604,0.09565,0.03632,0.03814,20,0
531,4110.03,0.12374,0.18796,0.15012,0.0095,0.02773,15,0
1102,3819.17,0.20261,0.49787,0.24667,0.10475,0.00706,1,1
1738,2383.39,0.39592,0.28815,0.16618,0.21626,0.03849,20,1
1581,3488.37,0.03074,0.09207,0.07238,0.06351,0.01981,2,0
133,2115.13,0.15187,0.05872,0.10219,0.09007,0.03977,15,0
1838,2730.09,0.19379,0.40939,0.4958,0.26256,0.0262,15,1
1522,1420.55,0.14718,0.27849,0.4,0.15838,0.03205,22,1
1138,1963.34,0.10477,0.12846,0.06174,0.07566,0.01172,18,0
1450,1120.2,0.25112,0.44915,0.2738,0.17383,0.01598,19,1
994,4643.18,0.22556,0.4207,0.49097,0.08064,0.00208,16,1
1492,5634.77,0.2465,0.31182,0.37984,0.06571,0.03148,4,1
726,5066.86,0.36973,0.4704,0.42153,0.08196,0.01597,21,1
968,1325.39,0.02045,0.22136,0.09359,0.04716,0.00446,4,0
1474,880.25,0.31028,0.36179,0.34903,0.1749,0.0048,15,1
1819,4690.4,0.08546,0.45689,0.13849,0.09341,0.01355,1,1
869,2706.66,0.08592,0.62138,0.23522,0.17193,0.03935,12,1
1209,2303.03,0.10184,0.51008,0.13246,0.05935,0.00249,18,1
899,1119.14,0.04835,0.22595,0.06205,0.03022,0.0196,21,0
150,2476.97,0.12013,0.14849,0.10641,0.00271,0.03023,8,0
1328,797.58,0.03599,0.39847,0.03339,0.10909,0.01373,20,0
794,2896.01,0.24784,0.22677,0.14502,0.18873,0.01695,19,1
1573,5062.96,0.3071,0.24225,0.43771,0.18353,0.01493,19,1
2066,6116.99,0.20338,0.6386,0.19548,0.17866,0.00385,17,1
218,3062.34,0.05852,0.10234,0.07716,0.00683,0.00369,14,0
1792,638.44,0.06758,0.23839,0.0619,0.00786,0.03171,20,0
728,2087.12,0.01987,0.64206,0.02849,0.01404,0.03302,4,0
107,8958.01,0.08778,0.07678,0.04627,0.00416,0.01329,11,0
1316,938.31,0.30646,0.21345,0.28196,0.12473,0.0394,20,1
1039,1721.85,0.04111,0.32018,0.09848,0.00101,0.00493,19,0
1709,5196.21,0.2365,0.44745,0.22741,0.17353,0.02723,1,1
1643,2859.47,0.39105,0.50478,0.32964,0.06037,0.01448,22,1
1181,11564.08,0.30153,0.43739,0.16637,0.16993,0.01962,0,1
2153,1038.87,0.30299,0.28808,0.17113,0.21863,0.01619,18,1
716,856.82,0.0659,0.10271,0.0339,0.04633,0.0035,6,0
1727,4508.12,0.10103,0.58585,0.12715,0.19598,0.03438,4,1
352,734.09,0.00489,0.05089,0.2055,0.04989,0.03224,21,0
1616,1553.03,0.17663,0.46053,0.25943,0.19019,0.00429,5,1
938,1713.52,0.12719,0.51467,0.2327,0.1199,0.0277,21,1
1278,3914.86,0.03151,0.13611,0.01419,0.04057,0.01518,12,0
1621,2853.33,0.33568,0.46472,0.23586,0.17431,0.009,5,1
1557,2535.99,0.06867,0.09516,0.07121,0.03996,0.01103,11,0
2460,1331.04,0.18005,0.63575,0.11645,0.22897,0.00551,4,1
290,4477.39,0.0509,0.24272,0.08665,0.0154,0.00764,16,0
1201,36861.02,0.29591,0.41976,0.24332,0.06696,0.01985,6,1
2282,3023.0,0.15796,0.60307,0.30909,0.14311,0.03324,6,1
735,1939.71,0.02153,0.01868,0.0231,0.01673,0.02265,9,0
124,680.04,0.14688,0.15171,0.18443,0.0224,0.02264,17,0
573,1115.92,0.08597,0.32658,0.01734,0.04002,0.03274,18,0
1753,1533.43,0.24685,0.53199,0.18764,0.03762,0.03489,18,1
1274,1205.43,0.22409,0.41057,0.31042,0.08634,0.0258,0,1
211,1778.43,0.07837,0.1712,0.03937,0.02186,0.01948,17,0
1573,6829.82,0.20432,0.35868,0.32795,0.20288,0.01084,12,1
414,4586.7,0.12303,0.09284,0.09792,0.0214,0.00679,14,0
686,1597.86,0.07926,0.2447,0.01004,0.00979,0.02576,10,0
86,727.29,0.18745,0.19299,0.06231,0.02415,0.03518,18,0
1366,4907.73,0.15856,0.42324,0.26653,0.15059,0.03538,21,1
845,1734.98,0.01868,0.04641,0.08608,0.00472,0.01809,20,0
2187,493.08,0.23596,0.40491,0.15005,0.21809,0.00821,21,1
786,3071.33,0.21069,0.46948,0.43497,0.15097,0.0365,1,1
685,3884.72,0.1313,0.33243,0.1424,0.20491,0.02409,1,1
365,291.81,0.04815,0.14042,0.0039,0.03192,0.01597,11,0
759,969.84,0.28987,0.55763,0.37021,0.26861,0.00659,19,1
855,1656.9,0.01808,0.10203,0.07534,0.02002,0.02555,3,0
229,3122.61,0.11441,0.08008,0.03364,0.05821,0.01205,3,0
772,1222.6,0.04239,0.06232,0.00683,0.0516,0.02764,23,0
2003,964.33,0.11619,0.29648,0.37007,0.17119,0.03073,1,1
1625,3105.47,0.22763,0.6106,0.17023,0.25126,0.011,6,1
1999,1266.86,0.32525,0.45331,0.25765,0.06547,0.01404,5,1
1908,2702.91,0.22565,0.38796,0.19325,0.07307,0.01998,2,1
1421,782.04,0.04518,0.10743,0.1117,0.09237,0.02233,13,0
1604,652.81,0.39159,0.45892,0.44996,0.21355,0.02894,16,1
1564,3171.61,0.00208,0.13031,0.01713,0.00579,0.00467,20,0
293,2175.32,0.08122,0.3044,0.1139,0.01626,0.03024,7,0
2025,3595.3,0.22069,0.30141,0.36944,0.25735,0.0369,21,1
1388,1207.25,0.3406,0.18068,0.20697,0.06753,0.02651,2,1
1672,991.49,0.14114,0.46779,0.14966,0.10992,0.01358,0,1
2505,4994.44,0.12757,0.56534,0.38905,0.0787,0.02984,13,1
933,574.4,0.02101,0.31529,0.19796,0.08977,0.01411,10,0
948,4601.5,0.26976,0.47082,0.34285,0.16184,0.00487,3,1
716,4846.06,0.03461,0.0236,0.08862,0.04522,0.01092,7,0
779,3431.01,0.0048,0.22523,0.05144,0.08701,0.0301,3,0
2165,1074.58,0.45805,0.62847,0.59453,0.09551,0.01602,23,1
1919,975.69,0.28742,0.48486,0.38008,0.05964,0.03804,6,1
1730,1537.63,0.05893,0.38241,0.21491,0.19035,0.0325,11,1
1972,681.48,0.20832,0.3812,0.25307,0.29269,0.00864,9,1
1291,875.04,0.14603,0.77971,0.2702,0.1142,0.03317,16,1
787,2919.28,0.05853,0.23577,0.01888,0.06032,0.03899,23,0
2041,2929.4,0.19848,0.30745,0.26158,0.23125,0.03289,15,1
1227,819.23,0.06667,0.12662,0.07777,0.07545,0.03033,2,0
978,2988.82,0.04087,0.05211,0.10259,0.02737,0.00876,17,0
1299,2530.75,0.11725,0.24111,0.05672,0.15023,0.00735,0,1
1398,5585.65,0.19727,0.45719,0.22917,0.12305,0.02009,23,1
1563,2758.37,0.19709,0.3584,0.15223,0.0892,0.01216,17,1
923,3981.75,0.12471,0.14687,0.00736,0.00906,0.01319,11,0
134,2574.34,0.14153,0.19784,0.1011,0.00075,0.0053,16,0
255,3753.67,0.16816,0.16033,0.03442,0.05191,0.01683,18,0
327,685.54,0.04998,0.11086,0.11944,0.00424,0.01266,0,0
1130,1642.93,0.14647,0.43352,0.1701,0.16121,0.03634,2,1
1468,1748.14,0.18876,0.14652,0.28276,0.16773,0.03569,14,1
1462,1499.26,0.11375,0.12076,0.06154,0.02116,0.03426,11,0
616,2511.05,0.2576,0.28844,0.11625,0.05771,0.024,20,1
1432,2896.7,0.03948,0.15235,0.03667,0.02697,0.02223,19,0
1729,2415.68,0.15717,0.5361,0.21612,0.25197,0.00847,1,1
794,1576.3,0.07564,0.28336,0.2044,0.15714,0.00655,8,1
684,1036.64,0.00699,0.37812,0.08612,0.01661,0.01665,17,0
600,4098.73,0.14384,0.29168,0.0044,0.02442,0.01286,8,0
1844,2339.85,0.33346,0.34403,0.33008,0.10293,0.02142,22,1
2455,838.47,0.3423,0.25805,0.34099,0.13629,0.00875,8,1
1489,1556.63,0.0289,0.1267,0.04062,0.01863,0.03032,20,0
1221,486.9,0.258,0.6103,0.37953,0.25793,0.03806,5,1
927,1848.39,0.10965,0.11237,0.07292,0.0043,0.00736,6,0
615,1551.16,0.12528,0.21149,0.08723,0.02935,0.02593,2,0
2132,1169.92,0.20741,0.43273,0.18286,0.04169,0.03022,15,1
625,5907.58,0.18682,0.40085,0.29338,0.15014,0.02043,2,1
701,756.29,0.08758,0.49565,0.23546,0.23949,0.02848,5,1
312,3057.45,0.05116,0.20236,0.05241,0.00301,0.00963,23,0
1220,9279.59,0.26576,0.33773,0.17442,0.1506,0.02653,19,1
595,4037.95,0.0547,0.14055,0.13931,0.01195,0.02916,6,0
419,1757.92,0.04245,0.22747,0.16672,0.01275,0.02965,12,0
727,768.92,0.138,0.13416,0.06837,0.03435,0.01894,2,0
2451,648.07,0.1874,0.39313,0.08597,0.14795,0.01547,14,1
1039,1321.97,0.06274,0.23743,0.03543,0.01169,0.0064,6,0
1495,1075.23,0.16689,0.14784,0.15144,0.03367,0.00738,7,0
1976,1049.3,0.34156,0.21259,0.19669,0.10239,0.03209,14,1
2261,1409.24,0.25547,0.64911,0.20848,0.21091,0.03307,18,1
683,1667.13,0.03397,0.1288,0.02916,0.01752,0.03756,21,0
1589,2590.1,0.04801,0.18658,0.0519,0.00126,0.03164,3,0
1858,711.37,0.079,0.25433,0.35104,0.28177,0.03558,23,1
1879,1079.07,0.18061,0.51974,0.10224,0.17732,0.00769,17,1
683,1596.85,0.1221,0.11827,0.13114,0.03843,0.00668,6,0
472,1554.53,0.13207,0.36373,0.047,0.04173,0.02206,17,0
1413,7135.66,0.21977,0.37079,0.24536,0.09867,0.03787,6,1
1838,2142.5,0.27994,0.33326,0.36183,0.09606,0.03511,3,1
2406,536.65,0.15045,0.68173,0.16212,0.16164,0.00288,2,1
1062,2463.1,0.00066,0.13979,0.03758,0.01935,0.03558,9,0
336,2710.23,0.083,0.37881,0.06281,0.08635,0.00781,22,0
806,1638.76,0.15397,0.27339,0.0287,0.01319,0.03688,19,0
1479,724.51,0.21347,0.46522,0.17166,0.15373,0.02475,5,1
1677,6728.33,0.38151,0.46748,0.04329,0.07499,0.0229,19,1
674,806.84,0.06184,0.39849,0.02114,0.0023,0.01365,8,0
1566,2954.61,0.28514,0.66404,0.17798,0.03484,0.03282,22,1
182,2091.38,0.08482,0.51901,0.06468,0.0491,0.00983,18,0
859,2824.68,0.13522,0.39219,0.1931,0.24611,0.02478,22,1
1584,6474.88,0.23905,0.75234,0.20697,0.22674,0.02667,8,1
495,2742.9,0.06289,0.18536,0.02062,0.01955,0.00919,21,0
2085,1183.87,0.20828,0.41922,0.33099,0.20327,0.02492,11,1
221,4125.89,0.21514,0.18099,0.05277,0.00325,0.02611,16,0
1092,1121.27,0.0562,0.08881,0.02848,0.0234,0.01678,10,0
1133,2034.92,0.44263,0.53699,0.3285,0.17904,0.03019,4,1
1910,682.48,0.18159,0.31239,0.35515,0.19579,0.02549,8,1
1730,829.3,0.19209,0.34464,0.28993,0.22086,0.02628,0,1
1355,1870.73,0.21486,0.34832,0.37756,0.12577,0.01613,22,1
1163,2372.28,0.02394,0.10716,0.11447,0.04348,0.03799,17,0
1510,502.07,0.30377,0.36267,0.30685,0.16249,0.0065,23,1
1274,2613.66,0.20171,0.19365,0.25737,0.26629,0.03588,0,1
398,973.57,0.02664,0.07504,0.24668,0.03837,0.0336,19,0
1329,4699.95,0.33658,0.43802,0.12951,0.09188,0.01086,3,1
495,1382.39,0.05385,0.10315,0.08426,0.04465,0.0022,13,0
878,774.97,0.05487,0.13256,0.0406,0.00895,0.03489,15,0
2036,1905.3,0.08139,0.65625,0.15038,0.18081,0.01018,13,1
439,905.39,0.1805,0.49132,0.00167,0.04024,0.00687,13,0
1173,4662.24,0.25222,0.3409,0.22029,0.13781,0.03143,17,1
1861,1800.72,0.20771,0.43638,0.24946,0.20625,0.02576,15,1
729,1606.45,0.13117,0.14625,0.05172,0.00175,0.02577,16,0
421,2805.66,0.05543,0.28681,0.14741,0.02586,0.01149,16,0
1306,847.11,0.04955,0.03698,0.17342,0.01628,0.03843,11,0
1312,684.49,0.05961,0.14597,0.02055,0.0672,0.03551,21,0
2209,2445.01,0.20524,0.48452,0.21363,0.06323,0.0054,15,1
1387,789.02,0.11535,0.17113,0.02724,0.07415,0.03837,11,0
2118,788.82,0.25663,0.26206,0.20825,0.11519,0.01469,9,1
1227,3371.49,0.15191,0.36032,0.34759,0.0974,0.03863,8,1
875,2668.68,0.20897,0.25085,0.21309,0.12487,0.01838,19,1
1730,702.87,0.15921,0.43922,0.18353,0.1967,0.01883,16,1
535,1131.38,0.1227,0.16275,0.0623,0.01379,0.00936,6,0
580,913.92,0.19203,0.21553,0.07856,0.08915,0.01055,10,0
1742,6821.14,0.16384,0.49846,0.2334,0.13482,0.01086,23,1
1842,3551.23,0.25476,0.55447,0.20272,0.12875,0.02649,0,1
951,1312.79,0.15372,0.5387,0.32447,0.08699,0.02677,19,1
1736,2773.01,0.39556,0.24915,0.35856,0.141,0.01957,5,1
2209,650.93,0.23011,0.30946,0.1171,0.14264,0.01669,15,1
1919,1086.87,0.10824,0.44567,0.335,0.10635,0.02187,14,1
88,1947.28,0.05056,0.18294,0.01962,0.03361,0.01815,7,0
1911,2526.82,0.1868,0.44887,0.20542,0.32019,0.00745,17,1
1203,1673.12,0.29138,0.59517,0.20597,0.17893,0.03896,5,1
2378,2167.98,0.30798,0.36911,0.29064,0.26785,0.02644,12,1
195,1908.92,0.10788,0.24308,0.05289,0.00383,0.00937,3,0
2485,1592.18,0.29348,0.55676,0.41246,0.08972,0.01106,2,1
385,1441.49,0.03136,0.16931,0.06002,0.02989,0.03591,15,0
802,1307.46,0.1883,0.12543,0.00571,0.00663,0.00924,15,0
482,2142.0,0.0104,0.06373,0.12524,0.04229,0.02629,19,0
1854,2449.54,0.39901,0.37025,0.27909,0.1605,0.02498,9,1
756,2088.73,0.11957,0.05937,0.0082,0.03832,0.02139,18,0
1799,743.67,0.28636,0.68877,0.11263,0.1403,0.00591,5,1
527,850.94,0.38544,0.31756,0.34673,0.14905,0.03805,2,1
1370,2427.71,0.38399,0.47981,0.41917,0.10263,0.00495,8,1
2157,5427.84,0.19153,0.544,0.25998,0.088,0.03084,20,1
2061,2017.98,0.16478,0.35063,0.352,0.17173,0.02769,16,1
601,1321.85,0.39327,0.51428,0.1475,0.06977,0.01571,16,1
923,2129.83,0.22587,0.32494,0.52564,0.09429,0.03753,13,1
1122,767.34,0.24995,0.27098,0.43713,0.1534,0.00945,23,1
1187,4804.22,0.17114,0.21923,0.18486,0.0662,0.03146,7,1
1004,2070.38,0.1277,0.14474,0.02797,0.06275,0.03564,15,0
262,1089.47,0.0079,0.09852,0.21222,0.02591,0.01128,20,0
1391,1588.34,0.00926,0.18423,0.10217,0.00972,0.03262,3,0
468,1212.29,0.13647,0.15361,0.11636,0.05318,0.0127,19,0
621,4814.05,0.08661,0.01241,0.00354,0.11301,0.01273,14,0
2371,1546.67,0.21736,0.28071,0.23658,0.10748,0.03215,1,1
1266,2022.45,0.11098,0.17436,0.02727,0.01056,0.01673,7,0
1203,2767.88,0.3336,0.17923,0.17611,0.12023,0.02165,18,1
2413,1032.74,0.19584,0.58857,0.25672,0.12712,0.02168,7,1
1421,2081.46,0.23026,0.42685,0.2583,0.13401,0.0376,13,1
1052,2211.37,0.18601,0.08818,0.06115,0.01744,0.03376,23,0
503,561.15,0.01067,0.18502,0.22606,0.01208,0.01173,1,0
395,2175.61,0.07078,0.02379,0.01679,0.04365,0.00792,9,0
1292,1739.27,0.18289,0.1779,0.19352,0.16206,0.0039,11,1
1048,1984.29,0.04377,0.31425,0.03621,0.01962,0.01833,21,0
1621,1848.75,0.12439,0.37626,0.09782,0.17269,0.03774,0,1
1291,2186.2,0.10018,0.17677,0.2093,0.19397,0.02367,8,1
2304,4907.64,0.18467,0.56528,0.21599,0.22781,0.01748,23,1
1124,743.16,0.01008,0.3549,0.0479,0.00951,0.02658,5,0
200,1392.6,0.06275,0.13941,0.021,0.01584,0.01898,17,0
1990,2967.59,0.41385,0.39967,0.15858,0.1367,0.02149,22,1
1068,2581.79,0.04781,0.21146,0.06705,0.0555,0.0283,21,0
749,2540.45,0.11714,0.18663,0.07738,0.05772,0.03573,12,0
1727,14196.13,0.16329,0.53719,0.18647,0.09054,0.01982,12,1
599,2853.05,0.03609,0.26429,0.05647,0.03122,0.01523,9,0
1519,4203.8,0.37152,0.56244,0.45366,0.18526,0.03728,21,1
1766,1429.73,0.21845,0.50016,0.22759,0.2836,0.03496,11,1
980,854.79,0.22514,0.4676,0.30543,0.11952,0.03355,5,1
570,1421.98,0.12805,0.09671,0.13836,0.02669,0.00903,19,0
765,3070.24,0.07936,0.15769,0.00458,0.05065,0.0324,15,0
1680,2442.22,0.33867,0.58242,0.1542,0.10435,0.0214,4,1
891,2435.68,0.09691,0.11172,0.20343,0.06886,0.0084,2,0
611,1532.7,0.17704,0.15183,0.07648,0.01613,0.03692,8,0
1670,1359.93,0.37276,0.42379,0.15027,0.0535,0.00395,21,1
979,1572.86,0.40596,0.40381,0.05876,0.03036,0.01538,8,1
941,3099.2,0.00484,0.06937,0.01073,0.04634,0.03539,2,0
289,3381.54,0.1024,0.08932,0.03958,0.04376,0.03795,21,0
1635,846.29,0.21685,0.31771,0.21753,0.26922,0.03896,13,1
2207,3188.48,0.22498,0.37208,0.33295,0.15714,0.0145,15,1
2285,1104.89,0.23525,0.72852,0.16238,0.03114,0.02734,13,1
1274,2558.65,0.11635,0.06604,0.18091,0.03269,0.01327,11,0
2049,1558.64,0.32105,0.48428,0.26375,0.06039,0.03009,4,1
193,5824.82,0.10375,0.21038,0.05261,0.05165,0.02539,21,0
864,1315.52,0.06616,0.34494,0.5653,0.11395,0.03187,13,1
1348,2058.02,0.17418,0.40007,0.15849,0.14553,0.02602,16,1
1456,2836.96,0.07546,0.09847,0.05909,0.00453,0.00856,10,0
1082,934.56,0.09223,0.04058,0.04976,0.00226,0.00622,18,0
1548,1704.28,0.10859,0.26697,0.03311,0.02121,0.0186,1,0
549,1473.81,0.04591,0.13725,0.07317,0.09319,0.03253,13,0
657,1224.37,0.28485,0.30258,0.16152,0.07326,0.00837,17,1
598,1294.33,0.28174,0.4312,0.53387,0.20901,0.02434,20,1
1313,4144.56,0.16418,0.35889,0.36588,0.15974,0.0241,7,1
1224,1148.98,0.07747,0.31173,0.03439,0.01341,0.01029,19,0
1439,2752.73,0.11859,0.69239,0.30711,0.17341,0.01261,3,1
1618,2278.99,0.2421,0.4732,0.27386,0.19317,0.02873,5,1
1351,631.32,0.05498,0.11424,0.13457,0.00295,0.03865,2,0
699,2656.91,0.05746,0.066,0.04082,0.01256,0.03305,22,0
490,623.54,0.07734,0.14435,0.06831,0.07471,0.02931,16,0
2152,2883.07,0.25233,0.58692,0.26591,0.05445,0.0234,10,1
1335,1230.47,0.12305,0.35537,0.32871,0.04243,0.005,10,1
629,1811.33,0.32659,0.43207,0.35866,0.14776,0.02254,12,1
518,681.87,0.1229,0.11235,0.05216,0.00054,0.02922,23,0
915,1973.04,0.02613,0.06633,0.03135,0.0154,0.01127,18,0
959,3607.44,0.01409,0.06667,0.10086,0.00507,0.01043,22,0
365,982.71,0.06396,0.07928,0.07816,0.02451,0.02364,22,0
2356,1141.58,0.31849,0.40817,0.1827,0.1401,0.03432,4,1
748,2531.35,0.07539,0.1016,0.04766,0.0042,0.03864,1,0
1179,2579.25,0.22038,0.34898,0.25845,0.31306,0.01039,2,1
952,290.01,0.28096,0.46683,0.31904,0.15199,0.00394,15,1
1952,8160.79,0.34232,0.5381,0.18976,0.11146,0.01886,12,1
853,2675.68,0.10233,0.39405,0.09117,0.14333,0.03204,8,1
1777,3035.8,0.04832,0.09563,0.02919,0.03201,0.02694,4,0
1636,1616.29,0.11413,0.48364,0.33979,0.16996,0.00884,17,1
1584,447.66,0.02966,0.20074,0.02411,0.04192,0.00368,10,0
1211,2985.68,0.22407,0.39713,0.24284,0.17722,0.02654,2,1
569,1178.09,0.38216,0.6397,0.072,0.37709,0.01969,2,1
2320,2706.71,0.36036,0.45221,0.20832,0.20869,0.0068,8,1
2274,1527.58,0.32009,0.58829,0.21168,0.13627,0.01728,10,1
1014,2151.82,0.07857,0.33024,0.06433,0.04244,0.01065,6,0
135,1006.56,0.18565,0.1965,0.03302,0.0025,0.03201,2,0
2223,3442.09,0.29489,0.54464,0.28602,0.06984,0.00222,3,1
756,738.23,0.07922,0.13927,0.02248,0.02294,0.00887,23,0
1870,9698.43,0.22239,0.37193,0.17368,0.12743,0.00535,4,1
1684,9643.15,0.24183,0.6742,0.10034,0.06881,0.01272,3,1
1724,6124.59,0.07437,0.57174,0.17605,0.16385,0.03246,0,1
1496,4685.14,0.32558,0.30295,0.08416,0.11119,0.03703,3,1
1493,1689.4,0.21062,0.33377,0.24767,0.26372,0.01985,20,1
996,4317.59,0.05108,0.09549,0.03897,0.00457,0.0375,3,0
122,1674.73,0.01933,0.30047,0.02073,0.02684,0.01046,2,0
747,561.38,0.06878,0.1179,0.11553,0.01229,0.03487,8,0
1929,5557.72,0.18523,0.20851,0.27256,0.12554,0.02413,0,1
1893,4197.15,0.12747,0.31425,0.1695,0.2693,0.00459,4,1
1558,1758.19,0.28866,0.37899,0.12627,0.03562,0.03536,12,1
1300,718.13,0.22457,0.22239,0.00393,0.03252,0.00302,10,0
499,1159.67,0.23122,0.40559,0.35537,0.10182,0.0153,15,1
1387,459.29,0.20564,0.52115,0.18936,0.05352,0.02596,9,1
1384,3656.83,0.28016,0.58248,0.195,0.20912,0.03143,11,1
2195,540.81,0.21381,0.28553,0.38106,0.15229,0.00504,18,1
615,2232.03,0.03381,0.14965,0.03855,0.01516,0.01202,11,0
475,956.01,0.01224,0.06198,0.01675,0.00512,0.0312,16,0
1296,617.4,0.17424,0.33003,0.32361,0.18252,0.02391,4,1
1005,2152.33,0.33423,0.34267,0.35635,0.10436,0.02326,21,1
1040,1401.35,0.00918,0.22307,0.05077,0.06317,0.02479,16,0
1575,3375.11,0.15822,0.5279,0.10378,0.19824,0.00835,22,1
1457,695.64,0.06926,0.24285,0.02385,0.01497,0.02065,22,0
1751,1020.0,0.08012,0.07928,0.1708,0.00374,0.0061,6,0
206,300.31,0.01591,0.25786,0.04604,0.00345,0.03729,14,0
505,349.77,0.15619,0.28211,0.06262,0.04022,0.03382,5,0
932,6933.96,0.2008,0.40562,0.34133,0.19443,0.00368,0,1
649,8589.03,0.07762,0.26623,0.20216,0.07182,0.02574,19,1
1502,1929.64,0.02659,0.04698,0.03049,0.03883,0.00587,15,0
910,970.36,0.2635,0.30213,0.32778,0.10817,0.03714,8,1
131,1439.0,0.11007,0.1246,0.13211,0.00946,0.02317,7,0
2384,3465.88,0.23622,0.43154,0.12667,0.17201,0.01458,19,1
2604,1223.84,0.3169,0.20477,0.28013,0.04777,0.01762,4,1
469,2151.17,0.09964,0.23336,0.08176,0.01326,0.00841,23,0
652,1782.86,0.09009,0.18551,0.02171,0.00925,0.02022,2,0
945,1174.89,0.09816,0.07487,0.07019,0.1274,0.03914,10,0
984,1213.06,0.07994,0.20009,0.05305,0.12239,0.03655,15,0
2659,2242.92,0.24298,0.39042,0.1813,0.16017,0.02772,20,1
775,865.13,0.00283,0.06312,0.02497,0.03285,0.03126,11,0
100,2525.87,0.22425,0.0942,0.0227,0.00363,0.02081,9,0
807,1263.77,0.03518,0.11638,0.05024,0.01147,0.00272,4,0
1269,1980.43,0.26999,0.27823,0.30414,0.178,0.00686,12,1
1118,5082.27,0.13703,0.33913,0.1003,0.14054,0.03066,17,1
961,1586.68,0.06696,0.11074,0.05039,0.06038,0.03008,18,0
1766,3588.16,0.14936,0.54309,0.29524,0.15337,0.01488,1,1
1468,469.43,0.07152,0.083,0.00729,0.02434,0.02616,20,0
701,1264.93,0.35308,0.46842,0.22843,0.23527,0.01182,1,1
691,1837.77,0.07376,0.18641,0.07178,0.02961,0.00306,0,0
1359,7616.25,0.21986,0.37832,0.33218,0.18952,0.02763,23,1
1613,413.88,0.08027,0.27461,0.26826,0.09423,0.02291,1,1
1038,1674.69,0.44078,0.43114,0.16572,0.10448,0.03132,3,1
368,5367.18,0.11871,0.03402,0.0894,0.02983,0.00274,17,0
977,999.02,0.30182,0.50152,0.05709,0.04811,0.0298,20,1
2228,1534.43,0.22261,0.43058,0.15943,0.12752,0.03442,9,1
2405,2308.48,0.55913,0.26016,0.242,0.07038,0.0103,14,1
2050,2067.14,0.30721,0.52286,0.19968,0.19982,0.01078,15,1
758,5824.74,0.09017,0.39247,0.44053,0.18885,0.01869,8,1
315,2519.71,0.02788,0.15019,0.09803,0.00942,0.01681,8,0
354,4872.54,0.00373,0.30054,0.11391,0.07115,0.02356,17,0
1015,1374.07,0.23036,0.59591,0.30432,0.08362,0.00377,21,1
970,1032.92,0.04269,0.15311,0.03916,0.14585,0.02844,22,0
1962,1519.67,0.30164,0.50967,0.20777,0.11274,0.02041,13,1
2413,754.62,0.27849,0.38747,0.19655,0.14428,0.03871,5,1
84,2586.8,0.05922,0.17249,0.01528,0.05647,0.01586,10,0
1297,1347.67,0.01275,0.28739,0.0136,0.01412,0.03866,16,0
1457,1087.57,0.42895,0.15755,0.23371,0.1655,0.01985,21,1
533,2616.35,0.22305,0.6237,0.23064,0.21681,0.01936,7,1
1716,763.38,0.28228,0.44424,0.22885,0.03818,0.02689,1,1
138,3208.05,0.04931,0.03656,0.18571,0.01493,0.01352,14,0
654,1257.38,0.02215,0.25754,0.01384,0.0608,0.02143,16,0
1303,4293.53,0.34279,0.55201,0.16513,0.17343,0.02153,11,1
547,1340.76,0.09049,0.05142,0.11962,0.0312,0.03496,5,0
1594,2891.34,0.22209,0.89161,0.10036,0.13528,0.0341,6,1
871,2059.49,0.03626,0.10671,0.0364,0.00758,0.01524,4,0
1454,3144.68,0.02494,0.2122,0.0363,0.01069,0.01047,14,0
392,1954.72,0.26111,0.15028,0.03306,0.00967,0.02613,11,0
178,516.97,0.2279,0.11729,0.08142,0.03424,0.02426,21,0
1250,3835.81,0.17919,0.36552,0.16847,0.14412,0.03801,20,1
521,1685.44,0.01029,0.01165,0.02731,0.03903,0.01482,2,0
1977,3254.13,0.15786,0.38833,0.29221,0.21082,0.0375,10,1
240,3020.65,0.02626,0.29962,0.08203,0.00237,0.01678,2,0
1378,1007.84,0.29107,0.6936,0.12096,0.17216,0.00321,0,1
2666,906.37,0.17682,0.12534,0.14689,0.10606,0.01404,0,1
240,2942.63,0.06413,0.02547,0.02839,0.04197,0.02578,11,0
599,1433.83,0.04399,0.02212,0.07021,0.05262,0.01046,16,0
1532,3633.18,0.02252,0.13163,0.02178,0.00557,0.00689,9,0
1752,1574.81,0.2464,0.48269,0.21748,0.17938,0.03657,4,1
522,3878.09,0.41173,0.32787,0.19058,0.21509,0.01739,14,1
446,2472.59,0.17697,0.29593,0.1044,0.01474,0.0138,12,0
1395,2233.94,0.09541,0.22359,0.05026,0.0096,0.01527,11,0
2072,1359.72,0.28058,0.35863,0.2004,0.08448,0.01997,1,1
700,2142.79,0.01238,0.38145,0.01382,0.02739,0.02723,8,0
1251,4403.62,0.18417,0.48167,0.1,0.20175,0.0166,7,1
1426,1728.28,0.03161,0.10597,0.12026,0.03531,0.00377,22,0
384,2680.94,0.08215,0.3169,0.17738,0.06827,0.01426,3,0
434,1863.69,0.07025,0.17059,0.09488,0.04498,0.02442,15,0
1979,1976.33,0.16746,0.35147,0.26657,0.19253,0.00888,21,1
401,6555.76,0.05421,0.24837,0.03935,0.0102,0.03485,16,0
1964,4433.03,0.20413,0.35129,0.25742,0.13761,0.0158,23,1
934,1910.45,0.06143,0.11084,0.04298,0.06919,0.01969,5,0
2424,2114.1,0.23202,0.58934,0.22348,0.20356,0.02994,18,1
136,1063.31,0.06645,0.15111,0.04873,0.03024,0.01229,11,0
2322,1581.0,0.18464,0.55987,0.28877,0.16427,0.03641,12,1
467,2270.13,0.06127,0.23165,0.07858,0.01386,0.02862,6,0
869,3406.71,0.16994,0.13948,0.12568,0.11295,0.03272,1,1
1977,3157.25,0.18106,0.48786,0.12056,0.08431,0.02101,13,1
1409,783.36,0.1495,0.31052,0.31578,0.18527,0.01641,4,1
1861,3745.38,0.10566,0.29277,0.13817,0.18389,0.00695,2,1
266,1684.06,0.01981,0.01189,0.0567,0.01815,0.00336,8,0
218,858.6,0.03265,0.02463,0.01455,0.05167,0.00558,22,0
1055,4904.12,0.02442,0.41781,0.08888,0.02837,0.02021,14,0
1814,5393.78,0.25554,0.23213,0.24112,0.13861,0.02897,3,1
1328,2193.72,0.25796,0.44943,0.30599,0.13119,0.03699,14,1
1451,3062.96,0.22483,0.23461,0.07708,0.01254,0.03988,7,0
2276,3200.71,0.21628,0.61121,0.0716,0.16622,0.02075,23,1
1753,5127.49,0.12004,0.58902,0.3541,0.17344,0.01165,3,1
1619,3107.56,0.22153,0.66064,0.13843,0.13843,0.02018,13,1
1281,664.99,0.10897,0.11394,0.00206,0.04691,0.03823,7,0
984,8126.6,0.07725,0.05522,0.01385,0.05979,0.02357,0,0
1239,4002.94,0.06285,0.10897,0.02841,0.02133,0.02946,2,0
1055,1228.32,0.16028,0.03606,0.00462,0.02059,0.0031,6,0
983,831.58,0.04636,0.02215,0.09087,0.00485,0.00339,21,0
1080,2628.46,0.26263,0.61194,0.24473,0.04634,0.03478,14,1
1202,1460.96,0.03963,0.07307,0.06932,0.03651,0.02318,8,0
2125,2305.47,0.13584,0.36174,0.18428,0.05459,0.00839,13,1
2327,3143.52,0.23249,0.54207,0.13333,0.15637,0.01444,13,1
1300,1176.98,0.21798,0.302,0.31653,0.22231,0.02834,20,1
252,779.35,0.03719,0.28815,0.10144,0.02844,0.00362,14,0
1828,2404.04,0.22712,0.42916,0.14953,0.07429,0.01625,5,1
623,1206.53,0.09297,0.20943,0.12974,0.08722,0.00833,4,0
126,2008.44,0.03651,0.11839,0.0405,0.0239,0.00257,8,0
913,657.24,0.12334,0.52484,0.35841,0.11576,0.01537,23,1
1497,1489.81,0.19747,0.58358,0.22655,0.06987,0.00652,6,1
2220,3077.14,0.16093,0.49643,0.05391,0.11399,0.01377,21,1
1094,2835.55,0.07992,0.37303,0.19318,0.31099,0.00651,22,1
1125,996.52,0.32112,0.37507,0.12159,0.16189,0.01858,4,1
232,749.45,0.05509,0.20362,0.06608,0.01876,0.00912,10,0
1931,1821.41,0.37279,0.96512,0.28353,0.18295,0.01478,22,1
175,2741.65,0.08263,0.09746,0.03333,0.02612,0.03374,3,0
1776,2439.19,0.1659,0.39324,0.27141,0.16207,0.0122,22,1
1484,1225.89,0.06774,0.08793,0.00773,0.00359,0.01982,19,0
2129,2250.51,0.20782,0.58318,0.3387,0.21942,0.02017,14,1
568,5554.19,0.02585,0.35934,0.09316,0.03047,0.01937,22,0
358,2099.39,0.21676,0.38629,0.11989,0.08216,0.01282,2,0
1040,528.84,0.07258,0.25856,0.1794,0.18169,0.03739,9,1
2353,2096.33,0.40434,0.5354,0.27957,0.09226,0.01723,0,1
725,8337.42,0.55141,0.29481,0.21626,0.12677,0.01339,7,1
1606,685.4,0.04651,0.20932,0.06197,0.00824,0.00269,13,0
345,1840.58,0.08531,0.0712,0.07426,0.07648,0.02775,13,0
164,1518.97,0.2097,0.26398,0.03673,0.04096,0.00738,13,0
457,1934.21,0.17221,0.20252,0.07134,0.02294,0.01814,0,0
2183,2082.31,0.27908,0.8906,0.07561,0.26108,0.01322,21,1
1748,4232.38,0.36717,0.33929,0.23646,0.06827,0.00737,23,1
883,1918.17,0.34271,0.16546,0.34517,0.1285,0.0174,17,1
1671,4691.4,0.12502,0.3597,0.28476,0.13496,0.02993,16,1
1690,1647.97,0.21834,0.42541,0.08472,0.0532,0.01143,9,1
1433,1384.29,0.09211,0.53446,0.27827,0.18196,0.02889,22,1
964,1089.7,0.24528,0.31481,0.03191,0.0279,0.00969,17,0
254,460.69,0.0154,0.11643,0.04594,0.03477,0.01018,14,0
629,2213.61,0.26912,0.2255,0.11366,0.17789,0.03973,17,1
1093,8400.46,0.09566,0.44575,0.29005,0.08848,0.01969,23,1
627,2538.22,0.24949,0.52811,0.25356,0.1151,0.03306,8,1
1353,3012.73,0.33163,0.37578,0.20732,0.04024,0.00826,2,1
281,1320.5,0.25196,0.09768,0.00706,0.03574,0.02279,12,0
1962,1498.61,0.26447,0.26546,0.47898,0.07423,0.02409,4,1
257,3766.96,0.02409,0.36402,0.03845,0.04417,0.02913,14,0
239,8119.81,0.0729,0.19785,0.08508,0.01523,0.03167,21,0
1875,5494.5,0.09313,0.41249,0.31048,0.08193,0.01228,5,1
459,3292.74,0.019,0.24133,0.06569,0.13744,0.02594,9,0
684,1848.08,0.04205,0.12848,0.03161,0.012,0.02834,6,0
1339,2106.6,0.34152,0.4182,0.20582,0.15017,0.02817,23,1
452,1022.91,0.16143,0.12359,0.17898,0.0021,0.0104,11,0
2183,607.54,0.30672,0.31376,0.31289,0.15433,0.03204,1,1
1628,773.13,0.08591,0.27413,0.34255,0.18785,0.02722,20,1
490,1868.5,0.03783,0.2771,0.01032,0.0986,0.00357,8,0
1742,1445.99,0.20398,0.34201,0.0557,0.10993,0.02412,17,1
1950,597.92,0.18514,0.4785,0.22723,0.15445,0.0031,16,1
1380,1750.31,0.48027,0.41804,0.21213,0.15845,0.00355,4,1
1074,1417.6,0.04211,0.096,0.02215,0.01846,0.00624,17,0
2120,746.88,0.18813,0.34691,0.27738,0.16871,0.02908,0,1
1401,1363.63,0.23381,0.55416,0.17375,0.17394,0.01843,4,1
742,1414.92,0.11879,0.27092,0.12638,0.00482,0.02721,22,0
1007,1133.5,0.01233,0.31472,0.04615,0.03375,0.03972,6,0
2136,3606.69,0.16238,0.42823,0.25995,0.05587,0.03756,7,1
1686,431.97,0.13943,0.61915,0.12215,0.21738,0.03244,11,1
209,405.93,0.03526,0.19245,0.05828,0.06713,0.01335,12,0
869,1804.44,0.05255,0.39823,0.05955,0.03148,0.03136,8,0
1352,1934.56,0.06427,0.1329,0.01691,0.01877,0.01604,0,0
465,2437.44,0.10022,0.2424,0.00269,0.01261,0.00882,6,0
2282,1201.48,0.42322,0.56718,0.41032,0.1909,0.02977,9,1
1866,904.24,0.19436,0.35832,0.13628,0.2422,0.03368,21,1
2336,1790.15,0.19012,0.73555,0.25136,0.11413,0.03042,6,1
220,1292.53,0.10485,0.31303,0.14193,0.01987,0.01618,9,0
1077,5760.88,0.02323,0.08619,0.0256,0.02943,0.0287,23,0
1111,1411.45,0.12611,0.16347,0.26939,0.24285,0.00759,9,1
1158,1729.61,0.06193,0.26114,0.05608,0.06991,0.02705,8,0
2339,11523.06,0.07669,0.47117,0.41238,0.1509,0.00751,2,1
687,1555.37,0.08825,0.17899,0.13052,0.01599,0.00405,4,0
998,2731.65,0.28194,0.1599,0.022,0.02913,0.0029,12,0
1882,2922.73,0.17089,0.33395,0.34462,0.12971,0.03886,16,1
1614,3115.34,0.34507,0.45242,0.09382,0.0798,0.00269,2,1
1980,2236.48,0.22708,0.40082,0.24413,0.19883,0.01762,9,1
1111,2081.66,0.25858,0.2858,0.10396,0.08597,0.03098,0,1
2467,1940.68,0.33122,0.35446,0.31026,0.13687,0.02282,18,1
96,1168.58,0.03203,0.32449,0.01343,0.01733,0.00554,22,0
927,2297.74,0.05211,0.26173,0.08534,0.04743,0.00606,0,0
1127,8242.23,0.05481,0.14308,0.15488,0.05257,0.00769,4,0
976,4462.9,0.3424,0.53329,0.13466,0.1386,0.00976,9,1
855,2260.81,0.00298,0.06221,0.07533,0.00392,0.03444,16,0
1543,3420.06,0.17484,0.57513,0.18851,0.05605,0.02335,0,1
1125,937.92,0.05091,0.10593,0.16063,0.03227,0.01394,10,0
284,1480.53,0.01009,0.20562,0.03769,0.07457,0.01658,0,0
557,3664.43,0.13753,0.079,0.13522,0.05042,0.02562,18,0
500,5491.28,0.04149,0.0526,0.02145,0.04533,0.03489,7,0
1835,1009.68,0.41602,0.35716,0.20347,0.02781,0.01925,13,1
645,1252.44,0.14606,0.18059,0.0818,0.11055,0.0292,3,0
1192,9242.56,0.21003,0.32432,0.20838,0.1255,0.03439,5,1
1337,1934.76,0.28736,0.18563,0.04605,0.00303,0.01545,12,0
1776,7066.1,0.22959,0.41427,0.12443,0.15846,0.01982,4,1
396,2102.08,0.02437,0.23257,0.02682,0.03456,0.02956,23,0
1634,2165.0,0.1989,0.23981,0.02255,0.01728,0.03313,3,0
365,1431.42,0.11319,0.35546,0.03215,0.03001,0.01542,21,0
117,3649.91,0.08805,0.37387,0.01561,0.03128,0.03234,15,0
599,4983.44,0.24184,0.44564,0.28046,0.22376,0.03177,11,1
425,828.23,0.16968,0.23276,0.07717,0.05628,0.00839,19,0
1581,1381.89,0.12055,0.06843,0.03298,0.05739,0.02638,10,0
437,3575.47,0.04815,0.14345,0.01367,0.00464,0.03884,2,0
1272,1633.34,0.24728,0.21632,0.00747,0.05591,0.01345,21,0
1280,1243.27,0.38013,0.59447,0.42329,0.08245,0.02004,7,1
148,3837.97,0.05965,0.05723,0.11576,0.07907,0.0134,14,0
1190,4118.04,0.3437,0.56244,0.15846,0.07495,0.02895,9,1
128,1284.74,0.09214,0.06294,0.02002,0.02214,0.0035,18,0
899,2110.79,0.14426,0.28822,0.03685,0.01608,0.03623,21,0
1413,727.19,0.06406,0.30793,0.0875,0.13763,0.02323,12,1
1203,919.59,0.47177,0.43255,0.40944,0.22484,0.01678,10,1
746,1975.68,0.23205,0.44114,0.48907,0.21374,0.01158,5,1
2067,1842.9,0.16865,0.43898,0.10479,0.09549,0.02551,15,1
1665,871.65,0.32171,0.33624,0.34578,0.09172,0.0152,8,1
518,1052.12,0.05477,0.12434,0.25498,0.00043,0.03568,21,0
827,809.78,0.09826,0.29641,0.0284,0.02541,0.02905,22,0
266,2532.18,0.02108,0.09314,0.02038,0.03385,0.01445,19,0
2479,411.5,0.26677,0.45708,0.1947,0.14144,0.03951,12,1
2237,842.91,0.31548,0.28849,0.25189,0.18861,0.03705,5,1
575,445.12,0.14718,0.24504,0.0319,0.0457,0.01203,8,0
1998,2464.66,0.09822,0.57879,0.24011,0.16719,0.00827,0,1
1594,465.68,0.246,0.54717,0.21505,0.11923,0.02203,0,1
1969,1843.35,0.19294,0.49836,0.15735,0.2021,0.02491,4,1
172,6156.02,0.0593,0.2905,0.05111,0.09584,0.01697,9,0
2346,6314.59,0.10784,0.50605,0.24321,0.38712,0.02207,16,1
1724,464.57,0.083,0.20007,0.03368,0.04954,0.01424,7,0
1755,2251.49,0.03677,0.18071,0.11642,0.08008,0.02194,12,0
2267,857.32,0.14798,0.70464,0.29237,0.2028,0.03276,9,1
2473,735.6,0.16277,0.29858,0.31173,0.24588,0.00429,18,1
1351,1653.15,0.00966,0.15759,0.08821,0.05137,0.02095,11,0
465,4522.23,0.46159,0.45468,0.22936,0.05115,0.00609,14,1
880,2822.24,0.12779,0.06348,0.05053,0.00335,0.02322,15,0
501,1052.78,0.06407,0.11168,0.10174,0.02098,0.01174,6,0
1276,3054.34,0.23661,0.62466,0.11167,0.20689,0.0361,22,1
1508,334.54,0.03532,0.16709,0.01601,0.01114,0.03659,7,0
1477,1023.35,0.00947,0.17536,0.04431,0.02531,0.01492,13,0
1767,970.32,0.14692,0.2113,0.11923,0.07225,0.01972,15,1
1455,1908.9,0.16334,0.58634,0.1108,0.09219,0.01329,21,1
421,1545.99,0.19457,0.38072,0.30349,0.12264,0.00677,4,1
461,1618.8,0.18002,0.01987,0.01401,0.03574,0.01092,23,0
2306,1578.93,0.30951,0.24362,0.19904,0.08888,0.03653,2,1
856,1830.51,0.03094,0.21239,0.08601,0.08747,0.02336,1,0
1318,2699.01,0.16026,0.35001,0.23725,0.045,0.03254,3,1
1455,2013.32,0.32676,0.64467,0.21553,0.04192,0.00611,1,1
427,1454.3,0.07585,0.01447,0.05737,0.03429,0.03005,18,0
2308,2432.93,0.2367,0.53061,0.16562,0.14441,0.01691,22,1
1872,3344.71,0.14402,0.50836,0.17239,0.10153,0.02089,12,1
1256,1186.21,0.06043,0.10912,0.03694,0.00434,0.03403,1,0
687,1721.57,0.04197,0.13171,0.03171,0.01205,0.00404,4,0
1801,4302.59,0.1585,0.51087,0.37102,0.10878,0.0209,4,1
1871,787.19,0.2013,0.41004,0.26332,0.21719,0.03254,12,1
1982,6967.9,0.24594,0.27683,0.28809,0.06807,0.00698,3,1
930,659.3,0.04589,0.21498,0.08112,0.03552,0.0271,18,0
982,1389.25,0.11799,0.29792,0.15468,0.21307,0.03704,13,1
1671,882.62,0.213,0.43705,0.27269,0.2835,0.01348,17,1
1254,9288.08,0.26963,0.53291,0.23813,0.11085,0.00347,12,1
1131,1234.02,0.18857,0.08861,0.03865,0.00391,0.03865,12,0
158,1236.34,0.04004,0.08419,0.11479,0.02236,0.00862,2,0
407,1363.05,0.19659,0.15414,0.04484,0.02166,0.02766,11,0
2195,1933.8,0.14852,0.40209,0.30215,0.13588,0.02778,14,1
1585,1406.99,0.15489,0.23635,0.16692,0.29012,0.03404,8,1
824,1629.25,0.11337,0.0602,0.01757,0.0653,0.02658,0,0
1384,127.57,0.31888,0.42843,0.08867,0.24091,0.01512,14,1
833,1878.84,0.13606,0.16745,0.01533,0.03456,0.00746,20,0
1807,1824.2,0.07142,0.24645,0.14279,0.04494,0.02793,1,1
1237,3922.44,0.40943,0.48566,0.34556,0.11797,0.02613,5,1
1384,4804.64,0.01746,0.17497,0.16181,0.0891,0.01186,14,0
440,1563.62,0.06607,0.18008,0.07481,0.0354,0.01134,5,0
1529,3319.98,0.4325,0.43323,0.25107,0.11666,0.03153,22,1
1214,787.9,0.1241,0.42301,0.05557,0.10035,0.03973,16,1
1881,3200.46,0.36706,0.54381,0.2497,0.2495,0.03765,1,1
479,1171.67,0.12326,0.0415,0.17664,0.01502,0.03418,12,0
1090,740.27,0.09495,0.19773,0.05922,0.00363,0.00717,21,0
494,1566.11,0.20615,0.47072,0.20683,0.14528,0.03056,15,1
209,5145.59,0.10241,0.25991,0.16952,0.00903,0.02254,13,0
1880,2061.72,0.24321,0.27801,0.09574,0.03931,0.0222,3,1
1316,5529.81,0.09854,0.28194,0.10391,0.00888,0.00644,8,0
727,1026.58,0.09935,0.18094,0.07227,0.00147,0.00761,8,0
1990,3949.84,0.26807,0.55864,0.12583,0.12563,0.01097,4,1
734,1103.7,0.12196,0.1113,0.0765,0.04885,0.00663,7,0
1337,2131.41,0.0975,0.82056,0.21184,0.0988,0.01711,18,1
821,2117.63,0.0719,0.08399,0.10258,0.0416,0.03891,23,0
616,2956.2,0.09957,0.22875,0.03821,0.07238,0.03969,19,0
2172,2172.42,0.20684,0.42116,0.07312,0.13967,0.035,18,1
1278,1033.96,0.15645,0.39388,0.08662,0.10503,0.02479,20,1
631,3483.43,0.06429,0.04658,0.07332,0.04244,0.02662,22,0
1248,6596.43,0.25636,0.23328,0.12344,0.15746,0.03938,10,1
1918,1161.76,0.07769,0.86244,0.24136,0.14923,0.02364,14,1
1164,454.46,0.10096,0.5728,0.19078,0.30582,0.00214,7,1
2400,2617.65,0.06541,0.26281,0.28289,0.13206,0.02466,16,1
877,1404.11,0.03191,0.28677,0.0034,0.01376,0.00221,10,0
1216,1631.43,0.11359,0.24513,0.06512,0.01791,0.03265,5,0
2148,2731.69,0.19197,0.1882,0.13581,0.07437,0.03343,10,1
1598,1278.25,0.12096,0.24701,0.17725,0.22935,0.0217,2,1
423,1471.3,0.28038,0.32868,0.04624,0.05635,0.00885,21,0
2188,1669.79,0.21984,0.31652,0.32208,0.14518,0.02037,13,1
91,5420.03,0.08557,0.11097,0.08613,0.01528,0.03329,3,0
1345,1841.06,0.26793,0.12521,0.30374,0.10107,0.0295,17,1
2310,712.5,0.12655,0.46134,0.18952,0.13977,0.01104,0,1
1365,734.09,0.17111,0.49284,0.19772,0.03681,0.00556,15,1
1358,1998.12,0.2412,0.31214,0.32615,0.11522,0.03096,19,1
983,771.6,0.05134,0.26482,0.09534,0.07678,0.02142,21,0
449,557.7,0.06224,0.33453,0.02311,0.09697,0.01169,1,0
897,2899.21,0.18546,0.52477,0.14378,0.1515,0.02804,8,1
1734,3007.65,0.22209,0.36734,0.09347,0.2008,0.01881,13,1
259,1365.72,0.01983,0.2404,0.08165,0.12368,0.0335,4,0
793,2243.49,0.09876,0.06977,0.27186,0.02296,0.01651,0,0
1126,2072.75,0.18881,0.45828,0.37325,0.27847,0.03651,3,1
2323,2828.09,0.21158,0.31348,0.22001,0.10106,0.03044,4,1
574,2833.04,0.33317,0.3261,0.06841,0.17126,0.03586,0,1
2076,254.98,0.20101,0.44022,0.22424,0.20004,0.0261,6,1
785,1502.92,0.05968,0.30054,0.04257,0.02974,0.03752,13,0
1370,2654.39,0.24704,0.57025,0.23555,0.09172,0.03506,5,1
1037,1323.06,0.01549,0.06283,0.09543,0.00677,0.00231,7,0
595,1849.54,0.07116,0.10834,0.03584,0.01811,0.03942,4,0
2520,3160.76,0.30259,0.6412,0.12152,0.13141,0.01512,10,1
466,1912.63,0.01558,0.16477,0.04524,0.00277,0.02682,3,0
142,5577.42,0.02518,0.15394,0.04106,0.02061,0.02257,9,0
1701,4191.36,0.10442,0.325,0.5056,0.10126,0.02236,5,1
1487,1646.85,0.16761,0.22016,0.32486,0.12635,0.01551,12,1
1611,1551.55,0.06313,0.0775,0.00485,0.04741,0.01438,8,0
867,212.26,0.00281,0.17275,0.1194,0.08179,0.01543,10,0
108,1409.04,0.17045,0.32313,0.01688,0.05283,0.0276,8,0
114,652.36,0.02647,0.27591,0.10316,0.00804,0.03582,18,0
825,2124.87,0.08209,0.15295,0.03364,0.00465,0.01912,9,0
509,2018.67,0.13313,0.10832,0.00753,0.08846,0.03443,9,0
2469,3033.38,0.09167,0.6303,0.21981,0.08973,0.00705,18,1
283,5130.94,0.03213,0.25799,0.01989,0.0385,0.03499,23,0
2315,1764.88,0.44863,0.45381,0.26901,0.25397,0.00852,2,1
573,9955.24,0.39313,0.44418,0.27047,0.19979,0.03118,11,1
1044,2142.83,0.30454,0.45866,0.0999,0.21511,0.0223,14,1
552,673.76,0.04604,0.23224,0.01343,0.03004,0.00442,6,0
327,1180.85,0.03426,0.04675,0.13368,0.04224,0.03032,9,0
770,1361.01,0.04443,0.18,0.01628,0.15246,0.03806,19,0
648,2806.34,0.07029,0.31321,0.08561,0.00633,0.0323,4,0
1097,884.57,0.1656,0.23786,0.463,0.18388,0.01248,8,1
1003,1439.51,0.06564,0.38432,0.04875,0.02058,0.03349,1,0
81,1595.21,0.04515,0.17273,0.00928,0.01312,0.03865,11,0
294,1286.21,0.07468,0.16595,0.02605,0.00912,0.02471,4,0
358,3308.01,0.01181,0.28063,0.00657,0.05175,0.03216,6,0
1095,2911.82,0.36096,0.4928,0.402,0.03934,0.02839,4,1
240,4317.65,0.12148,0.05171,0.04529,0.05445,0.00504,19,0
1029,1404.27,0.33309,0.37754,0.27287,0.07748,0.00623,7,1
1164,4435.69,0.21467,0.40168,0.33928,0.13755,0.01951,13,1
611,647.13,0.01395,0.08548,0.169,0.03271,0.0135,13,0
815,635.4,0.20789,0.36327,0.25441,0.16777,0.0397,7,1
1350,724.29,0.39813,0.38263,0.08853,0.06525,0.006,16,1
1886,1812.48,0.3981,0.53725,0.24517,0.23216,0.03751,17,1
649,4435.19,0.05586,0.04241,0.03163,0.02688,0.02659,8,0
1062,1145.89,0.41339,0.34097,0.06475,0.09583,0.03552,4,1
1591,1258.94,0.10236,0.55113,0.26518,0.22618,0.00383,6,1
121,1530.77,0.0654,0.13688,0.03587,0.01361,0.01418,9,0
1799,2766.02,0.23162,0.42569,0.30848,0.19416,0.01186,7,1
1935,1258.06,0.21064,0.24228,0.14391,0.08926,0.03738,7,1
764,1206.5,0.06378,0.20104,0.05856,0.01256,0.0397,2,0
266,656.22,0.2299,0.10237,0.1652,0.02016,0.03003,18,0
1296,1172.33,0.0678,0.15671,0.0281,0.01349,0.02318,17,0
298,4353.08,0.02964,0.04131,0.01953,0.05106,0.0075,17,0
1181,1927.03,0.2719,0.44291,0.30767,0.09936,0.02833,1,1
332,1033.44,0.00248,0.08596,0.05811,0.05751,0.02695,18,0
1907,4548.94,0.11412,0.59277,0.37247,0.24095,0.03829,10,1
2578,1160.53,0.09595,0.28877,0.41582,0.15568,0.0099,1,1
1159,5221.34,0.08139,0.4522,0.22414,0.1432,0.02968,3,1
1901,5157.71,0.25409,0.4638,0.34597,0.05405,0.01098,15,1
1190,1877.23,0.03085,0.14396,0.04679,0.08622,0.0394,21,0
1812,585.01,0.33421,0.44574,0.46365,0.08041,0.03782,5,1
1442,10023.3,0.09414,0.58324,0.20651,0.09026,0.01542,10,1
2139,2406.67,0.40436,0.46694,0.22179,0.08528,0.01816,23,1
2028,1411.81,0.23329,0.41205,0.34794,0.03257,0.02119,6,1
232,3687.26,0.12107,0.1085,0.01288,0.02211,0.00795,12,0
754,3048.09,0.10906,0.16968,0.08253,0.02136,0.01337,18,0
1915,4811.41,0.27512,0.48347,0.29774,0.22368,0.02768,21,1
1526,1095.3,0.20089,0.39388,0.34128,0.16803,0.01801,21,1
430,2285.63,0.07784,0.32527,0.03808,0.01434,0.02674,13,0
1815,739.62,0.12823,0.36263,0.19504,0.15831,0.03144,7,1
1151,2966.96,0.02702,0.10746,0.00318,0.0972,0.01291,7,0
1047,1769.29,0.16474,0.27662,0.02879,0.01614,0.03059,15,0
802,2222.3,0.1643,0.15958,0.12334,0.11215,0.03064,21,0
984,1612.88,0.18806,0.52316,0.0639,0.13379,0.00966,22,1
740,1491.15,0.09807,0.14677,0.13089,0.05688,0.00289,11,0
1535,938.58,0.32416,0.39182,0.04837,0.18151,0.03473,16,1
2054,3256.36,0.14496,0.5381,0.18398,0.09503,0.03408,0,1
1423,5501.74,0.18742,0.59462,0.29893,0.20929,0.00375,15,1
336,1185.64,0.00705,0.50092,0.24568,0.00522,0.01083,9,0
815,2726.29,0.03292,0.10621,0.06094,0.01196,0.01618,19,0
2238,2489.11,0.19959,0.7474,0.16099,0.16438,0.03736,22,1
1621,1810.97,0.2784,0.29865,0.31092,0.07772,0.00355,17,1
954,572.83,0.20303,0.38332,0.37686,0.26774,0.039,0,1
1227,678.13,0.10465,0.10947,0.14069,0.00866,0.0124,19,0
1195,1002.05,0.03549,0.04048,0.14993,0.00228,0.01854,3,0
594,361.87,0.00198,0.1595,0.03192,0.07787,0.00211,8,0
2459,5174.85,0.11788,0.45445,0.09363,0.15589,0.00691,3,1
1099,2371.6,0.04925,0.22523,0.03968,0.00752,0.00997,15,0
179,1760.0,0.0303,0.10287,0.02867,0.0049,0.03932,14,0
781,348.23,0.0205,0.19035,0.11654,0.00096,0.03937,0,0
1667,458.35,0.07639,0.12516,0.00171,0.00913,0.01174,19,0
756,1796.84,0.11636,0.16847,0.09831,0.01324,0.03539,18,0
1278,7890.46,0.30818,0.26552,0.18965,0.09497,0.0061,0,1
1133,1065.88,0.0363,0.12017,0.10858,0.06502,0.01794,12,0
1291,3440.56,0.05579,0.1914,0.00463,0.06522,0.02177,19,0
1580,1255.91,0.01694,0.19538,0.11468,0.03724,0.00775,23,0
647,1876.14,0.1595,0.5054,0.3177,0.10313,0.02519,3,1
1293,4476.31,0.16448,0.48434,0.09291,0.28832,0.02043,8,1
997,1388.64,0.06308,0.38227,0.1011,0.0024,0.03981,8,0
342,1072.73,0.4012,0.1754,0.01863,0.06521,0.01121,11,0
1532,5213.96,0.15064,0.30553,0.44828,0.26892,0.03809,17,1
283,1862.57,0.05002,0.10275,0.03566,0.03584,0.01683,20,0
864,4080.38,0.02347,0.09055,0.04754,0.0164,0.03783,22,0
648,1076.65,0.04125,0.1175,0.03445,0.0423,0.02234,3,0
1157,5169.58,0.16904,0.36163,0.25768,0.09167,0.0196,23,1
1731,2210.03,0.2158,0.14561,0.28243,0.359,0.00412,19,1
706,2493.97,0.3267,0.68091,0.14794,0.14656,0.0297,5,1
519,1986.77,0.17235,0.39532,0.07135,0.05578,0.00822,1,0
2078,1232.05,0.15276,0.52539,0.07868,0.07797,0.03061,23,1
1873,1797.73,0.27225,0.21196,0.20817,0.09434,0.02557,9,1
139,1291.55,0.29027,0.16093,0.04293,0.02091,0.03442,19,0
557,3696.72,0.06159,0.44469,0.0545,0.0404,0.01981,17,0
1299,1545.73,0.08551,0.30041,0.01505,0.00643,0.02527,11,0
1418,585.91,0.01049,0.44229,0.01572,0.02694,0.01832,6,0
1798,510.8,0.01323,0.08633,0.04926,0.12537,0.02269,15,0
1034,493.0,0.11984,0.13744,0.03835,0.0102,0.01711,15,0
92,2861.27,0.1408,0.04638,0.11058,0.04769,0.02954,14,0
1582,758.93,0.02486,0.1209,0.09746,0.00572,0.02335,15,0
600,2254.33,0.05919,0.65606,0.40258,0.11387,0.01016,21,1
287,1994.15,0.07658,0.37988,0.21002,0.03356,0.03787,6,0
1239,1714.73,0.12405,0.10421,0.0101,0.04705,0.01485,9,0
1118,2500.75,0.07175,0.10849,0.03116,0.03034,0.02726,6,0
183,2026.91,0.11087,0.10638,0.08738,0.03645,0.01847,20,0
371,235.86,0.04852,0.21597,0.06455,0.01529,0.03913,19,0
1094,1412.09,0.03865,0.15479,0.01963,0.03885,0.02567,18,0
519,2475.92,0.02409,0.031,0.17105,0.05071,0.01673,16,0
2129,6159.52,0.20299,0.509,0.17993,0.2075,0.02285,3,1
1660,6376.57,0.21543,0.18817,0.09726,0.10817,0.03847,22,1
1091,647.54,0.01527,0.36815,0.05973,0.01706,0.02787,11,0
896,1384.71,0.06687,0.30166,0.05691,0.07325,0.01752,20,0
708,556.1,0.07612,0.06759,0.01951,0.02135,0.01594,19,0
668,5627.7,0.09052,0.3572,0.06113,0.05126,0.01001,10,0
1860,3847.52,0.19895,0.62296,0.19576,0.07035,0.01704,23,1
964,2341.35,0.13045,0.41894,0.0681,0.03686,0.03887,18,0
1282,2038.79,0.2627,0.43748,0.35649,0.09623,0.02966,1,1
1740,5069.59,0.19768,0.29782,0.26184,0.12015,0.02819,16,1
833,4465.05,0.1436,0.57938,0.25717,0.24217,0.02323,23,1
1821,4290.14,0.1687,0.52799,0.30728,0.07432,0.03324,15,1
1694,2535.26,0.09817,0.53008,0.08333,0.1104,0.03974,20,1
1899,1385.23,0.17072,0.52903,0.24028,0.18231,0.03681,22,1
2060,3199.93,0.21095,0.27396,0.19426,0.34547,0.00893,16,1
2075,3319.51,0.20989,0.40454,0.18213,0.12703,0.02992,7,1
1226,1560.19,0.03593,0.04844,0.16563,0.00606,0.02241,8,0
1433,1383.13,0.09272,0.05079,0.07842,0.01238,0.02448,19,0
891,4211.3,0.08486,0.09253,0.12127,0.01046,0.02277,21,0
1650,6270.61,0.13554,0.28391,0.29347,0.12038,0.03674,12,1
633,1026.07,0.07587,0.11785,0.15423,0.00693,0.02257,6,0
1517,1477.36,0.28282,0.26036,0.34327,0.08403,0.00556,2,1
227,2341.96,0.12072,0.07646,0.04861,0.19697,0.0327,2,0
2062,2592.79,0.22493,0.4843,0.24748,0.07829,0.01517,7,1
919,1216.54,0.27082,0.6022,0.20163,0.20919,0.00401,0,1
1209,7392.21,0.03608,0.14395,0.14663,0.0033,0.01807,20,0
99,2470.35,0.0454,0.09985,0.22993,0.04202,0.03306,9,0
576,2681.36,0.31229,0.58059,0.22205,0.27877,0.02135,10,1
2336,6732.52,0.61173,0.2068,0.2529,0.20454,0.00396,14,1
1995,1285.3,0.37213,0.2907,0.19219,0.18066,0.038,17,1
1134,1684.49,0.15787,0.38994,0.10985,0.07446,0.03288,5,1
305,703.14,0.06622,0.08783,0.1485,0.06846,0.01234,1,0
1714,1581.74,0.21176,0.43694,0.25787,0.11225,0.02931,1,1
1945,589.25,0.10268,0.33664,0.43594,0.09385,0.03874,8,1
1112,3154.01,0.29376,0.62023,0.29713,0.17494,0.00921,0,1
1221,2466.46,0.01026,0.12332,0.01403,0.01646,0.0371,17,0
567,1462.26,0.04296,0.21707,0.05157,0.05471,0.00916,17,0
1726,1669.41,0.17151,0.43014,0.27443,0.18115,0.01106,17,1
1001,3186.38,0.23976,0.31841,0.10912,0.07319,0.01918,9,1
295,767.93,0.01963,0.06848,0.06247,0.04447,0.00249,10,0
1454,2097.85,0.22747,0.4101,0.14368,0.21153,0.0208,15,1
1484,3041.71,0.14621,0.46028,0.32284,0.12683,0.01384,11,1
2325,472.88,0.19106,0.58304,0.22166,0.21979,0.00452,7,1
116,3008.65,0.14889,0.11172,0.08637,0.02296,0.02039,6,0
2090,512.86,0.21362,0.55705,0.40054,0.11284,0.02186,3,1
1905,1648.05,0.42175,0.56876,0.20587,0.06427,0.03319,3,1
1585,752.2,0.07247,0.05749,0.01086,0.0181,0.03987,2,0
1907,5265.74,0.13986,0.47486,0.0468,0.0817,0.03651,0,1
344,755.74,0.04262,0.30549,0.04149,0.00349,0.00888,0,0
241,522.12,0.02722,0.22357,0.11354,0.00866,0.0347,19,0
1984,1989.34,0.22926,0.21961,0.16314,0.0522,0.03025,10,1
566,1319.84,0.14014,0.30931,0.10979,0.19972,0.03324,1,1
334,582.36,0.09994,0.10537,0.02946,0.02387,0.0118,2,0
885,2670.19,0.08957,0.17017,0.01624,0.06739,0.02979,15,0
1651,404.2,0.02795,0.24411,0.09824,0.01405,0.02798,22,0
1448,827.46,0.13525,0.18884,0.07412,0.15892,0.02115,4,0
970,1169.26,0.13137,0.0955,0.07252,0.03288,0.03365,8,0
714,3285.29,0.24547,0.55993,0.1579,0.05598,0.01255,15,1
658,4755.91,0.29947,0.06373,0.12378,0.06095,0.01725,21,0
1817,4115.97,0.22227,0.6177,0.2763,0.10643,0.01721,23,1
350,1604.53,0.01346,0.11482,0.11855,0.01621,0.02367,1,0
1791,291.51,0.21687,0.42611,0.18963,0.1739,0.00314,20,1
100,2413.13,0.04559,0.13173,0.07682,0.02286,0.01992,2,0
1524,5423.37,0.34732,0.33563,0.4587,0.19876,0.00556,9,1
1349,4540.92,0.0801,0.2111,0.1934,0.14938,0.00593,11,1
1812,2547.21,0.17542,0.36793,0.23428,0.06971,0.0311,2,1
2536,737.61,0.16582,0.39118,0.32686,0.19209,0.01446,19,1
331,1213.86,0.03118,0.17097,0.07243,0.00887,0.0086,1,0
1780,7676.38,0.38989,0.37122,0.16738,0.08945,0.03191,17,1
1850,622.03,0.10818,0.2095,0.2704,0.1313,0.00831,14,1
2163,761.02,0.23958,0.42343,0.3441,0.1718,0.0166,5,1
2416,3649.9,0.33212,0.61558,0.30805,0.05956,0.03027,16,1
253,1302.67,0.13092,0.40449,0.11236,0.00909,0.03927,9,0
2205,741.91,0.20589,0.54767,0.34775,0.08863,0.02896,11,1
1975,5661.93,0.1741,0.45684,0.32075,0.39065,0.02813,14,1
274,2543.6,0.05465,0.06644,0.06255,0.00378,0.01092,10,0
522,1351.8,0.00974,0.28991,0.05475,0.07102,0.02774,7,0
2457,762.2,0.32823,0.41252,0.17554,0.16234,0.03841,0,1
1013,8359.02,0.01646,0.01251,0.10212,0.06017,0.00405,3,0
1282,1767.29,0.17899,0.26237,0.19191,0.03119,0.01552,12,1
1024,5133.47,0.22655,0.81855,0.32579,0.22082,0.01101,10,1
2107,3518.42,0.36034,0.47434,0.28759,0.2174,0.00672,5,1
567,1217.88,0.16139,0.00843,0.02549,0.08021,0.01408,11,0
1028,1225.17,0.18405,0.75497,0.15142,0.15601,0.02444,21,1
1685,5325.59,0.22001,0.41608,0.21655,0.15606,0.01602,5,1
2149,5390.7,0.2966,0.49471,0.28815,0.10203,0.02856,8,1
934,440.48,0.06383,0.53327,0.16993,0.15037,0.0249,8,1
519,2718.61,0.09007,0.12537,0.03038,0.04055,0.00647,15,0
886,1643.58,0.02056,0.1106,0.07037,0.06333,0.0083,3,0
423,829.27,0.01691,0.18754,0.01758,0.08736,0.00816,19,0
1199,2190.43,0.15401,0.10765,0.14284,0.00608,0.0241,12,0
1397,654.16,0.26027,0.46884,0.09659,0.06574,0.0382,0,1
300,1268.64,0.14619,0.06559,0.14979,0.03141,0.02265,19,0
529,988.99,0.00887,0.4161,0.08879,0.05557,0.03237,5,0
1954,1237.31,0.23697,0.60331,0.14539,0.09562,0.02203,5,1
1963,1706.04,0.33379,0.73127,0.36311,0.15849,0.02089,0,1
949,840.39,0.06706,0.08975,0.01237,0.02924,0.03359,21,0
768,5857.2,0.09524,0.15159,0.09761,0.01996,0.01157,21,0
1489,2605.82,0.01175,0.47311,0.06842,0.00509,0.00766,2,0
881,6915.11,0.2201,0.36073,0.06948,0.20675,0.00602,19,1
1638,1596.36,0.1271,0.28244,0.13864,0.0758,0.0255,23,1
1908,1192.67,0.35733,0.36172,0.16875,0.08062,0.01037,23,1
1946,6730.16,0.14078,0.36252,0.09442,0.20017,0.0057,23,1
454,1166.77,0.04271,0.35878,0.07506,0.08266,0.03638,13,0
1990,1574.7,0.39732,0.25938,0.30955,0.05832,0.00227,13,1
1132,3088.92,0.13652,0.23941,0.06587,0.01478,0.02789,3,0
1585,711.41,0.0486,0.07632,0.00996,0.03214,0.03125,16,0
379,3068.71,0.08213,0.14812,0.02233,0.00157,0.02373,8,0
1249,2787.92,0.19167,0.49673,0.19174,0.15483,0.03834,18,1
1970,4663.57,0.45374,0.25552,0.40298,0.18961,0.03542,11,1
931,3508.96,0.08151,0.42581,0.30198,0.22343,0.0349,4,1
2215,4772.02,0.17194,0.39045,0.39412,0.18319,0.0355,11,1
685,1656.94,0.21917,0.58784,0.38292,0.16953,0.02706,7,1
1442,942.5,0.17088,0.36647,0.20111,0.12937,0.00598,0,1
1122,8760.7,0.09868,0.32107,0.05114,0.05649,0.01302,7,0
411,572.79,0.20018,0.13302,0.03549,0.04307,0.03315,19,0
194,617.49,0.05281,0.41809,0.02863,0.09006,0.02437,7,0
1709,2750.09,0.06809,0.44189,0.26333,0.15404,0.00989,15,1
1187,6089.26,0.23998,0.41087,0.18579,0.17722,0.03485,7,1
1255,2074.98,0.25787,0.8501,0.06513,0.11084,0.02622,5,1
184,3808.61,0.11695,0.19397,0.09025,0.06913,0.00957,16,0
2632,402.9,0.40253,0.68309,0.30912,0.11393,0.03111,8,1
1515,1237.54,0.18111,0.34737,0.31847,0.19467,0.00773,9,1
2496,441.46,0.32453,0.55843,0.25612,0.24411,0.01638,11,1
355,3231.98,0.01765,0.22323,0.15534,0.0053,0.02212,7,0
433,564.04,0.12768,0.2953,0.11074,0.04954,0.01796,16,0
1129,690.34,0.03026,0.13963,0.13169,0.03687,0.03677,17,0
1619,2646.68,0.14426,0.51565,0.339,0.21416,0.00777,2,1
1600,3991.45,0.13814,0.36287,0.13955,0.21232,0.02328,19,1
1903,1597.69,0.28909,0.4566,0.22473,0.05264,0.01107,17,1
2270,2760.51,0.2515,0.47891,0.18564,0.28457,0.01171,3,1
634,2694.27,0.23779,0.39047,0.30578,0.20244,0.03577,2,1
1431,1531.45,0.25743,0.33226,0.22301,0.19209,0.02293,11,1
2252,791.96,0.3303,0.3614,0.15014,0.24555,0.01449,20,1
1024,2749.6,0.05139,0.09583,0.22874,0.01742,0.0304,7,0
1819,2850.83,0.16717,0.59502,0.2604,0.20799,0.03476,11,1
1214,3519.45,0.33713,0.23142,0.15522,0.19947,0.02711,13,1
165,2274.67,0.08758,0.37418,0.05223,0.04995,0.00301,6,0
1436,749.32,0.25155,0.24063,0.29686,0.11786,0.01882,10,1
2006,3020.86,0.19214,0.62346,0.32383,0.17513,0.02784,4,1
1647,1798.14,0.14441,0.67325,0.26393,0.10141,0.03012,13,1
888,1253.24,0.30974,0.81762,0.22416,0.22674,0.03986,7,1
1037,1443.12,0.42822,0.40882,0.32912,0.10892,0.00544,18,1
2182,1072.61,0.355,0.35145,0.21626,0.13514,0.02992,8,1
1764,3505.8,0.01372,0.30603,0.00401,0.01985,0.02377,9,0
2247,621.39,0.23227,0.43975,0.34988,0.12547,0.00377,11,1
248,854.42,0.25361,0.05862,0.03786,0.03038,0.00724,11,0
